-- --------------------------------------------------------
-- Host:                         127.0.0.1
-- Versión del servidor:         10.6.7-MariaDB - mariadb.org binary distribution
-- SO del servidor:              Win64
-- HeidiSQL Versión:             11.3.0.6295
-- --------------------------------------------------------

/*!40101 SET @OLD_CHARACTER_SET_CLIENT=@@CHARACTER_SET_CLIENT */;
/*!40101 SET NAMES utf8 */;
/*!50503 SET NAMES utf8mb4 */;
/*!40014 SET @OLD_FOREIGN_KEY_CHECKS=@@FOREIGN_KEY_CHECKS, FOREIGN_KEY_CHECKS=0 */;
/*!40101 SET @OLD_SQL_MODE=@@SQL_MODE, SQL_MODE='NO_AUTO_VALUE_ON_ZERO' */;
/*!40111 SET @OLD_SQL_NOTES=@@SQL_NOTES, SQL_NOTES=0 */;


-- Volcando estructura de base de datos para horus_t
CREATE DATABASE IF NOT EXISTS `horus_t` /*!40100 DEFAULT CHARACTER SET utf8mb4 */;
USE `horus_t`;

-- Volcando estructura para tabla horus_t.assettradeorder
CREATE TABLE IF NOT EXISTS `assettradeorder` (
  `botArenaId` varchar(50) NOT NULL,
  `traderId` varchar(50) NOT NULL,
  `queueId` bigint(20) NOT NULL,
  `assetId` varchar(50) DEFAULT NULL,
  `tradeOp` int(11) DEFAULT NULL,
  `quantity` decimal(20,10) DEFAULT NULL,
  `targetQuote` decimal(20,10) DEFAULT NULL,
  `status` int(11) DEFAULT NULL,
  `done` int(11) DEFAULT NULL,
  `statusChangeBeat` int(11) DEFAULT NULL,
  `statusChangeTime` int(11) DEFAULT NULL,
  `queueBeat` int(11) DEFAULT NULL,
  `parentQueueId` int(11) DEFAULT NULL,
  `notified` int(11) DEFAULT NULL,
  `doneBeat` int(11) DEFAULT NULL,
  `doneTime` int(11) DEFAULT NULL,
  `doneQuote` decimal(20,10) DEFAULT NULL,
  PRIMARY KEY (`botArenaId`,`traderId`,`queueId`)
) ENGINE=InnoDB DEFAULT CHARSET=utf8mb4;

-- Volcando datos para la tabla horus_t.assettradeorder: ~10 rows (aproximadamente)
/*!40000 ALTER TABLE `assettradeorder` DISABLE KEYS */;
INSERT INTO `assettradeorder` (`botArenaId`, `traderId`, `queueId`, `assetId`, `tradeOp`, `quantity`, `targetQuote`, `status`, `done`, `statusChangeBeat`, `statusChangeTime`, `queueBeat`, `parentQueueId`, `notified`, `doneBeat`, `doneTime`, `doneQuote`) VALUES
	('mathArena', 'botMath1', 1, 'CC1', 1, 10.0000000000, 55.0000000000, 1, 0, 994, 1663806739, 1, NULL, 0, NULL, NULL, NULL),
	('mathArena', 'botMath1', 2, 'CC2', 1, 10.0000000000, 50.0000000000, 3, 1, 2, 0, 1, NULL, 0, NULL, NULL, NULL),
	('mathArena', 'botMath1', 3, 'CC3', 1, 10.0000000000, 45.0000000000, 4, 0, 3, 0, 1, NULL, 0, NULL, NULL, NULL),
	('mathArena', 'botMath1', 4, 'CC4', 1, 10.0000000000, 45.0000000000, 4, 0, 0, 1662662189, 1, NULL, 0, NULL, NULL, NULL),
	('mathArena', 'botMath2', 0, 'CC5', 2, 244.8162328334, 61.3317173711, 3, 1, 976, NULL, 976, NULL, 0, 978, 1663804927, 61.1598101632),
	('mathArena', 'botMath2', 1, 'CC5', 1, 244.8162328334, 66.4743424374, 3, 0, 976, NULL, 976, NULL, 0, NULL, NULL, NULL),
	('mathArena', 'botMath2', 2, 'CC4', 2, 146.7201277188, 102.3035846095, 3, 1, 986, NULL, 986, NULL, 0, 988, 1663805795, 101.9706651115),
	('mathArena', 'botMath2', 3, 'CC4', 1, 146.7201277188, 106.6398425190, 3, 0, 986, NULL, 986, NULL, 0, NULL, NULL, NULL),
	('mathArena', 'botMath2', 4, 'CC4', 2, 1.0164198935, 101.4374085575, 3, 1, 995, NULL, 995, NULL, 0, 997, 1663855713, 101.2116438246),
	('mathArena', 'botMath2', 5, 'CC4', 1, 1.0164198935, 106.5120698036, 3, 0, 995, NULL, 995, NULL, 0, NULL, NULL, NULL);
/*!40000 ALTER TABLE `assettradeorder` ENABLE KEYS */;

-- Volcando estructura para tabla horus_t.assettype
CREATE TABLE IF NOT EXISTS `assettype` (
  `assetTypeId` int(11) NOT NULL,
  `assetTitle` varchar(50) DEFAULT NULL,
  PRIMARY KEY (`assetTypeId`) USING HASH
) ENGINE=InnoDB DEFAULT CHARSET=utf8mb4;

-- Volcando datos para la tabla horus_t.assettype: ~2 rows (aproximadamente)
/*!40000 ALTER TABLE `assettype` DISABLE KEYS */;
INSERT INTO `assettype` (`assetTypeId`, `assetTitle`) VALUES
	(1, 'CryptoCurrency'),
	(2, 'Currency');
/*!40000 ALTER TABLE `assettype` ENABLE KEYS */;

-- Volcando estructura para tabla horus_t.botarena
CREATE TABLE IF NOT EXISTS `botarena` (
  `botArenaId` varchar(50) NOT NULL,
  `marketId` varchar(50) DEFAULT NULL,
  `botArenaTitle` varchar(50) DEFAULT NULL,
  PRIMARY KEY (`botArenaId`) USING HASH,
  KEY `Índice 2` (`marketId`) USING HASH
) ENGINE=InnoDB DEFAULT CHARSET=utf8mb4;

-- Volcando datos para la tabla horus_t.botarena: ~15 rows (aproximadamente)
/*!40000 ALTER TABLE `botarena` DISABLE KEYS */;
INSERT INTO `botarena` (`botArenaId`, `marketId`, `botArenaTitle`) VALUES
	('cryptosLiveArena', 'cryptosLiveArenaMarket', 'Cryptos'),
	('cryptosTestArena', 'cryptosTestArenaMarket', 'Cryptos Test'),
	('mathArena', 'mathArenaMarket', 'Mercado de Prueba'),
	('mervalAccionesGeneralLiveArena', 'mervalAccionesGeneralLiveArenaMarket', 'Merval Acciones Generales'),
	('mervalAccionesGeneralTestArena', 'mervalAccionesGeneralTestArenaMarket', 'Merval Acciones Generales Test'),
	('mervalAccionesLideresLiveArena', 'mervalAccionesLideresLiveArenaMarket', 'Merval Acciones Líderes'),
	('mervalAccionesLideresTestArena', 'mervalAccionesLideresTestArenaMarket', 'Merval Acciones Líderes Test'),
	('mervalCedearsLiveArena', 'mervalCedearsLiveArenaMarket', 'Merval Cedears'),
	('mervalCedearsTestArena', 'mervalCedearsTestArenaMarket', 'Merval Cedears Test'),
	('nasdaq100LiveArena', 'nasdaq100LiveArenaMarket', 'Nasdaq 100'),
	('nasdaq100TestArena', 'nasdaq100TestArenaMarket', 'Nasdaq 100 Test'),
	('snP100LiveArena', 'snP100LiveArenaMarket', 'S&P 100'),
	('snP100TestArena', 'snP100TestArenaMarket', 'S&P 100 Test'),
	('yfForexUsdLiveArena', 'yfForexUsdLiveArenaMarket', 'Forex USD'),
	('yfForexUsdTestArena', 'yfForexUsdTestArenaMarket', 'Forex USD Test');
/*!40000 ALTER TABLE `botarena` ENABLE KEYS */;

-- Volcando estructura para tabla horus_t.divideandscalemarkettrader
CREATE TABLE IF NOT EXISTS `divideandscalemarkettrader` (
  `botArenaId` varchar(50) NOT NULL,
  `traderId` varchar(50) NOT NULL,
  `waitBeats` int(11) DEFAULT NULL,
  `phase` int(11) DEFAULT NULL,
  `startBeat` int(11) DEFAULT NULL,
  `maxAssetPercentage` decimal(20,6) DEFAULT NULL,
  `waitBeatsForAssetRepeat` int(11) DEFAULT NULL,
  `buyCicleCut` decimal(20,6) DEFAULT NULL,
  `sellCicleCut` decimal(20,6) DEFAULT NULL,
  `maxBuySuggestions` int(11) DEFAULT NULL,
  `buyLimitFactor` decimal(20,6) DEFAULT NULL,
  PRIMARY KEY (`botArenaId`,`traderId`) USING HASH
) ENGINE=InnoDB DEFAULT CHARSET=utf8mb4;

-- Volcando datos para la tabla horus_t.divideandscalemarkettrader: ~38 rows (aproximadamente)
/*!40000 ALTER TABLE `divideandscalemarkettrader` DISABLE KEYS */;
INSERT INTO `divideandscalemarkettrader` (`botArenaId`, `traderId`, `waitBeats`, `phase`, `startBeat`, `maxAssetPercentage`, `waitBeatsForAssetRepeat`, `buyCicleCut`, `sellCicleCut`, `maxBuySuggestions`, `buyLimitFactor`) VALUES
	('cryptosLiveArena', 'botLive1', 25, 1, 3, 0.150000, 0, 0.850000, 0.850000, 1, 1.001000),
	('cryptosLiveArena', 'botLive2', 25, 1, 3, 0.150000, 0, 0.850000, 0.850000, 1, 1.001000),
	('cryptosLiveArena', 'botLive3', 25, 1, 3, 0.150000, 0, 0.850000, 0.850000, 1, 1.001000),
	('cryptosTestArena', 'botTest1', 25, 1, -1, 0.150000, 0, 0.850000, 0.850000, 1, 1.001000),
	('cryptosTestArena', 'botTest2', 25, 1, -1, 0.150000, 0, 0.850000, 0.850000, 1, 1.001000),
	('mathArena', 'botMath1', 25, 1, 994, 0.150000, 0, 0.850000, 0.850000, 1, 1.001000),
	('mathArena', 'botMath2', 25, 2, 732, 0.150000, 0, 0.850000, 0.850000, 1, 1.001000),
	('mathArena', 'botMath3', 25, 1, -1, 0.150000, 0, 0.850000, 0.850000, 1, 1.001000),
	('mervalAccionesGeneralLiveArena', 'botLive1', 25, 1, 3, 0.150000, 0, 0.850000, 0.850000, 1, 1.001000),
	('mervalAccionesGeneralLiveArena', 'botLive2', 25, 1, 3, 0.150000, 0, 0.850000, 0.850000, 1, 1.001000),
	('mervalAccionesGeneralLiveArena', 'botLive3', 25, 1, 3, 0.150000, 0, 0.850000, 0.850000, 1, 1.001000),
	('mervalAccionesGeneralTestArena', 'botTest1', 25, 1, -1, 0.150000, 0, 0.850000, 0.850000, 1, 1.001000),
	('mervalAccionesGeneralTestArena', 'botTest2', 25, 1, -1, 0.150000, 0, 0.850000, 0.850000, 1, 1.001000),
	('mervalAccionesLideresLiveArena', 'botLive1', 25, 1, 3, 0.150000, 0, 0.850000, 0.850000, 1, 1.001000),
	('mervalAccionesLideresLiveArena', 'botLive2', 25, 1, 3, 0.150000, 0, 0.850000, 0.850000, 1, 1.001000),
	('mervalAccionesLideresLiveArena', 'botLive3', 25, 1, 3, 0.150000, 0, 0.850000, 0.850000, 1, 1.001000),
	('mervalAccionesLideresTestArena', 'botTest1', 25, 1, -1, 0.150000, 0, 0.850000, 0.850000, 1, 1.001000),
	('mervalAccionesLideresTestArena', 'botTest2', 25, 1, -1, 0.150000, 0, 0.850000, 0.850000, 1, 1.001000),
	('mervalCedearsLiveArena', 'botLive1', 25, 1, 3, 0.150000, 0, 0.850000, 0.850000, 1, 1.001000),
	('mervalCedearsLiveArena', 'botLive2', 25, 1, 3, 0.150000, 0, 0.850000, 0.850000, 1, 1.001000),
	('mervalCedearsLiveArena', 'botLive3', 25, 1, 3, 0.150000, 0, 0.850000, 0.850000, 1, 1.001000),
	('mervalCedearsTestArena', 'botTest1', 25, 1, -1, 0.150000, 0, 0.850000, 0.850000, 1, 1.001000),
	('mervalCedearsTestArena', 'botTest2', 25, 1, -1, 0.150000, 0, 0.850000, 0.850000, 1, 1.001000),
	('nasdaq100LiveArena', 'botLive1', 25, 1, 3, 0.150000, 0, 0.850000, 0.850000, 1, 1.001000),
	('nasdaq100LiveArena', 'botLive2', 25, 1, 3, 0.150000, 0, 0.850000, 0.850000, 1, 1.001000),
	('nasdaq100LiveArena', 'botLive3', 25, 1, 3, 0.150000, 0, 0.850000, 0.850000, 1, 1.001000),
	('nasdaq100TestArena', 'botTest1', 25, 1, -1, 0.150000, 0, 0.850000, 0.850000, 1, 1.001000),
	('nasdaq100TestArena', 'botTest2', 25, 1, -1, 0.150000, 0, 0.850000, 0.850000, 1, 1.001000),
	('snP100LiveArena', 'botLive1', 25, 1, 3, 0.150000, 0, 0.850000, 0.850000, 1, 1.001000),
	('snP100LiveArena', 'botLive2', 25, 1, 3, 0.150000, 0, 0.850000, 0.850000, 1, 1.001000),
	('snP100LiveArena', 'botLive3', 25, 1, 3, 0.150000, 0, 0.850000, 0.850000, 1, 1.001000),
	('snP100TestArena', 'botTest1', 25, 1, -1, 0.150000, 0, 0.850000, 0.850000, 1, 1.001000),
	('snP100TestArena', 'botTest2', 25, 1, -1, 0.150000, 0, 0.850000, 0.850000, 1, 1.001000),
	('yfForexUsdLiveArena', 'botLive1', 25, 1, 3, 0.150000, 0, 0.850000, 0.850000, 1, 1.001000),
	('yfForexUsdLiveArena', 'botLive2', 25, 1, 3, 0.150000, 0, 0.850000, 0.850000, 1, 1.001000),
	('yfForexUsdLiveArena', 'botLive3', 25, 1, 3, 0.150000, 0, 0.850000, 0.850000, 1, 1.001000),
	('yfForexUsdTestArena', 'botTest1', 25, 1, -1, 0.150000, 0, 0.850000, 0.850000, 1, 1.001000),
	('yfForexUsdTestArena', 'botTest2', 25, 1, -1, 0.150000, 0, 0.850000, 0.850000, 1, 1.001000);
/*!40000 ALTER TABLE `divideandscalemarkettrader` ENABLE KEYS */;

-- Volcando estructura para tabla horus_t.market
CREATE TABLE IF NOT EXISTS `market` (
  `marketId` varchar(50) NOT NULL,
  `defaultExchangeAssetId` varchar(50) DEFAULT NULL,
  `marketTitle` varchar(50) DEFAULT NULL,
  `marketScheduleId` varchar(50) DEFAULT NULL,
  `quoteDecimals` int(11) DEFAULT NULL,
  `beat` bigint(20) DEFAULT NULL,
  `pollContentMaxAgeSeconds` int(11) DEFAULT NULL,
  PRIMARY KEY (`marketId`) USING HASH
) ENGINE=InnoDB DEFAULT CHARSET=utf8mb4;

-- Volcando datos para la tabla horus_t.market: ~15 rows (aproximadamente)
/*!40000 ALTER TABLE `market` DISABLE KEYS */;
INSERT INTO `market` (`marketId`, `defaultExchangeAssetId`, `marketTitle`, `marketScheduleId`, `quoteDecimals`, `beat`, `pollContentMaxAgeSeconds`) VALUES
	('cryptosLiveArenaMarket', 'USD', 'Cryptos', 'cryptosSchedule', 8, 0, 300),
	('cryptosTestArenaMarket', 'USD', 'Cryptos Test', 'cryptosSchedule', 8, 0, 300),
	('mathArenaMarket', 'USD', 'Mercado de Prueba', 'mathSchedule', 2, 1001, 300),
	('mervalAccionesGeneralLiveArenaMarket', 'AR$', 'Merval Acciones Generales', 'mervalSchedule', 2, 0, 300),
	('mervalAccionesGeneralTestArenaMarket', 'AR$', 'Merval Acciones Generales Test', 'mervalSchedule', 2, 0, 300),
	('mervalAccionesLideresLiveArenaMarket', 'AR$', 'Merval Acciones Líderes', 'mervalSchedule', 2, 0, 300),
	('mervalAccionesLideresTestArenaMarket', 'AR$', 'Merval Acciones Líderes Test', 'mervalSchedule', 2, 0, 300),
	('mervalCedearsLiveArenaMarket', 'AR$', 'Merval Cedears', 'mervalSchedule', 2, 0, 300),
	('mervalCedearsTestArenaMarket', 'AR$', 'Merval Cedears Test', 'mervalSchedule', 2, 0, 300),
	('nasdaq100LiveArenaMarket', 'USD', 'Nasdaq 100', 'nasdaqSchedule', 4, 0, 300),
	('nasdaq100TestArenaMarket', 'USD', 'Nasdaq 100 Test', 'nasdaqSchedule', 4, 0, 300),
	('snP100LiveArenaMarket', 'USD', 'S&P 100', 'nasdaqSchedule', 4, 0, 300),
	('snP100TestArenaMarket', 'USD', 'S&P 100 Test', 'nyseSchedule', 4, 0, 300),
	('yfForexUsdLiveArenaMarket', 'USD', 'Forex USD', 'nyseSchedule', 4, 0, 300),
	('yfForexUsdTestArenaMarket', 'USD', 'Forex USD Test', 'cryptosSchedule', 4, 0, 300);
/*!40000 ALTER TABLE `market` ENABLE KEYS */;

-- Volcando estructura para tabla horus_t.marketpoll
CREATE TABLE IF NOT EXISTS `marketpoll` (
  `marketPollId` varchar(50) NOT NULL,
  PRIMARY KEY (`marketPollId`)
) ENGINE=InnoDB DEFAULT CHARSET=utf8mb4;

-- Volcando datos para la tabla horus_t.marketpoll: ~8 rows (aproximadamente)
/*!40000 ALTER TABLE `marketpoll` DISABLE KEYS */;
INSERT INTO `marketpoll` (`marketPollId`) VALUES
	('cryptosPoll'),
	('mathPoll'),
	('mervalAccionesGeneralPoll'),
	('mervalAccionesLideresPoll'),
	('mervalCedearsPoll'),
	('nasdaq100LiveArenaPoll'),
	('snP100LiveArenaPoll'),
	('yfForexUsdLiveArenaPoll');
/*!40000 ALTER TABLE `marketpoll` ENABLE KEYS */;

-- Volcando estructura para tabla horus_t.marketschedule
CREATE TABLE IF NOT EXISTS `marketschedule` (
  `marketScheduleId` varchar(50) NOT NULL,
  `title` varchar(50) DEFAULT NULL,
  `marketIsAlwaysOpen` int(11) DEFAULT NULL,
  `marketOpenHour` varchar(50) DEFAULT NULL,
  `marketCloseHour` varchar(50) DEFAULT NULL,
  `marketWeekDaysOpen` varchar(50) DEFAULT NULL,
  `marketBeatSeconds` varchar(50) DEFAULT NULL,
  `marketHolidays` varchar(50) DEFAULT NULL,
  `marketTimeZone` varchar(50) DEFAULT NULL,
  PRIMARY KEY (`marketScheduleId`) USING HASH
) ENGINE=InnoDB DEFAULT CHARSET=utf8mb4 ROW_FORMAT=DYNAMIC;

-- Volcando datos para la tabla horus_t.marketschedule: ~5 rows (aproximadamente)
/*!40000 ALTER TABLE `marketschedule` DISABLE KEYS */;
INSERT INTO `marketschedule` (`marketScheduleId`, `title`, `marketIsAlwaysOpen`, `marketOpenHour`, `marketCloseHour`, `marketWeekDaysOpen`, `marketBeatSeconds`, `marketHolidays`, `marketTimeZone`) VALUES
	('cryptosSchedule', 'Cronograma Cryptos', 1, '00:00', '00:00', '0,1,2,3,4,5,6', '10', '', 'America/Argentina/Buenos_Aires'),
	('mathSchedule', 'Cronograma Mercado de Prueba', 1, '00:00', '00:00', '0,1,2,3,4,5,6', '10', '', 'America/Argentina/Buenos_Aires'),
	('mervalSchedule', 'Cronograma Merval', 0, '11:00', '17:00', '1,2,3,4,5', '10', '', 'America/Argentina/Buenos_Aires'),
	('nasdaqSchedule', 'Cronograma Nasdaq', 0, '9:30', '16:00', '1,2,3,4,5', '10', '', 'America/Argentina/Buenos_Aires'),
	('nyseSchedule', 'Cronograma NYSE', 0, '9:30', '16:00', '1,2,3,4,5', '10', '', 'America/Argentina/Buenos_Aires');
/*!40000 ALTER TABLE `marketschedule` ENABLE KEYS */;

-- Volcando estructura para tabla horus_t.marketstats
CREATE TABLE IF NOT EXISTS `marketstats` (
  `marketId` varchar(50) NOT NULL,
  `marketStatsId` varchar(50) NOT NULL,
  `endBeat` bigint(20) DEFAULT NULL,
  `maxHistoryBeats` int(11) DEFAULT NULL,
  `synchedBeat` bigint(20) DEFAULT NULL,
  `beatMultiplier` int(11) DEFAULT NULL,
  PRIMARY KEY (`marketId`,`marketStatsId`) USING HASH
) ENGINE=InnoDB DEFAULT CHARSET=utf8mb4;

-- Volcando datos para la tabla horus_t.marketstats: ~3 rows (aproximadamente)
/*!40000 ALTER TABLE `marketstats` DISABLE KEYS */;
INSERT INTO `marketstats` (`marketId`, `marketStatsId`, `endBeat`, `maxHistoryBeats`, `synchedBeat`, `beatMultiplier`) VALUES
	('mathArenaMarket', 'marketStatsLong', 800, 50, 800, 400),
	('mathArenaMarket', 'marketStatsMedium', 1000, 50, 1000, 100),
	('mathArenaMarket', 'marketStatsShort', 1001, 50, 1001, 1);
/*!40000 ALTER TABLE `marketstats` ENABLE KEYS */;

-- Volcando estructura para tabla horus_t.marketstatslog
CREATE TABLE IF NOT EXISTS `marketstatslog` (
  `marketId` varchar(50) NOT NULL,
  `marketStatsId` varchar(50) NOT NULL,
  `assetId` varchar(50) NOT NULL,
  `statsDim` int(11) NOT NULL,
  `historyIndex` int(11) DEFAULT NULL,
  `statsValue` decimal(20,10) DEFAULT NULL,
  KEY `StatsHistoryAllIdx` (`marketId`,`marketStatsId`,`assetId`,`statsDim`) USING HASH,
  KEY `StatsScalarAndHistoryIdx` (`marketId`,`marketStatsId`,`assetId`,`statsDim`,`historyIndex`)
) ENGINE=InnoDB DEFAULT CHARSET=utf8mb4;

-- Volcando datos para la tabla horus_t.marketstatslog: ~2.034 rows (aproximadamente)
/*!40000 ALTER TABLE `marketstatslog` DISABLE KEYS */;
INSERT INTO `marketstatslog` (`marketId`, `marketStatsId`, `assetId`, `statsDim`, `historyIndex`, `statsValue`) VALUES
	('mathArenaMarket', 'marketStatsShort', 'CC1', 7, NULL, -1000000000.0000000000),
	('mathArenaMarket', 'marketStatsShort', 'CC1', 8, NULL, -1000000000.0000000000),
	('mathArenaMarket', 'marketStatsShort', 'CC1', 9, NULL, -1000000000.0000000000),
	('mathArenaMarket', 'marketStatsShort', 'CC2', 7, NULL, -1000000000.0000000000),
	('mathArenaMarket', 'marketStatsShort', 'CC2', 8, NULL, -1000000000.0000000000),
	('mathArenaMarket', 'marketStatsShort', 'CC2', 9, NULL, -1000000000.0000000000),
	('mathArenaMarket', 'marketStatsShort', 'CC3', 7, NULL, -1000000000.0000000000),
	('mathArenaMarket', 'marketStatsShort', 'CC3', 8, NULL, -1000000000.0000000000),
	('mathArenaMarket', 'marketStatsShort', 'CC3', 9, NULL, -1000000000.0000000000),
	('mathArenaMarket', 'marketStatsShort', 'CC4', 7, NULL, -1000000000.0000000000),
	('mathArenaMarket', 'marketStatsShort', 'CC4', 8, NULL, -1000000000.0000000000),
	('mathArenaMarket', 'marketStatsShort', 'CC4', 9, NULL, -1000000000.0000000000),
	('mathArenaMarket', 'marketStatsShort', 'CC5', 7, NULL, -1000000000.0000000000),
	('mathArenaMarket', 'marketStatsShort', 'CC5', 8, NULL, -1000000000.0000000000),
	('mathArenaMarket', 'marketStatsShort', 'CC5', 9, NULL, -1000000000.0000000000),
	('mathArenaMarket', 'marketStatsShort', 'CC1', 1, 0, -1000000000.0000000000),
	('mathArenaMarket', 'marketStatsShort', 'CC1', 1, 1, -1000000000.0000000000),
	('mathArenaMarket', 'marketStatsShort', 'CC1', 1, 2, -1000000000.0000000000),
	('mathArenaMarket', 'marketStatsShort', 'CC1', 1, 3, -1000000000.0000000000),
	('mathArenaMarket', 'marketStatsShort', 'CC1', 1, 4, -1000000000.0000000000),
	('mathArenaMarket', 'marketStatsShort', 'CC1', 1, 5, -1000000000.0000000000),
	('mathArenaMarket', 'marketStatsShort', 'CC1', 1, 6, -1000000000.0000000000),
	('mathArenaMarket', 'marketStatsShort', 'CC1', 1, 7, -1000000000.0000000000),
	('mathArenaMarket', 'marketStatsShort', 'CC1', 1, 8, -1000000000.0000000000),
	('mathArenaMarket', 'marketStatsShort', 'CC1', 1, 9, -1000000000.0000000000),
	('mathArenaMarket', 'marketStatsShort', 'CC1', 1, 10, -1000000000.0000000000),
	('mathArenaMarket', 'marketStatsShort', 'CC1', 1, 11, -1000000000.0000000000),
	('mathArenaMarket', 'marketStatsShort', 'CC1', 1, 12, -1000000000.0000000000),
	('mathArenaMarket', 'marketStatsShort', 'CC1', 1, 13, -1000000000.0000000000),
	('mathArenaMarket', 'marketStatsShort', 'CC1', 1, 14, -1000000000.0000000000),
	('mathArenaMarket', 'marketStatsShort', 'CC1', 1, 15, -1000000000.0000000000),
	('mathArenaMarket', 'marketStatsShort', 'CC1', 1, 16, -1000000000.0000000000),
	('mathArenaMarket', 'marketStatsShort', 'CC1', 1, 17, -1000000000.0000000000),
	('mathArenaMarket', 'marketStatsShort', 'CC1', 1, 18, -1000000000.0000000000),
	('mathArenaMarket', 'marketStatsShort', 'CC1', 1, 19, -1000000000.0000000000),
	('mathArenaMarket', 'marketStatsShort', 'CC1', 1, 20, -1000000000.0000000000),
	('mathArenaMarket', 'marketStatsShort', 'CC1', 1, 21, -1000000000.0000000000),
	('mathArenaMarket', 'marketStatsShort', 'CC1', 1, 22, -1000000000.0000000000),
	('mathArenaMarket', 'marketStatsShort', 'CC1', 1, 23, -1000000000.0000000000),
	('mathArenaMarket', 'marketStatsShort', 'CC1', 1, 24, -1000000000.0000000000),
	('mathArenaMarket', 'marketStatsShort', 'CC1', 1, 25, -1000000000.0000000000),
	('mathArenaMarket', 'marketStatsShort', 'CC1', 1, 26, -1000000000.0000000000),
	('mathArenaMarket', 'marketStatsShort', 'CC1', 1, 27, -1000000000.0000000000),
	('mathArenaMarket', 'marketStatsShort', 'CC1', 1, 28, -1000000000.0000000000),
	('mathArenaMarket', 'marketStatsShort', 'CC1', 1, 29, -1000000000.0000000000),
	('mathArenaMarket', 'marketStatsShort', 'CC1', 1, 30, -1000000000.0000000000),
	('mathArenaMarket', 'marketStatsShort', 'CC1', 1, 31, -1000000000.0000000000),
	('mathArenaMarket', 'marketStatsShort', 'CC1', 1, 32, -1000000000.0000000000),
	('mathArenaMarket', 'marketStatsShort', 'CC1', 1, 33, -1000000000.0000000000),
	('mathArenaMarket', 'marketStatsShort', 'CC1', 1, 34, -1000000000.0000000000),
	('mathArenaMarket', 'marketStatsShort', 'CC1', 1, 35, -1000000000.0000000000),
	('mathArenaMarket', 'marketStatsShort', 'CC1', 1, 36, -1000000000.0000000000),
	('mathArenaMarket', 'marketStatsShort', 'CC1', 1, 37, -1000000000.0000000000),
	('mathArenaMarket', 'marketStatsShort', 'CC1', 1, 38, -1000000000.0000000000),
	('mathArenaMarket', 'marketStatsShort', 'CC1', 1, 39, -1000000000.0000000000),
	('mathArenaMarket', 'marketStatsShort', 'CC1', 1, 40, -1000000000.0000000000),
	('mathArenaMarket', 'marketStatsShort', 'CC1', 1, 41, -1000000000.0000000000),
	('mathArenaMarket', 'marketStatsShort', 'CC1', 1, 42, -1000000000.0000000000),
	('mathArenaMarket', 'marketStatsShort', 'CC1', 1, 43, -1000000000.0000000000),
	('mathArenaMarket', 'marketStatsShort', 'CC1', 1, 44, -1000000000.0000000000),
	('mathArenaMarket', 'marketStatsShort', 'CC1', 1, 45, -1000000000.0000000000),
	('mathArenaMarket', 'marketStatsShort', 'CC1', 1, 46, -1000000000.0000000000),
	('mathArenaMarket', 'marketStatsShort', 'CC1', 1, 47, -1000000000.0000000000),
	('mathArenaMarket', 'marketStatsShort', 'CC1', 1, 48, -1000000000.0000000000),
	('mathArenaMarket', 'marketStatsShort', 'CC1', 1, 49, -1000000000.0000000000),
	('mathArenaMarket', 'marketStatsShort', 'CC2', 1, 0, -1000000000.0000000000),
	('mathArenaMarket', 'marketStatsShort', 'CC2', 1, 1, -1000000000.0000000000),
	('mathArenaMarket', 'marketStatsShort', 'CC2', 1, 2, -1000000000.0000000000),
	('mathArenaMarket', 'marketStatsShort', 'CC2', 1, 3, -1000000000.0000000000),
	('mathArenaMarket', 'marketStatsShort', 'CC2', 1, 4, -1000000000.0000000000),
	('mathArenaMarket', 'marketStatsShort', 'CC2', 1, 5, -1000000000.0000000000),
	('mathArenaMarket', 'marketStatsShort', 'CC2', 1, 6, -1000000000.0000000000),
	('mathArenaMarket', 'marketStatsShort', 'CC2', 1, 7, -1000000000.0000000000),
	('mathArenaMarket', 'marketStatsShort', 'CC2', 1, 8, -1000000000.0000000000),
	('mathArenaMarket', 'marketStatsShort', 'CC2', 1, 9, -1000000000.0000000000),
	('mathArenaMarket', 'marketStatsShort', 'CC2', 1, 10, -1000000000.0000000000),
	('mathArenaMarket', 'marketStatsShort', 'CC2', 1, 11, -1000000000.0000000000),
	('mathArenaMarket', 'marketStatsShort', 'CC2', 1, 12, -1000000000.0000000000),
	('mathArenaMarket', 'marketStatsShort', 'CC2', 1, 13, -1000000000.0000000000),
	('mathArenaMarket', 'marketStatsShort', 'CC2', 1, 14, -1000000000.0000000000),
	('mathArenaMarket', 'marketStatsShort', 'CC2', 1, 15, -1000000000.0000000000),
	('mathArenaMarket', 'marketStatsShort', 'CC2', 1, 16, -1000000000.0000000000),
	('mathArenaMarket', 'marketStatsShort', 'CC2', 1, 17, -1000000000.0000000000),
	('mathArenaMarket', 'marketStatsShort', 'CC2', 1, 18, -1000000000.0000000000),
	('mathArenaMarket', 'marketStatsShort', 'CC2', 1, 19, -1000000000.0000000000),
	('mathArenaMarket', 'marketStatsShort', 'CC2', 1, 20, -1000000000.0000000000),
	('mathArenaMarket', 'marketStatsShort', 'CC2', 1, 21, -1000000000.0000000000),
	('mathArenaMarket', 'marketStatsShort', 'CC2', 1, 22, -1000000000.0000000000),
	('mathArenaMarket', 'marketStatsShort', 'CC2', 1, 23, -1000000000.0000000000),
	('mathArenaMarket', 'marketStatsShort', 'CC2', 1, 24, -1000000000.0000000000),
	('mathArenaMarket', 'marketStatsShort', 'CC2', 1, 25, -1000000000.0000000000),
	('mathArenaMarket', 'marketStatsShort', 'CC2', 1, 26, -1000000000.0000000000),
	('mathArenaMarket', 'marketStatsShort', 'CC2', 1, 27, -1000000000.0000000000),
	('mathArenaMarket', 'marketStatsShort', 'CC2', 1, 28, -1000000000.0000000000),
	('mathArenaMarket', 'marketStatsShort', 'CC2', 1, 29, -1000000000.0000000000),
	('mathArenaMarket', 'marketStatsShort', 'CC2', 1, 30, -1000000000.0000000000),
	('mathArenaMarket', 'marketStatsShort', 'CC2', 1, 31, -1000000000.0000000000),
	('mathArenaMarket', 'marketStatsShort', 'CC2', 1, 32, -1000000000.0000000000),
	('mathArenaMarket', 'marketStatsShort', 'CC2', 1, 33, -1000000000.0000000000),
	('mathArenaMarket', 'marketStatsShort', 'CC2', 1, 34, -1000000000.0000000000),
	('mathArenaMarket', 'marketStatsShort', 'CC2', 1, 35, -1000000000.0000000000),
	('mathArenaMarket', 'marketStatsShort', 'CC2', 1, 36, -1000000000.0000000000),
	('mathArenaMarket', 'marketStatsShort', 'CC2', 1, 37, -1000000000.0000000000),
	('mathArenaMarket', 'marketStatsShort', 'CC2', 1, 38, -1000000000.0000000000),
	('mathArenaMarket', 'marketStatsShort', 'CC2', 1, 39, -1000000000.0000000000),
	('mathArenaMarket', 'marketStatsShort', 'CC2', 1, 40, -1000000000.0000000000),
	('mathArenaMarket', 'marketStatsShort', 'CC2', 1, 41, -1000000000.0000000000),
	('mathArenaMarket', 'marketStatsShort', 'CC2', 1, 42, -1000000000.0000000000),
	('mathArenaMarket', 'marketStatsShort', 'CC2', 1, 43, -1000000000.0000000000),
	('mathArenaMarket', 'marketStatsShort', 'CC2', 1, 44, -1000000000.0000000000),
	('mathArenaMarket', 'marketStatsShort', 'CC2', 1, 45, -1000000000.0000000000),
	('mathArenaMarket', 'marketStatsShort', 'CC2', 1, 46, -1000000000.0000000000),
	('mathArenaMarket', 'marketStatsShort', 'CC2', 1, 47, -1000000000.0000000000),
	('mathArenaMarket', 'marketStatsShort', 'CC2', 1, 48, -1000000000.0000000000),
	('mathArenaMarket', 'marketStatsShort', 'CC2', 1, 49, -1000000000.0000000000),
	('mathArenaMarket', 'marketStatsShort', 'CC3', 1, 0, -1000000000.0000000000),
	('mathArenaMarket', 'marketStatsShort', 'CC3', 1, 1, -1000000000.0000000000),
	('mathArenaMarket', 'marketStatsShort', 'CC3', 1, 2, -1000000000.0000000000),
	('mathArenaMarket', 'marketStatsShort', 'CC3', 1, 3, -1000000000.0000000000),
	('mathArenaMarket', 'marketStatsShort', 'CC3', 1, 4, -1000000000.0000000000),
	('mathArenaMarket', 'marketStatsShort', 'CC3', 1, 5, -1000000000.0000000000),
	('mathArenaMarket', 'marketStatsShort', 'CC3', 1, 6, -1000000000.0000000000),
	('mathArenaMarket', 'marketStatsShort', 'CC3', 1, 7, -1000000000.0000000000),
	('mathArenaMarket', 'marketStatsShort', 'CC3', 1, 8, -1000000000.0000000000),
	('mathArenaMarket', 'marketStatsShort', 'CC3', 1, 9, -1000000000.0000000000),
	('mathArenaMarket', 'marketStatsShort', 'CC3', 1, 10, -1000000000.0000000000),
	('mathArenaMarket', 'marketStatsShort', 'CC3', 1, 11, -1000000000.0000000000),
	('mathArenaMarket', 'marketStatsShort', 'CC3', 1, 12, -1000000000.0000000000),
	('mathArenaMarket', 'marketStatsShort', 'CC3', 1, 13, -1000000000.0000000000),
	('mathArenaMarket', 'marketStatsShort', 'CC3', 1, 14, -1000000000.0000000000),
	('mathArenaMarket', 'marketStatsShort', 'CC3', 1, 15, -1000000000.0000000000),
	('mathArenaMarket', 'marketStatsShort', 'CC3', 1, 16, -1000000000.0000000000),
	('mathArenaMarket', 'marketStatsShort', 'CC3', 1, 17, -1000000000.0000000000),
	('mathArenaMarket', 'marketStatsShort', 'CC3', 1, 18, -1000000000.0000000000),
	('mathArenaMarket', 'marketStatsShort', 'CC3', 1, 19, -1000000000.0000000000),
	('mathArenaMarket', 'marketStatsShort', 'CC3', 1, 20, -1000000000.0000000000),
	('mathArenaMarket', 'marketStatsShort', 'CC3', 1, 21, -1000000000.0000000000),
	('mathArenaMarket', 'marketStatsShort', 'CC3', 1, 22, -1000000000.0000000000),
	('mathArenaMarket', 'marketStatsShort', 'CC3', 1, 23, -1000000000.0000000000),
	('mathArenaMarket', 'marketStatsShort', 'CC3', 1, 24, -1000000000.0000000000),
	('mathArenaMarket', 'marketStatsShort', 'CC3', 1, 25, -1000000000.0000000000),
	('mathArenaMarket', 'marketStatsShort', 'CC3', 1, 26, -1000000000.0000000000),
	('mathArenaMarket', 'marketStatsShort', 'CC3', 1, 27, -1000000000.0000000000),
	('mathArenaMarket', 'marketStatsShort', 'CC3', 1, 28, -1000000000.0000000000),
	('mathArenaMarket', 'marketStatsShort', 'CC3', 1, 29, -1000000000.0000000000),
	('mathArenaMarket', 'marketStatsShort', 'CC3', 1, 30, -1000000000.0000000000),
	('mathArenaMarket', 'marketStatsShort', 'CC3', 1, 31, -1000000000.0000000000),
	('mathArenaMarket', 'marketStatsShort', 'CC3', 1, 32, -1000000000.0000000000),
	('mathArenaMarket', 'marketStatsShort', 'CC3', 1, 33, -1000000000.0000000000),
	('mathArenaMarket', 'marketStatsShort', 'CC3', 1, 34, -1000000000.0000000000),
	('mathArenaMarket', 'marketStatsShort', 'CC3', 1, 35, -1000000000.0000000000),
	('mathArenaMarket', 'marketStatsShort', 'CC3', 1, 36, -1000000000.0000000000),
	('mathArenaMarket', 'marketStatsShort', 'CC3', 1, 37, -1000000000.0000000000),
	('mathArenaMarket', 'marketStatsShort', 'CC3', 1, 38, -1000000000.0000000000),
	('mathArenaMarket', 'marketStatsShort', 'CC3', 1, 39, -1000000000.0000000000),
	('mathArenaMarket', 'marketStatsShort', 'CC3', 1, 40, -1000000000.0000000000),
	('mathArenaMarket', 'marketStatsShort', 'CC3', 1, 41, -1000000000.0000000000),
	('mathArenaMarket', 'marketStatsShort', 'CC3', 1, 42, -1000000000.0000000000),
	('mathArenaMarket', 'marketStatsShort', 'CC3', 1, 43, -1000000000.0000000000),
	('mathArenaMarket', 'marketStatsShort', 'CC3', 1, 44, -1000000000.0000000000),
	('mathArenaMarket', 'marketStatsShort', 'CC3', 1, 45, -1000000000.0000000000),
	('mathArenaMarket', 'marketStatsShort', 'CC3', 1, 46, -1000000000.0000000000),
	('mathArenaMarket', 'marketStatsShort', 'CC3', 1, 47, -1000000000.0000000000),
	('mathArenaMarket', 'marketStatsShort', 'CC3', 1, 48, -1000000000.0000000000),
	('mathArenaMarket', 'marketStatsShort', 'CC3', 1, 49, -1000000000.0000000000),
	('mathArenaMarket', 'marketStatsShort', 'CC4', 1, 0, -1000000000.0000000000),
	('mathArenaMarket', 'marketStatsShort', 'CC4', 1, 1, -1000000000.0000000000),
	('mathArenaMarket', 'marketStatsShort', 'CC4', 1, 2, -1000000000.0000000000),
	('mathArenaMarket', 'marketStatsShort', 'CC4', 1, 3, -1000000000.0000000000),
	('mathArenaMarket', 'marketStatsShort', 'CC4', 1, 4, -1000000000.0000000000),
	('mathArenaMarket', 'marketStatsShort', 'CC4', 1, 5, -1000000000.0000000000),
	('mathArenaMarket', 'marketStatsShort', 'CC4', 1, 6, -1000000000.0000000000),
	('mathArenaMarket', 'marketStatsShort', 'CC4', 1, 7, -1000000000.0000000000),
	('mathArenaMarket', 'marketStatsShort', 'CC4', 1, 8, -1000000000.0000000000),
	('mathArenaMarket', 'marketStatsShort', 'CC4', 1, 9, -1000000000.0000000000),
	('mathArenaMarket', 'marketStatsShort', 'CC4', 1, 10, -1000000000.0000000000),
	('mathArenaMarket', 'marketStatsShort', 'CC4', 1, 11, -1000000000.0000000000),
	('mathArenaMarket', 'marketStatsShort', 'CC4', 1, 12, -1000000000.0000000000),
	('mathArenaMarket', 'marketStatsShort', 'CC4', 1, 13, -1000000000.0000000000),
	('mathArenaMarket', 'marketStatsShort', 'CC4', 1, 14, -1000000000.0000000000),
	('mathArenaMarket', 'marketStatsShort', 'CC4', 1, 15, -1000000000.0000000000),
	('mathArenaMarket', 'marketStatsShort', 'CC4', 1, 16, -1000000000.0000000000),
	('mathArenaMarket', 'marketStatsShort', 'CC4', 1, 17, -1000000000.0000000000),
	('mathArenaMarket', 'marketStatsShort', 'CC4', 1, 18, -1000000000.0000000000),
	('mathArenaMarket', 'marketStatsShort', 'CC4', 1, 19, -1000000000.0000000000),
	('mathArenaMarket', 'marketStatsShort', 'CC4', 1, 20, -1000000000.0000000000),
	('mathArenaMarket', 'marketStatsShort', 'CC4', 1, 21, -1000000000.0000000000),
	('mathArenaMarket', 'marketStatsShort', 'CC4', 1, 22, -1000000000.0000000000),
	('mathArenaMarket', 'marketStatsShort', 'CC4', 1, 23, -1000000000.0000000000),
	('mathArenaMarket', 'marketStatsShort', 'CC4', 1, 24, -1000000000.0000000000),
	('mathArenaMarket', 'marketStatsShort', 'CC4', 1, 25, -1000000000.0000000000),
	('mathArenaMarket', 'marketStatsShort', 'CC4', 1, 26, -1000000000.0000000000),
	('mathArenaMarket', 'marketStatsShort', 'CC4', 1, 27, -1000000000.0000000000),
	('mathArenaMarket', 'marketStatsShort', 'CC4', 1, 28, -1000000000.0000000000),
	('mathArenaMarket', 'marketStatsShort', 'CC4', 1, 29, -1000000000.0000000000),
	('mathArenaMarket', 'marketStatsShort', 'CC4', 1, 30, -1000000000.0000000000),
	('mathArenaMarket', 'marketStatsShort', 'CC4', 1, 31, -1000000000.0000000000),
	('mathArenaMarket', 'marketStatsShort', 'CC4', 1, 32, -1000000000.0000000000),
	('mathArenaMarket', 'marketStatsShort', 'CC4', 1, 33, -1000000000.0000000000),
	('mathArenaMarket', 'marketStatsShort', 'CC4', 1, 34, -1000000000.0000000000),
	('mathArenaMarket', 'marketStatsShort', 'CC4', 1, 35, -1000000000.0000000000),
	('mathArenaMarket', 'marketStatsShort', 'CC4', 1, 36, -1000000000.0000000000),
	('mathArenaMarket', 'marketStatsShort', 'CC4', 1, 37, -1000000000.0000000000),
	('mathArenaMarket', 'marketStatsShort', 'CC4', 1, 38, -1000000000.0000000000),
	('mathArenaMarket', 'marketStatsShort', 'CC4', 1, 39, -1000000000.0000000000),
	('mathArenaMarket', 'marketStatsShort', 'CC4', 1, 40, -1000000000.0000000000),
	('mathArenaMarket', 'marketStatsShort', 'CC4', 1, 41, -1000000000.0000000000),
	('mathArenaMarket', 'marketStatsShort', 'CC4', 1, 42, -1000000000.0000000000),
	('mathArenaMarket', 'marketStatsShort', 'CC4', 1, 43, -1000000000.0000000000),
	('mathArenaMarket', 'marketStatsShort', 'CC4', 1, 44, -1000000000.0000000000),
	('mathArenaMarket', 'marketStatsShort', 'CC4', 1, 45, -1000000000.0000000000),
	('mathArenaMarket', 'marketStatsShort', 'CC4', 1, 46, -1000000000.0000000000),
	('mathArenaMarket', 'marketStatsShort', 'CC4', 1, 47, -1000000000.0000000000),
	('mathArenaMarket', 'marketStatsShort', 'CC4', 1, 48, -1000000000.0000000000),
	('mathArenaMarket', 'marketStatsShort', 'CC4', 1, 49, -1000000000.0000000000),
	('mathArenaMarket', 'marketStatsShort', 'CC5', 1, 0, -1000000000.0000000000),
	('mathArenaMarket', 'marketStatsShort', 'CC5', 1, 1, -1000000000.0000000000),
	('mathArenaMarket', 'marketStatsShort', 'CC5', 1, 2, -1000000000.0000000000),
	('mathArenaMarket', 'marketStatsShort', 'CC5', 1, 3, -1000000000.0000000000),
	('mathArenaMarket', 'marketStatsShort', 'CC5', 1, 4, -1000000000.0000000000),
	('mathArenaMarket', 'marketStatsShort', 'CC5', 1, 5, -1000000000.0000000000),
	('mathArenaMarket', 'marketStatsShort', 'CC5', 1, 6, -1000000000.0000000000),
	('mathArenaMarket', 'marketStatsShort', 'CC5', 1, 7, -1000000000.0000000000),
	('mathArenaMarket', 'marketStatsShort', 'CC5', 1, 8, -1000000000.0000000000),
	('mathArenaMarket', 'marketStatsShort', 'CC5', 1, 9, -1000000000.0000000000),
	('mathArenaMarket', 'marketStatsShort', 'CC5', 1, 10, -1000000000.0000000000),
	('mathArenaMarket', 'marketStatsShort', 'CC5', 1, 11, -1000000000.0000000000),
	('mathArenaMarket', 'marketStatsShort', 'CC5', 1, 12, -1000000000.0000000000),
	('mathArenaMarket', 'marketStatsShort', 'CC5', 1, 13, -1000000000.0000000000),
	('mathArenaMarket', 'marketStatsShort', 'CC5', 1, 14, -1000000000.0000000000),
	('mathArenaMarket', 'marketStatsShort', 'CC5', 1, 15, -1000000000.0000000000),
	('mathArenaMarket', 'marketStatsShort', 'CC5', 1, 16, -1000000000.0000000000),
	('mathArenaMarket', 'marketStatsShort', 'CC5', 1, 17, -1000000000.0000000000),
	('mathArenaMarket', 'marketStatsShort', 'CC5', 1, 18, -1000000000.0000000000),
	('mathArenaMarket', 'marketStatsShort', 'CC5', 1, 19, -1000000000.0000000000),
	('mathArenaMarket', 'marketStatsShort', 'CC5', 1, 20, -1000000000.0000000000),
	('mathArenaMarket', 'marketStatsShort', 'CC5', 1, 21, -1000000000.0000000000),
	('mathArenaMarket', 'marketStatsShort', 'CC5', 1, 22, -1000000000.0000000000),
	('mathArenaMarket', 'marketStatsShort', 'CC5', 1, 23, -1000000000.0000000000),
	('mathArenaMarket', 'marketStatsShort', 'CC5', 1, 24, -1000000000.0000000000),
	('mathArenaMarket', 'marketStatsShort', 'CC5', 1, 25, -1000000000.0000000000),
	('mathArenaMarket', 'marketStatsShort', 'CC5', 1, 26, -1000000000.0000000000),
	('mathArenaMarket', 'marketStatsShort', 'CC5', 1, 27, -1000000000.0000000000),
	('mathArenaMarket', 'marketStatsShort', 'CC5', 1, 28, -1000000000.0000000000),
	('mathArenaMarket', 'marketStatsShort', 'CC5', 1, 29, -1000000000.0000000000),
	('mathArenaMarket', 'marketStatsShort', 'CC5', 1, 30, -1000000000.0000000000),
	('mathArenaMarket', 'marketStatsShort', 'CC5', 1, 31, -1000000000.0000000000),
	('mathArenaMarket', 'marketStatsShort', 'CC5', 1, 32, -1000000000.0000000000),
	('mathArenaMarket', 'marketStatsShort', 'CC5', 1, 33, -1000000000.0000000000),
	('mathArenaMarket', 'marketStatsShort', 'CC5', 1, 34, -1000000000.0000000000),
	('mathArenaMarket', 'marketStatsShort', 'CC5', 1, 35, -1000000000.0000000000),
	('mathArenaMarket', 'marketStatsShort', 'CC5', 1, 36, -1000000000.0000000000),
	('mathArenaMarket', 'marketStatsShort', 'CC5', 1, 37, -1000000000.0000000000),
	('mathArenaMarket', 'marketStatsShort', 'CC5', 1, 38, -1000000000.0000000000),
	('mathArenaMarket', 'marketStatsShort', 'CC5', 1, 39, -1000000000.0000000000),
	('mathArenaMarket', 'marketStatsShort', 'CC5', 1, 40, -1000000000.0000000000),
	('mathArenaMarket', 'marketStatsShort', 'CC5', 1, 41, -1000000000.0000000000),
	('mathArenaMarket', 'marketStatsShort', 'CC5', 1, 42, -1000000000.0000000000),
	('mathArenaMarket', 'marketStatsShort', 'CC5', 1, 43, -1000000000.0000000000),
	('mathArenaMarket', 'marketStatsShort', 'CC5', 1, 44, -1000000000.0000000000),
	('mathArenaMarket', 'marketStatsShort', 'CC5', 1, 45, -1000000000.0000000000),
	('mathArenaMarket', 'marketStatsShort', 'CC5', 1, 46, -1000000000.0000000000),
	('mathArenaMarket', 'marketStatsShort', 'CC5', 1, 47, -1000000000.0000000000),
	('mathArenaMarket', 'marketStatsShort', 'CC5', 1, 48, -1000000000.0000000000),
	('mathArenaMarket', 'marketStatsShort', 'CC5', 1, 49, -1000000000.0000000000),
	('mathArenaMarket', 'marketStatsShort', 'USD', 1, 0, -1000000000.0000000000),
	('mathArenaMarket', 'marketStatsShort', 'USD', 1, 1, -1000000000.0000000000),
	('mathArenaMarket', 'marketStatsShort', 'USD', 1, 2, -1000000000.0000000000),
	('mathArenaMarket', 'marketStatsShort', 'USD', 1, 3, -1000000000.0000000000),
	('mathArenaMarket', 'marketStatsShort', 'USD', 1, 4, -1000000000.0000000000),
	('mathArenaMarket', 'marketStatsShort', 'USD', 1, 5, -1000000000.0000000000),
	('mathArenaMarket', 'marketStatsShort', 'USD', 1, 6, -1000000000.0000000000),
	('mathArenaMarket', 'marketStatsShort', 'USD', 1, 7, -1000000000.0000000000),
	('mathArenaMarket', 'marketStatsShort', 'USD', 1, 8, -1000000000.0000000000),
	('mathArenaMarket', 'marketStatsShort', 'USD', 1, 9, -1000000000.0000000000),
	('mathArenaMarket', 'marketStatsShort', 'USD', 1, 10, -1000000000.0000000000),
	('mathArenaMarket', 'marketStatsShort', 'USD', 1, 11, -1000000000.0000000000),
	('mathArenaMarket', 'marketStatsShort', 'USD', 1, 12, -1000000000.0000000000),
	('mathArenaMarket', 'marketStatsShort', 'USD', 1, 13, -1000000000.0000000000),
	('mathArenaMarket', 'marketStatsShort', 'USD', 1, 14, -1000000000.0000000000),
	('mathArenaMarket', 'marketStatsShort', 'USD', 1, 15, -1000000000.0000000000),
	('mathArenaMarket', 'marketStatsShort', 'USD', 1, 16, -1000000000.0000000000),
	('mathArenaMarket', 'marketStatsShort', 'USD', 1, 17, -1000000000.0000000000),
	('mathArenaMarket', 'marketStatsShort', 'USD', 1, 18, -1000000000.0000000000),
	('mathArenaMarket', 'marketStatsShort', 'USD', 1, 19, -1000000000.0000000000),
	('mathArenaMarket', 'marketStatsShort', 'USD', 1, 20, -1000000000.0000000000),
	('mathArenaMarket', 'marketStatsShort', 'USD', 1, 21, -1000000000.0000000000),
	('mathArenaMarket', 'marketStatsShort', 'USD', 1, 22, -1000000000.0000000000),
	('mathArenaMarket', 'marketStatsShort', 'USD', 1, 23, -1000000000.0000000000),
	('mathArenaMarket', 'marketStatsShort', 'USD', 1, 24, -1000000000.0000000000),
	('mathArenaMarket', 'marketStatsShort', 'USD', 1, 25, -1000000000.0000000000),
	('mathArenaMarket', 'marketStatsShort', 'USD', 1, 26, -1000000000.0000000000),
	('mathArenaMarket', 'marketStatsShort', 'USD', 1, 27, -1000000000.0000000000),
	('mathArenaMarket', 'marketStatsShort', 'USD', 1, 28, -1000000000.0000000000),
	('mathArenaMarket', 'marketStatsShort', 'USD', 1, 29, -1000000000.0000000000),
	('mathArenaMarket', 'marketStatsShort', 'USD', 1, 30, -1000000000.0000000000),
	('mathArenaMarket', 'marketStatsShort', 'USD', 1, 31, -1000000000.0000000000),
	('mathArenaMarket', 'marketStatsShort', 'USD', 1, 32, -1000000000.0000000000),
	('mathArenaMarket', 'marketStatsShort', 'USD', 1, 33, -1000000000.0000000000),
	('mathArenaMarket', 'marketStatsShort', 'USD', 1, 34, -1000000000.0000000000),
	('mathArenaMarket', 'marketStatsShort', 'USD', 1, 35, -1000000000.0000000000),
	('mathArenaMarket', 'marketStatsShort', 'USD', 1, 36, -1000000000.0000000000),
	('mathArenaMarket', 'marketStatsShort', 'USD', 1, 37, -1000000000.0000000000),
	('mathArenaMarket', 'marketStatsShort', 'USD', 1, 38, -1000000000.0000000000),
	('mathArenaMarket', 'marketStatsShort', 'USD', 1, 39, -1000000000.0000000000),
	('mathArenaMarket', 'marketStatsShort', 'USD', 1, 40, -1000000000.0000000000),
	('mathArenaMarket', 'marketStatsShort', 'USD', 1, 41, -1000000000.0000000000),
	('mathArenaMarket', 'marketStatsShort', 'USD', 1, 42, -1000000000.0000000000),
	('mathArenaMarket', 'marketStatsShort', 'USD', 1, 43, -1000000000.0000000000),
	('mathArenaMarket', 'marketStatsShort', 'USD', 1, 44, -1000000000.0000000000),
	('mathArenaMarket', 'marketStatsShort', 'USD', 1, 45, -1000000000.0000000000),
	('mathArenaMarket', 'marketStatsShort', 'USD', 1, 46, -1000000000.0000000000),
	('mathArenaMarket', 'marketStatsShort', 'USD', 1, 47, -1000000000.0000000000),
	('mathArenaMarket', 'marketStatsShort', 'USD', 1, 48, -1000000000.0000000000),
	('mathArenaMarket', 'marketStatsShort', 'USD', 1, 49, -1000000000.0000000000),
	('mathArenaMarket', 'marketStatsLong', 'CC1', 7, NULL, -1000000000.0000000000),
	('mathArenaMarket', 'marketStatsLong', 'CC1', 8, NULL, -1000000000.0000000000),
	('mathArenaMarket', 'marketStatsLong', 'CC1', 9, NULL, -1000000000.0000000000),
	('mathArenaMarket', 'marketStatsLong', 'CC2', 7, NULL, -1000000000.0000000000),
	('mathArenaMarket', 'marketStatsLong', 'CC2', 8, NULL, -1000000000.0000000000),
	('mathArenaMarket', 'marketStatsLong', 'CC2', 9, NULL, -1000000000.0000000000),
	('mathArenaMarket', 'marketStatsLong', 'CC3', 7, NULL, -1000000000.0000000000),
	('mathArenaMarket', 'marketStatsLong', 'CC3', 8, NULL, -1000000000.0000000000),
	('mathArenaMarket', 'marketStatsLong', 'CC3', 9, NULL, -1000000000.0000000000),
	('mathArenaMarket', 'marketStatsLong', 'CC4', 7, NULL, -1000000000.0000000000),
	('mathArenaMarket', 'marketStatsLong', 'CC4', 8, NULL, -1000000000.0000000000),
	('mathArenaMarket', 'marketStatsLong', 'CC4', 9, NULL, -1000000000.0000000000),
	('mathArenaMarket', 'marketStatsLong', 'CC5', 7, NULL, -1000000000.0000000000),
	('mathArenaMarket', 'marketStatsLong', 'CC5', 8, NULL, -1000000000.0000000000),
	('mathArenaMarket', 'marketStatsLong', 'CC5', 9, NULL, -1000000000.0000000000),
	('mathArenaMarket', 'marketStatsLong', 'USD', 7, NULL, -1000000000.0000000000),
	('mathArenaMarket', 'marketStatsLong', 'USD', 8, NULL, -1000000000.0000000000),
	('mathArenaMarket', 'marketStatsLong', 'USD', 9, NULL, -1000000000.0000000000),
	('mathArenaMarket', 'marketStatsLong', 'CC1', 0, 0, -1000000000.0000000000),
	('mathArenaMarket', 'marketStatsLong', 'CC1', 1, 0, -1000000000.0000000000),
	('mathArenaMarket', 'marketStatsLong', 'CC1', 0, 1, -1000000000.0000000000),
	('mathArenaMarket', 'marketStatsLong', 'CC1', 1, 1, -1000000000.0000000000),
	('mathArenaMarket', 'marketStatsLong', 'CC1', 0, 2, -1000000000.0000000000),
	('mathArenaMarket', 'marketStatsLong', 'CC1', 1, 2, -1000000000.0000000000),
	('mathArenaMarket', 'marketStatsLong', 'CC1', 0, 3, -1000000000.0000000000),
	('mathArenaMarket', 'marketStatsLong', 'CC1', 1, 3, -1000000000.0000000000),
	('mathArenaMarket', 'marketStatsLong', 'CC1', 0, 4, -1000000000.0000000000),
	('mathArenaMarket', 'marketStatsLong', 'CC1', 1, 4, -1000000000.0000000000),
	('mathArenaMarket', 'marketStatsLong', 'CC1', 0, 5, -1000000000.0000000000),
	('mathArenaMarket', 'marketStatsLong', 'CC1', 1, 5, -1000000000.0000000000),
	('mathArenaMarket', 'marketStatsLong', 'CC1', 0, 6, -1000000000.0000000000),
	('mathArenaMarket', 'marketStatsLong', 'CC1', 1, 6, -1000000000.0000000000),
	('mathArenaMarket', 'marketStatsLong', 'CC1', 0, 7, -1000000000.0000000000),
	('mathArenaMarket', 'marketStatsLong', 'CC1', 1, 7, -1000000000.0000000000),
	('mathArenaMarket', 'marketStatsLong', 'CC1', 0, 8, -1000000000.0000000000),
	('mathArenaMarket', 'marketStatsLong', 'CC1', 1, 8, -1000000000.0000000000),
	('mathArenaMarket', 'marketStatsLong', 'CC1', 0, 9, -1000000000.0000000000),
	('mathArenaMarket', 'marketStatsLong', 'CC1', 1, 9, -1000000000.0000000000),
	('mathArenaMarket', 'marketStatsLong', 'CC1', 0, 10, -1000000000.0000000000),
	('mathArenaMarket', 'marketStatsLong', 'CC1', 1, 10, -1000000000.0000000000),
	('mathArenaMarket', 'marketStatsLong', 'CC1', 0, 11, -1000000000.0000000000),
	('mathArenaMarket', 'marketStatsLong', 'CC1', 1, 11, -1000000000.0000000000),
	('mathArenaMarket', 'marketStatsLong', 'CC1', 0, 12, -1000000000.0000000000),
	('mathArenaMarket', 'marketStatsLong', 'CC1', 1, 12, -1000000000.0000000000),
	('mathArenaMarket', 'marketStatsLong', 'CC1', 0, 13, -1000000000.0000000000),
	('mathArenaMarket', 'marketStatsLong', 'CC1', 1, 13, -1000000000.0000000000),
	('mathArenaMarket', 'marketStatsLong', 'CC1', 0, 14, -1000000000.0000000000),
	('mathArenaMarket', 'marketStatsLong', 'CC1', 1, 14, -1000000000.0000000000),
	('mathArenaMarket', 'marketStatsLong', 'CC1', 0, 15, -1000000000.0000000000),
	('mathArenaMarket', 'marketStatsLong', 'CC1', 1, 15, -1000000000.0000000000),
	('mathArenaMarket', 'marketStatsLong', 'CC1', 0, 16, -1000000000.0000000000),
	('mathArenaMarket', 'marketStatsLong', 'CC1', 1, 16, -1000000000.0000000000),
	('mathArenaMarket', 'marketStatsLong', 'CC1', 0, 17, -1000000000.0000000000),
	('mathArenaMarket', 'marketStatsLong', 'CC1', 1, 17, -1000000000.0000000000),
	('mathArenaMarket', 'marketStatsLong', 'CC1', 0, 18, -1000000000.0000000000),
	('mathArenaMarket', 'marketStatsLong', 'CC1', 1, 18, -1000000000.0000000000),
	('mathArenaMarket', 'marketStatsLong', 'CC1', 0, 19, -1000000000.0000000000),
	('mathArenaMarket', 'marketStatsLong', 'CC1', 1, 19, -1000000000.0000000000),
	('mathArenaMarket', 'marketStatsLong', 'CC1', 0, 20, -1000000000.0000000000),
	('mathArenaMarket', 'marketStatsLong', 'CC1', 1, 20, -1000000000.0000000000),
	('mathArenaMarket', 'marketStatsLong', 'CC1', 0, 21, -1000000000.0000000000),
	('mathArenaMarket', 'marketStatsLong', 'CC1', 1, 21, -1000000000.0000000000),
	('mathArenaMarket', 'marketStatsLong', 'CC1', 0, 22, -1000000000.0000000000),
	('mathArenaMarket', 'marketStatsLong', 'CC1', 1, 22, -1000000000.0000000000),
	('mathArenaMarket', 'marketStatsLong', 'CC1', 0, 23, -1000000000.0000000000),
	('mathArenaMarket', 'marketStatsLong', 'CC1', 1, 23, -1000000000.0000000000),
	('mathArenaMarket', 'marketStatsLong', 'CC1', 0, 24, -1000000000.0000000000),
	('mathArenaMarket', 'marketStatsLong', 'CC1', 1, 24, -1000000000.0000000000),
	('mathArenaMarket', 'marketStatsLong', 'CC1', 0, 25, -1000000000.0000000000),
	('mathArenaMarket', 'marketStatsLong', 'CC1', 1, 25, -1000000000.0000000000),
	('mathArenaMarket', 'marketStatsLong', 'CC1', 0, 26, -1000000000.0000000000),
	('mathArenaMarket', 'marketStatsLong', 'CC1', 1, 26, -1000000000.0000000000),
	('mathArenaMarket', 'marketStatsLong', 'CC1', 0, 27, -1000000000.0000000000),
	('mathArenaMarket', 'marketStatsLong', 'CC1', 1, 27, -1000000000.0000000000),
	('mathArenaMarket', 'marketStatsLong', 'CC1', 0, 28, -1000000000.0000000000),
	('mathArenaMarket', 'marketStatsLong', 'CC1', 1, 28, -1000000000.0000000000),
	('mathArenaMarket', 'marketStatsLong', 'CC1', 0, 29, -1000000000.0000000000),
	('mathArenaMarket', 'marketStatsLong', 'CC1', 1, 29, -1000000000.0000000000),
	('mathArenaMarket', 'marketStatsLong', 'CC1', 0, 30, -1000000000.0000000000),
	('mathArenaMarket', 'marketStatsLong', 'CC1', 1, 30, -1000000000.0000000000),
	('mathArenaMarket', 'marketStatsLong', 'CC1', 0, 31, -1000000000.0000000000),
	('mathArenaMarket', 'marketStatsLong', 'CC1', 1, 31, -1000000000.0000000000),
	('mathArenaMarket', 'marketStatsLong', 'CC1', 0, 32, -1000000000.0000000000),
	('mathArenaMarket', 'marketStatsLong', 'CC1', 1, 32, -1000000000.0000000000),
	('mathArenaMarket', 'marketStatsLong', 'CC1', 0, 33, -1000000000.0000000000),
	('mathArenaMarket', 'marketStatsLong', 'CC1', 1, 33, -1000000000.0000000000),
	('mathArenaMarket', 'marketStatsLong', 'CC1', 0, 34, -1000000000.0000000000),
	('mathArenaMarket', 'marketStatsLong', 'CC1', 1, 34, -1000000000.0000000000),
	('mathArenaMarket', 'marketStatsLong', 'CC1', 0, 35, -1000000000.0000000000),
	('mathArenaMarket', 'marketStatsLong', 'CC1', 1, 35, -1000000000.0000000000),
	('mathArenaMarket', 'marketStatsLong', 'CC1', 0, 36, -1000000000.0000000000),
	('mathArenaMarket', 'marketStatsLong', 'CC1', 1, 36, -1000000000.0000000000),
	('mathArenaMarket', 'marketStatsLong', 'CC1', 0, 37, -1000000000.0000000000),
	('mathArenaMarket', 'marketStatsLong', 'CC1', 1, 37, -1000000000.0000000000),
	('mathArenaMarket', 'marketStatsLong', 'CC1', 0, 38, -1000000000.0000000000),
	('mathArenaMarket', 'marketStatsLong', 'CC1', 1, 38, -1000000000.0000000000),
	('mathArenaMarket', 'marketStatsLong', 'CC1', 0, 39, -1000000000.0000000000),
	('mathArenaMarket', 'marketStatsLong', 'CC1', 1, 39, -1000000000.0000000000),
	('mathArenaMarket', 'marketStatsLong', 'CC1', 0, 40, -1000000000.0000000000),
	('mathArenaMarket', 'marketStatsLong', 'CC1', 1, 40, -1000000000.0000000000),
	('mathArenaMarket', 'marketStatsLong', 'CC1', 0, 41, -1000000000.0000000000),
	('mathArenaMarket', 'marketStatsLong', 'CC1', 1, 41, -1000000000.0000000000),
	('mathArenaMarket', 'marketStatsLong', 'CC1', 0, 42, -1000000000.0000000000),
	('mathArenaMarket', 'marketStatsLong', 'CC1', 1, 42, -1000000000.0000000000),
	('mathArenaMarket', 'marketStatsLong', 'CC1', 0, 43, -1000000000.0000000000),
	('mathArenaMarket', 'marketStatsLong', 'CC1', 1, 43, -1000000000.0000000000),
	('mathArenaMarket', 'marketStatsLong', 'CC1', 0, 44, -1000000000.0000000000),
	('mathArenaMarket', 'marketStatsLong', 'CC1', 1, 44, -1000000000.0000000000),
	('mathArenaMarket', 'marketStatsLong', 'CC1', 0, 45, -1000000000.0000000000),
	('mathArenaMarket', 'marketStatsLong', 'CC1', 1, 45, -1000000000.0000000000),
	('mathArenaMarket', 'marketStatsLong', 'CC1', 0, 46, -1000000000.0000000000),
	('mathArenaMarket', 'marketStatsLong', 'CC1', 1, 46, -1000000000.0000000000),
	('mathArenaMarket', 'marketStatsLong', 'CC1', 0, 47, -1000000000.0000000000),
	('mathArenaMarket', 'marketStatsLong', 'CC1', 1, 47, -1000000000.0000000000),
	('mathArenaMarket', 'marketStatsLong', 'CC1', 0, 48, -1000000000.0000000000),
	('mathArenaMarket', 'marketStatsLong', 'CC1', 1, 48, -1000000000.0000000000),
	('mathArenaMarket', 'marketStatsLong', 'CC1', 0, 49, -1000000000.0000000000),
	('mathArenaMarket', 'marketStatsLong', 'CC1', 1, 49, -1000000000.0000000000),
	('mathArenaMarket', 'marketStatsLong', 'CC2', 0, 0, -1000000000.0000000000),
	('mathArenaMarket', 'marketStatsLong', 'CC2', 1, 0, -1000000000.0000000000),
	('mathArenaMarket', 'marketStatsLong', 'CC2', 0, 1, -1000000000.0000000000),
	('mathArenaMarket', 'marketStatsLong', 'CC2', 1, 1, -1000000000.0000000000),
	('mathArenaMarket', 'marketStatsLong', 'CC2', 0, 2, -1000000000.0000000000),
	('mathArenaMarket', 'marketStatsLong', 'CC2', 1, 2, -1000000000.0000000000),
	('mathArenaMarket', 'marketStatsLong', 'CC2', 0, 3, -1000000000.0000000000),
	('mathArenaMarket', 'marketStatsLong', 'CC2', 1, 3, -1000000000.0000000000),
	('mathArenaMarket', 'marketStatsLong', 'CC2', 0, 4, -1000000000.0000000000),
	('mathArenaMarket', 'marketStatsLong', 'CC2', 1, 4, -1000000000.0000000000),
	('mathArenaMarket', 'marketStatsLong', 'CC2', 0, 5, -1000000000.0000000000),
	('mathArenaMarket', 'marketStatsLong', 'CC2', 1, 5, -1000000000.0000000000),
	('mathArenaMarket', 'marketStatsLong', 'CC2', 0, 6, -1000000000.0000000000),
	('mathArenaMarket', 'marketStatsLong', 'CC2', 1, 6, -1000000000.0000000000),
	('mathArenaMarket', 'marketStatsLong', 'CC2', 0, 7, -1000000000.0000000000),
	('mathArenaMarket', 'marketStatsLong', 'CC2', 1, 7, -1000000000.0000000000),
	('mathArenaMarket', 'marketStatsLong', 'CC2', 0, 8, -1000000000.0000000000),
	('mathArenaMarket', 'marketStatsLong', 'CC2', 1, 8, -1000000000.0000000000),
	('mathArenaMarket', 'marketStatsLong', 'CC2', 0, 9, -1000000000.0000000000),
	('mathArenaMarket', 'marketStatsLong', 'CC2', 1, 9, -1000000000.0000000000),
	('mathArenaMarket', 'marketStatsLong', 'CC2', 0, 10, -1000000000.0000000000),
	('mathArenaMarket', 'marketStatsLong', 'CC2', 1, 10, -1000000000.0000000000),
	('mathArenaMarket', 'marketStatsLong', 'CC2', 0, 11, -1000000000.0000000000),
	('mathArenaMarket', 'marketStatsLong', 'CC2', 1, 11, -1000000000.0000000000),
	('mathArenaMarket', 'marketStatsLong', 'CC2', 0, 12, -1000000000.0000000000),
	('mathArenaMarket', 'marketStatsLong', 'CC2', 1, 12, -1000000000.0000000000),
	('mathArenaMarket', 'marketStatsLong', 'CC2', 0, 13, -1000000000.0000000000),
	('mathArenaMarket', 'marketStatsLong', 'CC2', 1, 13, -1000000000.0000000000),
	('mathArenaMarket', 'marketStatsLong', 'CC2', 0, 14, -1000000000.0000000000),
	('mathArenaMarket', 'marketStatsLong', 'CC2', 1, 14, -1000000000.0000000000),
	('mathArenaMarket', 'marketStatsLong', 'CC2', 0, 15, -1000000000.0000000000),
	('mathArenaMarket', 'marketStatsLong', 'CC2', 1, 15, -1000000000.0000000000),
	('mathArenaMarket', 'marketStatsLong', 'CC2', 0, 16, -1000000000.0000000000),
	('mathArenaMarket', 'marketStatsLong', 'CC2', 1, 16, -1000000000.0000000000),
	('mathArenaMarket', 'marketStatsLong', 'CC2', 0, 17, -1000000000.0000000000),
	('mathArenaMarket', 'marketStatsLong', 'CC2', 1, 17, -1000000000.0000000000),
	('mathArenaMarket', 'marketStatsLong', 'CC2', 0, 18, -1000000000.0000000000),
	('mathArenaMarket', 'marketStatsLong', 'CC2', 1, 18, -1000000000.0000000000),
	('mathArenaMarket', 'marketStatsLong', 'CC2', 0, 19, -1000000000.0000000000),
	('mathArenaMarket', 'marketStatsLong', 'CC2', 1, 19, -1000000000.0000000000),
	('mathArenaMarket', 'marketStatsLong', 'CC2', 0, 20, -1000000000.0000000000),
	('mathArenaMarket', 'marketStatsLong', 'CC2', 1, 20, -1000000000.0000000000),
	('mathArenaMarket', 'marketStatsLong', 'CC2', 0, 21, -1000000000.0000000000),
	('mathArenaMarket', 'marketStatsLong', 'CC2', 1, 21, -1000000000.0000000000),
	('mathArenaMarket', 'marketStatsLong', 'CC2', 0, 22, -1000000000.0000000000),
	('mathArenaMarket', 'marketStatsLong', 'CC2', 1, 22, -1000000000.0000000000),
	('mathArenaMarket', 'marketStatsLong', 'CC2', 0, 23, -1000000000.0000000000),
	('mathArenaMarket', 'marketStatsLong', 'CC2', 1, 23, -1000000000.0000000000),
	('mathArenaMarket', 'marketStatsLong', 'CC2', 0, 24, -1000000000.0000000000),
	('mathArenaMarket', 'marketStatsLong', 'CC2', 1, 24, -1000000000.0000000000),
	('mathArenaMarket', 'marketStatsLong', 'CC2', 0, 25, -1000000000.0000000000),
	('mathArenaMarket', 'marketStatsLong', 'CC2', 1, 25, -1000000000.0000000000),
	('mathArenaMarket', 'marketStatsLong', 'CC2', 0, 26, -1000000000.0000000000),
	('mathArenaMarket', 'marketStatsLong', 'CC2', 1, 26, -1000000000.0000000000),
	('mathArenaMarket', 'marketStatsLong', 'CC2', 0, 27, -1000000000.0000000000),
	('mathArenaMarket', 'marketStatsLong', 'CC2', 1, 27, -1000000000.0000000000),
	('mathArenaMarket', 'marketStatsLong', 'CC2', 0, 28, -1000000000.0000000000),
	('mathArenaMarket', 'marketStatsLong', 'CC2', 1, 28, -1000000000.0000000000),
	('mathArenaMarket', 'marketStatsLong', 'CC2', 0, 29, -1000000000.0000000000),
	('mathArenaMarket', 'marketStatsLong', 'CC2', 1, 29, -1000000000.0000000000),
	('mathArenaMarket', 'marketStatsLong', 'CC2', 0, 30, -1000000000.0000000000),
	('mathArenaMarket', 'marketStatsLong', 'CC2', 1, 30, -1000000000.0000000000),
	('mathArenaMarket', 'marketStatsLong', 'CC2', 0, 31, -1000000000.0000000000),
	('mathArenaMarket', 'marketStatsLong', 'CC2', 1, 31, -1000000000.0000000000),
	('mathArenaMarket', 'marketStatsLong', 'CC2', 0, 32, -1000000000.0000000000),
	('mathArenaMarket', 'marketStatsLong', 'CC2', 1, 32, -1000000000.0000000000),
	('mathArenaMarket', 'marketStatsLong', 'CC2', 0, 33, -1000000000.0000000000),
	('mathArenaMarket', 'marketStatsLong', 'CC2', 1, 33, -1000000000.0000000000),
	('mathArenaMarket', 'marketStatsLong', 'CC2', 0, 34, -1000000000.0000000000),
	('mathArenaMarket', 'marketStatsLong', 'CC2', 1, 34, -1000000000.0000000000),
	('mathArenaMarket', 'marketStatsLong', 'CC2', 0, 35, -1000000000.0000000000),
	('mathArenaMarket', 'marketStatsLong', 'CC2', 1, 35, -1000000000.0000000000),
	('mathArenaMarket', 'marketStatsLong', 'CC2', 0, 36, -1000000000.0000000000),
	('mathArenaMarket', 'marketStatsLong', 'CC2', 1, 36, -1000000000.0000000000),
	('mathArenaMarket', 'marketStatsLong', 'CC2', 0, 37, -1000000000.0000000000),
	('mathArenaMarket', 'marketStatsLong', 'CC2', 1, 37, -1000000000.0000000000),
	('mathArenaMarket', 'marketStatsLong', 'CC2', 0, 38, -1000000000.0000000000),
	('mathArenaMarket', 'marketStatsLong', 'CC2', 1, 38, -1000000000.0000000000),
	('mathArenaMarket', 'marketStatsLong', 'CC2', 0, 39, -1000000000.0000000000),
	('mathArenaMarket', 'marketStatsLong', 'CC2', 1, 39, -1000000000.0000000000),
	('mathArenaMarket', 'marketStatsLong', 'CC2', 0, 40, -1000000000.0000000000),
	('mathArenaMarket', 'marketStatsLong', 'CC2', 1, 40, -1000000000.0000000000),
	('mathArenaMarket', 'marketStatsLong', 'CC2', 0, 41, -1000000000.0000000000),
	('mathArenaMarket', 'marketStatsLong', 'CC2', 1, 41, -1000000000.0000000000),
	('mathArenaMarket', 'marketStatsLong', 'CC2', 0, 42, -1000000000.0000000000),
	('mathArenaMarket', 'marketStatsLong', 'CC2', 1, 42, -1000000000.0000000000),
	('mathArenaMarket', 'marketStatsLong', 'CC2', 0, 43, -1000000000.0000000000),
	('mathArenaMarket', 'marketStatsLong', 'CC2', 1, 43, -1000000000.0000000000),
	('mathArenaMarket', 'marketStatsLong', 'CC2', 0, 44, -1000000000.0000000000),
	('mathArenaMarket', 'marketStatsLong', 'CC2', 1, 44, -1000000000.0000000000),
	('mathArenaMarket', 'marketStatsLong', 'CC2', 0, 45, -1000000000.0000000000),
	('mathArenaMarket', 'marketStatsLong', 'CC2', 1, 45, -1000000000.0000000000),
	('mathArenaMarket', 'marketStatsLong', 'CC2', 0, 46, -1000000000.0000000000),
	('mathArenaMarket', 'marketStatsLong', 'CC2', 1, 46, -1000000000.0000000000),
	('mathArenaMarket', 'marketStatsLong', 'CC2', 0, 47, -1000000000.0000000000),
	('mathArenaMarket', 'marketStatsLong', 'CC2', 1, 47, -1000000000.0000000000),
	('mathArenaMarket', 'marketStatsLong', 'CC2', 0, 48, -1000000000.0000000000),
	('mathArenaMarket', 'marketStatsLong', 'CC2', 1, 48, -1000000000.0000000000),
	('mathArenaMarket', 'marketStatsLong', 'CC2', 0, 49, -1000000000.0000000000),
	('mathArenaMarket', 'marketStatsLong', 'CC2', 1, 49, -1000000000.0000000000),
	('mathArenaMarket', 'marketStatsLong', 'CC3', 0, 0, -1000000000.0000000000),
	('mathArenaMarket', 'marketStatsLong', 'CC3', 1, 0, -1000000000.0000000000),
	('mathArenaMarket', 'marketStatsLong', 'CC3', 0, 1, -1000000000.0000000000),
	('mathArenaMarket', 'marketStatsLong', 'CC3', 1, 1, -1000000000.0000000000),
	('mathArenaMarket', 'marketStatsLong', 'CC3', 0, 2, -1000000000.0000000000),
	('mathArenaMarket', 'marketStatsLong', 'CC3', 1, 2, -1000000000.0000000000),
	('mathArenaMarket', 'marketStatsLong', 'CC3', 0, 3, -1000000000.0000000000),
	('mathArenaMarket', 'marketStatsLong', 'CC3', 1, 3, -1000000000.0000000000),
	('mathArenaMarket', 'marketStatsLong', 'CC3', 0, 4, -1000000000.0000000000),
	('mathArenaMarket', 'marketStatsLong', 'CC3', 1, 4, -1000000000.0000000000),
	('mathArenaMarket', 'marketStatsLong', 'CC3', 0, 5, -1000000000.0000000000),
	('mathArenaMarket', 'marketStatsLong', 'CC3', 1, 5, -1000000000.0000000000),
	('mathArenaMarket', 'marketStatsLong', 'CC3', 0, 6, -1000000000.0000000000),
	('mathArenaMarket', 'marketStatsLong', 'CC3', 1, 6, -1000000000.0000000000),
	('mathArenaMarket', 'marketStatsLong', 'CC3', 0, 7, -1000000000.0000000000),
	('mathArenaMarket', 'marketStatsLong', 'CC3', 1, 7, -1000000000.0000000000),
	('mathArenaMarket', 'marketStatsLong', 'CC3', 0, 8, -1000000000.0000000000),
	('mathArenaMarket', 'marketStatsLong', 'CC3', 1, 8, -1000000000.0000000000),
	('mathArenaMarket', 'marketStatsLong', 'CC3', 0, 9, -1000000000.0000000000),
	('mathArenaMarket', 'marketStatsLong', 'CC3', 1, 9, -1000000000.0000000000),
	('mathArenaMarket', 'marketStatsLong', 'CC3', 0, 10, -1000000000.0000000000),
	('mathArenaMarket', 'marketStatsLong', 'CC3', 1, 10, -1000000000.0000000000),
	('mathArenaMarket', 'marketStatsLong', 'CC3', 0, 11, -1000000000.0000000000),
	('mathArenaMarket', 'marketStatsLong', 'CC3', 1, 11, -1000000000.0000000000),
	('mathArenaMarket', 'marketStatsLong', 'CC3', 0, 12, -1000000000.0000000000),
	('mathArenaMarket', 'marketStatsLong', 'CC3', 1, 12, -1000000000.0000000000),
	('mathArenaMarket', 'marketStatsLong', 'CC3', 0, 13, -1000000000.0000000000),
	('mathArenaMarket', 'marketStatsLong', 'CC3', 1, 13, -1000000000.0000000000),
	('mathArenaMarket', 'marketStatsLong', 'CC3', 0, 14, -1000000000.0000000000),
	('mathArenaMarket', 'marketStatsLong', 'CC3', 1, 14, -1000000000.0000000000),
	('mathArenaMarket', 'marketStatsLong', 'CC3', 0, 15, -1000000000.0000000000),
	('mathArenaMarket', 'marketStatsLong', 'CC3', 1, 15, -1000000000.0000000000),
	('mathArenaMarket', 'marketStatsLong', 'CC3', 0, 16, -1000000000.0000000000),
	('mathArenaMarket', 'marketStatsLong', 'CC3', 1, 16, -1000000000.0000000000),
	('mathArenaMarket', 'marketStatsLong', 'CC3', 0, 17, -1000000000.0000000000),
	('mathArenaMarket', 'marketStatsLong', 'CC3', 1, 17, -1000000000.0000000000),
	('mathArenaMarket', 'marketStatsLong', 'CC3', 0, 18, -1000000000.0000000000),
	('mathArenaMarket', 'marketStatsLong', 'CC3', 1, 18, -1000000000.0000000000),
	('mathArenaMarket', 'marketStatsLong', 'CC3', 0, 19, -1000000000.0000000000),
	('mathArenaMarket', 'marketStatsLong', 'CC3', 1, 19, -1000000000.0000000000),
	('mathArenaMarket', 'marketStatsLong', 'CC3', 0, 20, -1000000000.0000000000),
	('mathArenaMarket', 'marketStatsLong', 'CC3', 1, 20, -1000000000.0000000000),
	('mathArenaMarket', 'marketStatsLong', 'CC3', 0, 21, -1000000000.0000000000),
	('mathArenaMarket', 'marketStatsLong', 'CC3', 1, 21, -1000000000.0000000000),
	('mathArenaMarket', 'marketStatsLong', 'CC3', 0, 22, -1000000000.0000000000),
	('mathArenaMarket', 'marketStatsLong', 'CC3', 1, 22, -1000000000.0000000000),
	('mathArenaMarket', 'marketStatsLong', 'CC3', 0, 23, -1000000000.0000000000),
	('mathArenaMarket', 'marketStatsLong', 'CC3', 1, 23, -1000000000.0000000000),
	('mathArenaMarket', 'marketStatsLong', 'CC3', 0, 24, -1000000000.0000000000),
	('mathArenaMarket', 'marketStatsLong', 'CC3', 1, 24, -1000000000.0000000000),
	('mathArenaMarket', 'marketStatsLong', 'CC3', 0, 25, -1000000000.0000000000),
	('mathArenaMarket', 'marketStatsLong', 'CC3', 1, 25, -1000000000.0000000000),
	('mathArenaMarket', 'marketStatsLong', 'CC3', 0, 26, -1000000000.0000000000),
	('mathArenaMarket', 'marketStatsLong', 'CC3', 1, 26, -1000000000.0000000000),
	('mathArenaMarket', 'marketStatsLong', 'CC3', 0, 27, -1000000000.0000000000),
	('mathArenaMarket', 'marketStatsLong', 'CC3', 1, 27, -1000000000.0000000000),
	('mathArenaMarket', 'marketStatsLong', 'CC3', 0, 28, -1000000000.0000000000),
	('mathArenaMarket', 'marketStatsLong', 'CC3', 1, 28, -1000000000.0000000000),
	('mathArenaMarket', 'marketStatsLong', 'CC3', 0, 29, -1000000000.0000000000),
	('mathArenaMarket', 'marketStatsLong', 'CC3', 1, 29, -1000000000.0000000000),
	('mathArenaMarket', 'marketStatsLong', 'CC3', 0, 30, -1000000000.0000000000),
	('mathArenaMarket', 'marketStatsLong', 'CC3', 1, 30, -1000000000.0000000000),
	('mathArenaMarket', 'marketStatsLong', 'CC3', 0, 31, -1000000000.0000000000),
	('mathArenaMarket', 'marketStatsLong', 'CC3', 1, 31, -1000000000.0000000000),
	('mathArenaMarket', 'marketStatsLong', 'CC3', 0, 32, -1000000000.0000000000),
	('mathArenaMarket', 'marketStatsLong', 'CC3', 1, 32, -1000000000.0000000000),
	('mathArenaMarket', 'marketStatsLong', 'CC3', 0, 33, -1000000000.0000000000),
	('mathArenaMarket', 'marketStatsLong', 'CC3', 1, 33, -1000000000.0000000000),
	('mathArenaMarket', 'marketStatsLong', 'CC3', 0, 34, -1000000000.0000000000),
	('mathArenaMarket', 'marketStatsLong', 'CC3', 1, 34, -1000000000.0000000000),
	('mathArenaMarket', 'marketStatsLong', 'CC3', 0, 35, -1000000000.0000000000),
	('mathArenaMarket', 'marketStatsLong', 'CC3', 1, 35, -1000000000.0000000000),
	('mathArenaMarket', 'marketStatsLong', 'CC3', 0, 36, -1000000000.0000000000),
	('mathArenaMarket', 'marketStatsLong', 'CC3', 1, 36, -1000000000.0000000000),
	('mathArenaMarket', 'marketStatsLong', 'CC3', 0, 37, -1000000000.0000000000),
	('mathArenaMarket', 'marketStatsLong', 'CC3', 1, 37, -1000000000.0000000000),
	('mathArenaMarket', 'marketStatsLong', 'CC3', 0, 38, -1000000000.0000000000),
	('mathArenaMarket', 'marketStatsLong', 'CC3', 1, 38, -1000000000.0000000000),
	('mathArenaMarket', 'marketStatsLong', 'CC3', 0, 39, -1000000000.0000000000),
	('mathArenaMarket', 'marketStatsLong', 'CC3', 1, 39, -1000000000.0000000000),
	('mathArenaMarket', 'marketStatsLong', 'CC3', 0, 40, -1000000000.0000000000),
	('mathArenaMarket', 'marketStatsLong', 'CC3', 1, 40, -1000000000.0000000000),
	('mathArenaMarket', 'marketStatsLong', 'CC3', 0, 41, -1000000000.0000000000),
	('mathArenaMarket', 'marketStatsLong', 'CC3', 1, 41, -1000000000.0000000000),
	('mathArenaMarket', 'marketStatsLong', 'CC3', 0, 42, -1000000000.0000000000),
	('mathArenaMarket', 'marketStatsLong', 'CC3', 1, 42, -1000000000.0000000000),
	('mathArenaMarket', 'marketStatsLong', 'CC3', 0, 43, -1000000000.0000000000),
	('mathArenaMarket', 'marketStatsLong', 'CC3', 1, 43, -1000000000.0000000000),
	('mathArenaMarket', 'marketStatsLong', 'CC3', 0, 44, -1000000000.0000000000),
	('mathArenaMarket', 'marketStatsLong', 'CC3', 1, 44, -1000000000.0000000000),
	('mathArenaMarket', 'marketStatsLong', 'CC3', 0, 45, -1000000000.0000000000),
	('mathArenaMarket', 'marketStatsLong', 'CC3', 1, 45, -1000000000.0000000000),
	('mathArenaMarket', 'marketStatsLong', 'CC3', 0, 46, -1000000000.0000000000),
	('mathArenaMarket', 'marketStatsLong', 'CC3', 1, 46, -1000000000.0000000000),
	('mathArenaMarket', 'marketStatsLong', 'CC3', 0, 47, -1000000000.0000000000),
	('mathArenaMarket', 'marketStatsLong', 'CC3', 1, 47, -1000000000.0000000000),
	('mathArenaMarket', 'marketStatsLong', 'CC3', 0, 48, -1000000000.0000000000),
	('mathArenaMarket', 'marketStatsLong', 'CC3', 1, 48, -1000000000.0000000000),
	('mathArenaMarket', 'marketStatsLong', 'CC3', 0, 49, -1000000000.0000000000),
	('mathArenaMarket', 'marketStatsLong', 'CC3', 1, 49, -1000000000.0000000000),
	('mathArenaMarket', 'marketStatsLong', 'CC4', 0, 0, -1000000000.0000000000),
	('mathArenaMarket', 'marketStatsLong', 'CC4', 1, 0, -1000000000.0000000000),
	('mathArenaMarket', 'marketStatsLong', 'CC4', 0, 1, -1000000000.0000000000),
	('mathArenaMarket', 'marketStatsLong', 'CC4', 1, 1, -1000000000.0000000000),
	('mathArenaMarket', 'marketStatsLong', 'CC4', 0, 2, -1000000000.0000000000),
	('mathArenaMarket', 'marketStatsLong', 'CC4', 1, 2, -1000000000.0000000000),
	('mathArenaMarket', 'marketStatsLong', 'CC4', 0, 3, -1000000000.0000000000),
	('mathArenaMarket', 'marketStatsLong', 'CC4', 1, 3, -1000000000.0000000000),
	('mathArenaMarket', 'marketStatsLong', 'CC4', 0, 4, -1000000000.0000000000),
	('mathArenaMarket', 'marketStatsLong', 'CC4', 1, 4, -1000000000.0000000000),
	('mathArenaMarket', 'marketStatsLong', 'CC4', 0, 5, -1000000000.0000000000),
	('mathArenaMarket', 'marketStatsLong', 'CC4', 1, 5, -1000000000.0000000000),
	('mathArenaMarket', 'marketStatsLong', 'CC4', 0, 6, -1000000000.0000000000),
	('mathArenaMarket', 'marketStatsLong', 'CC4', 1, 6, -1000000000.0000000000),
	('mathArenaMarket', 'marketStatsLong', 'CC4', 0, 7, -1000000000.0000000000),
	('mathArenaMarket', 'marketStatsLong', 'CC4', 1, 7, -1000000000.0000000000),
	('mathArenaMarket', 'marketStatsLong', 'CC4', 0, 8, -1000000000.0000000000),
	('mathArenaMarket', 'marketStatsLong', 'CC4', 1, 8, -1000000000.0000000000),
	('mathArenaMarket', 'marketStatsLong', 'CC4', 0, 9, -1000000000.0000000000),
	('mathArenaMarket', 'marketStatsLong', 'CC4', 1, 9, -1000000000.0000000000),
	('mathArenaMarket', 'marketStatsLong', 'CC4', 0, 10, -1000000000.0000000000),
	('mathArenaMarket', 'marketStatsLong', 'CC4', 1, 10, -1000000000.0000000000),
	('mathArenaMarket', 'marketStatsLong', 'CC4', 0, 11, -1000000000.0000000000),
	('mathArenaMarket', 'marketStatsLong', 'CC4', 1, 11, -1000000000.0000000000),
	('mathArenaMarket', 'marketStatsLong', 'CC4', 0, 12, -1000000000.0000000000),
	('mathArenaMarket', 'marketStatsLong', 'CC4', 1, 12, -1000000000.0000000000),
	('mathArenaMarket', 'marketStatsLong', 'CC4', 0, 13, -1000000000.0000000000),
	('mathArenaMarket', 'marketStatsLong', 'CC4', 1, 13, -1000000000.0000000000),
	('mathArenaMarket', 'marketStatsLong', 'CC4', 0, 14, -1000000000.0000000000),
	('mathArenaMarket', 'marketStatsLong', 'CC4', 1, 14, -1000000000.0000000000),
	('mathArenaMarket', 'marketStatsLong', 'CC4', 0, 15, -1000000000.0000000000),
	('mathArenaMarket', 'marketStatsLong', 'CC4', 1, 15, -1000000000.0000000000),
	('mathArenaMarket', 'marketStatsLong', 'CC4', 0, 16, -1000000000.0000000000),
	('mathArenaMarket', 'marketStatsLong', 'CC4', 1, 16, -1000000000.0000000000),
	('mathArenaMarket', 'marketStatsLong', 'CC4', 0, 17, -1000000000.0000000000),
	('mathArenaMarket', 'marketStatsLong', 'CC4', 1, 17, -1000000000.0000000000),
	('mathArenaMarket', 'marketStatsLong', 'CC4', 0, 18, -1000000000.0000000000),
	('mathArenaMarket', 'marketStatsLong', 'CC4', 1, 18, -1000000000.0000000000),
	('mathArenaMarket', 'marketStatsLong', 'CC4', 0, 19, -1000000000.0000000000),
	('mathArenaMarket', 'marketStatsLong', 'CC4', 1, 19, -1000000000.0000000000),
	('mathArenaMarket', 'marketStatsLong', 'CC4', 0, 20, -1000000000.0000000000),
	('mathArenaMarket', 'marketStatsLong', 'CC4', 1, 20, -1000000000.0000000000),
	('mathArenaMarket', 'marketStatsLong', 'CC4', 0, 21, -1000000000.0000000000),
	('mathArenaMarket', 'marketStatsLong', 'CC4', 1, 21, -1000000000.0000000000),
	('mathArenaMarket', 'marketStatsLong', 'CC4', 0, 22, -1000000000.0000000000),
	('mathArenaMarket', 'marketStatsLong', 'CC4', 1, 22, -1000000000.0000000000),
	('mathArenaMarket', 'marketStatsLong', 'CC4', 0, 23, -1000000000.0000000000),
	('mathArenaMarket', 'marketStatsLong', 'CC4', 1, 23, -1000000000.0000000000),
	('mathArenaMarket', 'marketStatsLong', 'CC4', 0, 24, -1000000000.0000000000),
	('mathArenaMarket', 'marketStatsLong', 'CC4', 1, 24, -1000000000.0000000000),
	('mathArenaMarket', 'marketStatsLong', 'CC4', 0, 25, -1000000000.0000000000),
	('mathArenaMarket', 'marketStatsLong', 'CC4', 1, 25, -1000000000.0000000000),
	('mathArenaMarket', 'marketStatsLong', 'CC4', 0, 26, -1000000000.0000000000),
	('mathArenaMarket', 'marketStatsLong', 'CC4', 1, 26, -1000000000.0000000000),
	('mathArenaMarket', 'marketStatsLong', 'CC4', 0, 27, -1000000000.0000000000),
	('mathArenaMarket', 'marketStatsLong', 'CC4', 1, 27, -1000000000.0000000000),
	('mathArenaMarket', 'marketStatsLong', 'CC4', 0, 28, -1000000000.0000000000),
	('mathArenaMarket', 'marketStatsLong', 'CC4', 1, 28, -1000000000.0000000000),
	('mathArenaMarket', 'marketStatsLong', 'CC4', 0, 29, -1000000000.0000000000),
	('mathArenaMarket', 'marketStatsLong', 'CC4', 1, 29, -1000000000.0000000000),
	('mathArenaMarket', 'marketStatsLong', 'CC4', 0, 30, -1000000000.0000000000),
	('mathArenaMarket', 'marketStatsLong', 'CC4', 1, 30, -1000000000.0000000000),
	('mathArenaMarket', 'marketStatsLong', 'CC4', 0, 31, -1000000000.0000000000),
	('mathArenaMarket', 'marketStatsLong', 'CC4', 1, 31, -1000000000.0000000000),
	('mathArenaMarket', 'marketStatsLong', 'CC4', 0, 32, -1000000000.0000000000),
	('mathArenaMarket', 'marketStatsLong', 'CC4', 1, 32, -1000000000.0000000000),
	('mathArenaMarket', 'marketStatsLong', 'CC4', 0, 33, -1000000000.0000000000),
	('mathArenaMarket', 'marketStatsLong', 'CC4', 1, 33, -1000000000.0000000000),
	('mathArenaMarket', 'marketStatsLong', 'CC4', 0, 34, -1000000000.0000000000),
	('mathArenaMarket', 'marketStatsLong', 'CC4', 1, 34, -1000000000.0000000000),
	('mathArenaMarket', 'marketStatsLong', 'CC4', 0, 35, -1000000000.0000000000),
	('mathArenaMarket', 'marketStatsLong', 'CC4', 1, 35, -1000000000.0000000000),
	('mathArenaMarket', 'marketStatsLong', 'CC4', 0, 36, -1000000000.0000000000),
	('mathArenaMarket', 'marketStatsLong', 'CC4', 1, 36, -1000000000.0000000000),
	('mathArenaMarket', 'marketStatsLong', 'CC4', 0, 37, -1000000000.0000000000),
	('mathArenaMarket', 'marketStatsLong', 'CC4', 1, 37, -1000000000.0000000000),
	('mathArenaMarket', 'marketStatsLong', 'CC4', 0, 38, -1000000000.0000000000),
	('mathArenaMarket', 'marketStatsLong', 'CC4', 1, 38, -1000000000.0000000000),
	('mathArenaMarket', 'marketStatsLong', 'CC4', 0, 39, -1000000000.0000000000),
	('mathArenaMarket', 'marketStatsLong', 'CC4', 1, 39, -1000000000.0000000000),
	('mathArenaMarket', 'marketStatsLong', 'CC4', 0, 40, -1000000000.0000000000),
	('mathArenaMarket', 'marketStatsLong', 'CC4', 1, 40, -1000000000.0000000000),
	('mathArenaMarket', 'marketStatsLong', 'CC4', 0, 41, -1000000000.0000000000),
	('mathArenaMarket', 'marketStatsLong', 'CC4', 1, 41, -1000000000.0000000000),
	('mathArenaMarket', 'marketStatsLong', 'CC4', 0, 42, -1000000000.0000000000),
	('mathArenaMarket', 'marketStatsLong', 'CC4', 1, 42, -1000000000.0000000000),
	('mathArenaMarket', 'marketStatsLong', 'CC4', 0, 43, -1000000000.0000000000),
	('mathArenaMarket', 'marketStatsLong', 'CC4', 1, 43, -1000000000.0000000000),
	('mathArenaMarket', 'marketStatsLong', 'CC4', 0, 44, -1000000000.0000000000),
	('mathArenaMarket', 'marketStatsLong', 'CC4', 1, 44, -1000000000.0000000000),
	('mathArenaMarket', 'marketStatsLong', 'CC4', 0, 45, -1000000000.0000000000),
	('mathArenaMarket', 'marketStatsLong', 'CC4', 1, 45, -1000000000.0000000000),
	('mathArenaMarket', 'marketStatsLong', 'CC4', 0, 46, -1000000000.0000000000),
	('mathArenaMarket', 'marketStatsLong', 'CC4', 1, 46, -1000000000.0000000000),
	('mathArenaMarket', 'marketStatsLong', 'CC4', 0, 47, -1000000000.0000000000),
	('mathArenaMarket', 'marketStatsLong', 'CC4', 1, 47, -1000000000.0000000000),
	('mathArenaMarket', 'marketStatsLong', 'CC4', 0, 48, -1000000000.0000000000),
	('mathArenaMarket', 'marketStatsLong', 'CC4', 1, 48, -1000000000.0000000000),
	('mathArenaMarket', 'marketStatsLong', 'CC4', 0, 49, -1000000000.0000000000),
	('mathArenaMarket', 'marketStatsLong', 'CC4', 1, 49, -1000000000.0000000000),
	('mathArenaMarket', 'marketStatsLong', 'CC5', 0, 0, -1000000000.0000000000),
	('mathArenaMarket', 'marketStatsLong', 'CC5', 1, 0, -1000000000.0000000000),
	('mathArenaMarket', 'marketStatsLong', 'CC5', 0, 1, -1000000000.0000000000),
	('mathArenaMarket', 'marketStatsLong', 'CC5', 1, 1, -1000000000.0000000000),
	('mathArenaMarket', 'marketStatsLong', 'CC5', 0, 2, -1000000000.0000000000),
	('mathArenaMarket', 'marketStatsLong', 'CC5', 1, 2, -1000000000.0000000000),
	('mathArenaMarket', 'marketStatsLong', 'CC5', 0, 3, -1000000000.0000000000),
	('mathArenaMarket', 'marketStatsLong', 'CC5', 1, 3, -1000000000.0000000000),
	('mathArenaMarket', 'marketStatsLong', 'CC5', 0, 4, -1000000000.0000000000),
	('mathArenaMarket', 'marketStatsLong', 'CC5', 1, 4, -1000000000.0000000000),
	('mathArenaMarket', 'marketStatsLong', 'CC5', 0, 5, -1000000000.0000000000),
	('mathArenaMarket', 'marketStatsLong', 'CC5', 1, 5, -1000000000.0000000000),
	('mathArenaMarket', 'marketStatsLong', 'CC5', 0, 6, -1000000000.0000000000),
	('mathArenaMarket', 'marketStatsLong', 'CC5', 1, 6, -1000000000.0000000000),
	('mathArenaMarket', 'marketStatsLong', 'CC5', 0, 7, -1000000000.0000000000),
	('mathArenaMarket', 'marketStatsLong', 'CC5', 1, 7, -1000000000.0000000000),
	('mathArenaMarket', 'marketStatsLong', 'CC5', 0, 8, -1000000000.0000000000),
	('mathArenaMarket', 'marketStatsLong', 'CC5', 1, 8, -1000000000.0000000000),
	('mathArenaMarket', 'marketStatsLong', 'CC5', 0, 9, -1000000000.0000000000),
	('mathArenaMarket', 'marketStatsLong', 'CC5', 1, 9, -1000000000.0000000000),
	('mathArenaMarket', 'marketStatsLong', 'CC5', 0, 10, -1000000000.0000000000),
	('mathArenaMarket', 'marketStatsLong', 'CC5', 1, 10, -1000000000.0000000000),
	('mathArenaMarket', 'marketStatsLong', 'CC5', 0, 11, -1000000000.0000000000),
	('mathArenaMarket', 'marketStatsLong', 'CC5', 1, 11, -1000000000.0000000000),
	('mathArenaMarket', 'marketStatsLong', 'CC5', 0, 12, -1000000000.0000000000),
	('mathArenaMarket', 'marketStatsLong', 'CC5', 1, 12, -1000000000.0000000000),
	('mathArenaMarket', 'marketStatsLong', 'CC5', 0, 13, -1000000000.0000000000),
	('mathArenaMarket', 'marketStatsLong', 'CC5', 1, 13, -1000000000.0000000000),
	('mathArenaMarket', 'marketStatsLong', 'CC5', 0, 14, -1000000000.0000000000),
	('mathArenaMarket', 'marketStatsLong', 'CC5', 1, 14, -1000000000.0000000000),
	('mathArenaMarket', 'marketStatsLong', 'CC5', 0, 15, -1000000000.0000000000),
	('mathArenaMarket', 'marketStatsLong', 'CC5', 1, 15, -1000000000.0000000000),
	('mathArenaMarket', 'marketStatsLong', 'CC5', 0, 16, -1000000000.0000000000),
	('mathArenaMarket', 'marketStatsLong', 'CC5', 1, 16, -1000000000.0000000000),
	('mathArenaMarket', 'marketStatsLong', 'CC5', 0, 17, -1000000000.0000000000),
	('mathArenaMarket', 'marketStatsLong', 'CC5', 1, 17, -1000000000.0000000000),
	('mathArenaMarket', 'marketStatsLong', 'CC5', 0, 18, -1000000000.0000000000),
	('mathArenaMarket', 'marketStatsLong', 'CC5', 1, 18, -1000000000.0000000000),
	('mathArenaMarket', 'marketStatsLong', 'CC5', 0, 19, -1000000000.0000000000),
	('mathArenaMarket', 'marketStatsLong', 'CC5', 1, 19, -1000000000.0000000000),
	('mathArenaMarket', 'marketStatsLong', 'CC5', 0, 20, -1000000000.0000000000),
	('mathArenaMarket', 'marketStatsLong', 'CC5', 1, 20, -1000000000.0000000000),
	('mathArenaMarket', 'marketStatsLong', 'CC5', 0, 21, -1000000000.0000000000),
	('mathArenaMarket', 'marketStatsLong', 'CC5', 1, 21, -1000000000.0000000000),
	('mathArenaMarket', 'marketStatsLong', 'CC5', 0, 22, -1000000000.0000000000),
	('mathArenaMarket', 'marketStatsLong', 'CC5', 1, 22, -1000000000.0000000000),
	('mathArenaMarket', 'marketStatsLong', 'CC5', 0, 23, -1000000000.0000000000),
	('mathArenaMarket', 'marketStatsLong', 'CC5', 1, 23, -1000000000.0000000000),
	('mathArenaMarket', 'marketStatsLong', 'CC5', 0, 24, -1000000000.0000000000),
	('mathArenaMarket', 'marketStatsLong', 'CC5', 1, 24, -1000000000.0000000000),
	('mathArenaMarket', 'marketStatsLong', 'CC5', 0, 25, -1000000000.0000000000),
	('mathArenaMarket', 'marketStatsLong', 'CC5', 1, 25, -1000000000.0000000000),
	('mathArenaMarket', 'marketStatsLong', 'CC5', 0, 26, -1000000000.0000000000),
	('mathArenaMarket', 'marketStatsLong', 'CC5', 1, 26, -1000000000.0000000000),
	('mathArenaMarket', 'marketStatsLong', 'CC5', 0, 27, -1000000000.0000000000),
	('mathArenaMarket', 'marketStatsLong', 'CC5', 1, 27, -1000000000.0000000000),
	('mathArenaMarket', 'marketStatsLong', 'CC5', 0, 28, -1000000000.0000000000),
	('mathArenaMarket', 'marketStatsLong', 'CC5', 1, 28, -1000000000.0000000000),
	('mathArenaMarket', 'marketStatsLong', 'CC5', 0, 29, -1000000000.0000000000),
	('mathArenaMarket', 'marketStatsLong', 'CC5', 1, 29, -1000000000.0000000000),
	('mathArenaMarket', 'marketStatsLong', 'CC5', 0, 30, -1000000000.0000000000),
	('mathArenaMarket', 'marketStatsLong', 'CC5', 1, 30, -1000000000.0000000000),
	('mathArenaMarket', 'marketStatsLong', 'CC5', 0, 31, -1000000000.0000000000),
	('mathArenaMarket', 'marketStatsLong', 'CC5', 1, 31, -1000000000.0000000000),
	('mathArenaMarket', 'marketStatsLong', 'CC5', 0, 32, -1000000000.0000000000),
	('mathArenaMarket', 'marketStatsLong', 'CC5', 1, 32, -1000000000.0000000000),
	('mathArenaMarket', 'marketStatsLong', 'CC5', 0, 33, -1000000000.0000000000),
	('mathArenaMarket', 'marketStatsLong', 'CC5', 1, 33, -1000000000.0000000000),
	('mathArenaMarket', 'marketStatsLong', 'CC5', 0, 34, -1000000000.0000000000),
	('mathArenaMarket', 'marketStatsLong', 'CC5', 1, 34, -1000000000.0000000000),
	('mathArenaMarket', 'marketStatsLong', 'CC5', 0, 35, -1000000000.0000000000),
	('mathArenaMarket', 'marketStatsLong', 'CC5', 1, 35, -1000000000.0000000000),
	('mathArenaMarket', 'marketStatsLong', 'CC5', 0, 36, -1000000000.0000000000),
	('mathArenaMarket', 'marketStatsLong', 'CC5', 1, 36, -1000000000.0000000000),
	('mathArenaMarket', 'marketStatsLong', 'CC5', 0, 37, -1000000000.0000000000),
	('mathArenaMarket', 'marketStatsLong', 'CC5', 1, 37, -1000000000.0000000000),
	('mathArenaMarket', 'marketStatsLong', 'CC5', 0, 38, -1000000000.0000000000),
	('mathArenaMarket', 'marketStatsLong', 'CC5', 1, 38, -1000000000.0000000000),
	('mathArenaMarket', 'marketStatsLong', 'CC5', 0, 39, -1000000000.0000000000),
	('mathArenaMarket', 'marketStatsLong', 'CC5', 1, 39, -1000000000.0000000000),
	('mathArenaMarket', 'marketStatsLong', 'CC5', 0, 40, -1000000000.0000000000),
	('mathArenaMarket', 'marketStatsLong', 'CC5', 1, 40, -1000000000.0000000000),
	('mathArenaMarket', 'marketStatsLong', 'CC5', 0, 41, -1000000000.0000000000),
	('mathArenaMarket', 'marketStatsLong', 'CC5', 1, 41, -1000000000.0000000000),
	('mathArenaMarket', 'marketStatsLong', 'CC5', 0, 42, -1000000000.0000000000),
	('mathArenaMarket', 'marketStatsLong', 'CC5', 1, 42, -1000000000.0000000000),
	('mathArenaMarket', 'marketStatsLong', 'CC5', 0, 43, -1000000000.0000000000),
	('mathArenaMarket', 'marketStatsLong', 'CC5', 1, 43, -1000000000.0000000000),
	('mathArenaMarket', 'marketStatsLong', 'CC5', 0, 44, -1000000000.0000000000),
	('mathArenaMarket', 'marketStatsLong', 'CC5', 1, 44, -1000000000.0000000000),
	('mathArenaMarket', 'marketStatsLong', 'CC5', 0, 45, -1000000000.0000000000),
	('mathArenaMarket', 'marketStatsLong', 'CC5', 1, 45, -1000000000.0000000000),
	('mathArenaMarket', 'marketStatsLong', 'CC5', 0, 46, -1000000000.0000000000),
	('mathArenaMarket', 'marketStatsLong', 'CC5', 1, 46, -1000000000.0000000000),
	('mathArenaMarket', 'marketStatsLong', 'CC5', 0, 47, -1000000000.0000000000),
	('mathArenaMarket', 'marketStatsLong', 'CC5', 1, 47, -1000000000.0000000000),
	('mathArenaMarket', 'marketStatsLong', 'CC5', 0, 48, -1000000000.0000000000),
	('mathArenaMarket', 'marketStatsLong', 'CC5', 1, 48, -1000000000.0000000000),
	('mathArenaMarket', 'marketStatsLong', 'CC5', 0, 49, -1000000000.0000000000),
	('mathArenaMarket', 'marketStatsLong', 'CC5', 1, 49, -1000000000.0000000000),
	('mathArenaMarket', 'marketStatsLong', 'USD', 0, 0, -1000000000.0000000000),
	('mathArenaMarket', 'marketStatsLong', 'USD', 1, 0, -1000000000.0000000000),
	('mathArenaMarket', 'marketStatsLong', 'USD', 0, 1, -1000000000.0000000000),
	('mathArenaMarket', 'marketStatsLong', 'USD', 1, 1, -1000000000.0000000000),
	('mathArenaMarket', 'marketStatsLong', 'USD', 0, 2, -1000000000.0000000000),
	('mathArenaMarket', 'marketStatsLong', 'USD', 1, 2, -1000000000.0000000000),
	('mathArenaMarket', 'marketStatsLong', 'USD', 0, 3, -1000000000.0000000000),
	('mathArenaMarket', 'marketStatsLong', 'USD', 1, 3, -1000000000.0000000000),
	('mathArenaMarket', 'marketStatsLong', 'USD', 0, 4, -1000000000.0000000000),
	('mathArenaMarket', 'marketStatsLong', 'USD', 1, 4, -1000000000.0000000000),
	('mathArenaMarket', 'marketStatsLong', 'USD', 0, 5, -1000000000.0000000000),
	('mathArenaMarket', 'marketStatsLong', 'USD', 1, 5, -1000000000.0000000000),
	('mathArenaMarket', 'marketStatsLong', 'USD', 0, 6, -1000000000.0000000000),
	('mathArenaMarket', 'marketStatsLong', 'USD', 1, 6, -1000000000.0000000000),
	('mathArenaMarket', 'marketStatsLong', 'USD', 0, 7, -1000000000.0000000000),
	('mathArenaMarket', 'marketStatsLong', 'USD', 1, 7, -1000000000.0000000000),
	('mathArenaMarket', 'marketStatsLong', 'USD', 0, 8, -1000000000.0000000000),
	('mathArenaMarket', 'marketStatsLong', 'USD', 1, 8, -1000000000.0000000000),
	('mathArenaMarket', 'marketStatsLong', 'USD', 0, 9, -1000000000.0000000000),
	('mathArenaMarket', 'marketStatsLong', 'USD', 1, 9, -1000000000.0000000000),
	('mathArenaMarket', 'marketStatsLong', 'USD', 0, 10, -1000000000.0000000000),
	('mathArenaMarket', 'marketStatsLong', 'USD', 1, 10, -1000000000.0000000000),
	('mathArenaMarket', 'marketStatsLong', 'USD', 0, 11, -1000000000.0000000000),
	('mathArenaMarket', 'marketStatsLong', 'USD', 1, 11, -1000000000.0000000000),
	('mathArenaMarket', 'marketStatsLong', 'USD', 0, 12, -1000000000.0000000000),
	('mathArenaMarket', 'marketStatsLong', 'USD', 1, 12, -1000000000.0000000000),
	('mathArenaMarket', 'marketStatsLong', 'USD', 0, 13, -1000000000.0000000000),
	('mathArenaMarket', 'marketStatsLong', 'USD', 1, 13, -1000000000.0000000000),
	('mathArenaMarket', 'marketStatsLong', 'USD', 0, 14, -1000000000.0000000000),
	('mathArenaMarket', 'marketStatsLong', 'USD', 1, 14, -1000000000.0000000000),
	('mathArenaMarket', 'marketStatsLong', 'USD', 0, 15, -1000000000.0000000000),
	('mathArenaMarket', 'marketStatsLong', 'USD', 1, 15, -1000000000.0000000000),
	('mathArenaMarket', 'marketStatsLong', 'USD', 0, 16, -1000000000.0000000000),
	('mathArenaMarket', 'marketStatsLong', 'USD', 1, 16, -1000000000.0000000000),
	('mathArenaMarket', 'marketStatsLong', 'USD', 0, 17, -1000000000.0000000000),
	('mathArenaMarket', 'marketStatsLong', 'USD', 1, 17, -1000000000.0000000000),
	('mathArenaMarket', 'marketStatsLong', 'USD', 0, 18, -1000000000.0000000000),
	('mathArenaMarket', 'marketStatsLong', 'USD', 1, 18, -1000000000.0000000000),
	('mathArenaMarket', 'marketStatsLong', 'USD', 0, 19, -1000000000.0000000000),
	('mathArenaMarket', 'marketStatsLong', 'USD', 1, 19, -1000000000.0000000000),
	('mathArenaMarket', 'marketStatsLong', 'USD', 0, 20, -1000000000.0000000000),
	('mathArenaMarket', 'marketStatsLong', 'USD', 1, 20, -1000000000.0000000000),
	('mathArenaMarket', 'marketStatsLong', 'USD', 0, 21, -1000000000.0000000000),
	('mathArenaMarket', 'marketStatsLong', 'USD', 1, 21, -1000000000.0000000000),
	('mathArenaMarket', 'marketStatsLong', 'USD', 0, 22, -1000000000.0000000000),
	('mathArenaMarket', 'marketStatsLong', 'USD', 1, 22, -1000000000.0000000000),
	('mathArenaMarket', 'marketStatsLong', 'USD', 0, 23, -1000000000.0000000000),
	('mathArenaMarket', 'marketStatsLong', 'USD', 1, 23, -1000000000.0000000000),
	('mathArenaMarket', 'marketStatsLong', 'USD', 0, 24, -1000000000.0000000000),
	('mathArenaMarket', 'marketStatsLong', 'USD', 1, 24, -1000000000.0000000000),
	('mathArenaMarket', 'marketStatsLong', 'USD', 0, 25, -1000000000.0000000000),
	('mathArenaMarket', 'marketStatsLong', 'USD', 1, 25, -1000000000.0000000000),
	('mathArenaMarket', 'marketStatsLong', 'USD', 0, 26, -1000000000.0000000000),
	('mathArenaMarket', 'marketStatsLong', 'USD', 1, 26, -1000000000.0000000000),
	('mathArenaMarket', 'marketStatsLong', 'USD', 0, 27, -1000000000.0000000000),
	('mathArenaMarket', 'marketStatsLong', 'USD', 1, 27, -1000000000.0000000000),
	('mathArenaMarket', 'marketStatsLong', 'USD', 0, 28, -1000000000.0000000000),
	('mathArenaMarket', 'marketStatsLong', 'USD', 1, 28, -1000000000.0000000000),
	('mathArenaMarket', 'marketStatsLong', 'USD', 0, 29, -1000000000.0000000000),
	('mathArenaMarket', 'marketStatsLong', 'USD', 1, 29, -1000000000.0000000000),
	('mathArenaMarket', 'marketStatsLong', 'USD', 0, 30, -1000000000.0000000000),
	('mathArenaMarket', 'marketStatsLong', 'USD', 1, 30, -1000000000.0000000000),
	('mathArenaMarket', 'marketStatsLong', 'USD', 0, 31, -1000000000.0000000000),
	('mathArenaMarket', 'marketStatsLong', 'USD', 1, 31, -1000000000.0000000000),
	('mathArenaMarket', 'marketStatsLong', 'USD', 0, 32, -1000000000.0000000000),
	('mathArenaMarket', 'marketStatsLong', 'USD', 1, 32, -1000000000.0000000000),
	('mathArenaMarket', 'marketStatsLong', 'USD', 0, 33, -1000000000.0000000000),
	('mathArenaMarket', 'marketStatsLong', 'USD', 1, 33, -1000000000.0000000000),
	('mathArenaMarket', 'marketStatsLong', 'USD', 0, 34, -1000000000.0000000000),
	('mathArenaMarket', 'marketStatsLong', 'USD', 1, 34, -1000000000.0000000000),
	('mathArenaMarket', 'marketStatsLong', 'USD', 0, 35, -1000000000.0000000000),
	('mathArenaMarket', 'marketStatsLong', 'USD', 1, 35, -1000000000.0000000000),
	('mathArenaMarket', 'marketStatsLong', 'USD', 0, 36, -1000000000.0000000000),
	('mathArenaMarket', 'marketStatsLong', 'USD', 1, 36, -1000000000.0000000000),
	('mathArenaMarket', 'marketStatsLong', 'USD', 0, 37, -1000000000.0000000000),
	('mathArenaMarket', 'marketStatsLong', 'USD', 1, 37, -1000000000.0000000000),
	('mathArenaMarket', 'marketStatsLong', 'USD', 0, 38, -1000000000.0000000000),
	('mathArenaMarket', 'marketStatsLong', 'USD', 1, 38, -1000000000.0000000000),
	('mathArenaMarket', 'marketStatsLong', 'USD', 0, 39, -1000000000.0000000000),
	('mathArenaMarket', 'marketStatsLong', 'USD', 1, 39, -1000000000.0000000000),
	('mathArenaMarket', 'marketStatsLong', 'USD', 0, 40, -1000000000.0000000000),
	('mathArenaMarket', 'marketStatsLong', 'USD', 1, 40, -1000000000.0000000000),
	('mathArenaMarket', 'marketStatsLong', 'USD', 0, 41, -1000000000.0000000000),
	('mathArenaMarket', 'marketStatsLong', 'USD', 1, 41, -1000000000.0000000000),
	('mathArenaMarket', 'marketStatsLong', 'USD', 0, 42, -1000000000.0000000000),
	('mathArenaMarket', 'marketStatsLong', 'USD', 1, 42, -1000000000.0000000000),
	('mathArenaMarket', 'marketStatsLong', 'USD', 0, 43, -1000000000.0000000000),
	('mathArenaMarket', 'marketStatsLong', 'USD', 1, 43, -1000000000.0000000000),
	('mathArenaMarket', 'marketStatsLong', 'USD', 0, 44, -1000000000.0000000000),
	('mathArenaMarket', 'marketStatsLong', 'USD', 1, 44, -1000000000.0000000000),
	('mathArenaMarket', 'marketStatsLong', 'USD', 0, 45, -1000000000.0000000000),
	('mathArenaMarket', 'marketStatsLong', 'USD', 1, 45, -1000000000.0000000000),
	('mathArenaMarket', 'marketStatsLong', 'USD', 0, 46, -1000000000.0000000000),
	('mathArenaMarket', 'marketStatsLong', 'USD', 1, 46, -1000000000.0000000000),
	('mathArenaMarket', 'marketStatsLong', 'USD', 0, 47, -1000000000.0000000000),
	('mathArenaMarket', 'marketStatsLong', 'USD', 1, 47, -1000000000.0000000000),
	('mathArenaMarket', 'marketStatsLong', 'USD', 0, 48, -1000000000.0000000000),
	('mathArenaMarket', 'marketStatsLong', 'USD', 1, 48, -1000000000.0000000000),
	('mathArenaMarket', 'marketStatsLong', 'USD', 0, 49, -1000000000.0000000000),
	('mathArenaMarket', 'marketStatsLong', 'USD', 1, 49, -1000000000.0000000000),
	('mathArenaMarket', 'marketStatsMedium', 'CC1', 7, NULL, -1000000000.0000000000),
	('mathArenaMarket', 'marketStatsMedium', 'CC1', 8, NULL, -1000000000.0000000000),
	('mathArenaMarket', 'marketStatsMedium', 'CC1', 9, NULL, -1000000000.0000000000),
	('mathArenaMarket', 'marketStatsMedium', 'CC2', 7, NULL, -1000000000.0000000000),
	('mathArenaMarket', 'marketStatsMedium', 'CC2', 8, NULL, -1000000000.0000000000),
	('mathArenaMarket', 'marketStatsMedium', 'CC2', 9, NULL, -1000000000.0000000000),
	('mathArenaMarket', 'marketStatsMedium', 'CC3', 7, NULL, -1000000000.0000000000),
	('mathArenaMarket', 'marketStatsMedium', 'CC3', 8, NULL, -1000000000.0000000000),
	('mathArenaMarket', 'marketStatsMedium', 'CC3', 9, NULL, -1000000000.0000000000),
	('mathArenaMarket', 'marketStatsMedium', 'CC4', 7, NULL, -1000000000.0000000000),
	('mathArenaMarket', 'marketStatsMedium', 'CC4', 8, NULL, -1000000000.0000000000),
	('mathArenaMarket', 'marketStatsMedium', 'CC4', 9, NULL, -1000000000.0000000000),
	('mathArenaMarket', 'marketStatsMedium', 'CC5', 7, NULL, -1000000000.0000000000),
	('mathArenaMarket', 'marketStatsMedium', 'CC5', 8, NULL, -1000000000.0000000000),
	('mathArenaMarket', 'marketStatsMedium', 'CC5', 9, NULL, -1000000000.0000000000),
	('mathArenaMarket', 'marketStatsMedium', 'CC1', 0, 0, -1000000000.0000000000),
	('mathArenaMarket', 'marketStatsMedium', 'CC1', 1, 0, -1000000000.0000000000),
	('mathArenaMarket', 'marketStatsMedium', 'CC1', 0, 1, -1000000000.0000000000),
	('mathArenaMarket', 'marketStatsMedium', 'CC1', 1, 1, -1000000000.0000000000),
	('mathArenaMarket', 'marketStatsMedium', 'CC1', 0, 2, -1000000000.0000000000),
	('mathArenaMarket', 'marketStatsMedium', 'CC1', 1, 2, -1000000000.0000000000),
	('mathArenaMarket', 'marketStatsMedium', 'CC1', 0, 3, -1000000000.0000000000),
	('mathArenaMarket', 'marketStatsMedium', 'CC1', 1, 3, -1000000000.0000000000),
	('mathArenaMarket', 'marketStatsMedium', 'CC1', 0, 4, -1000000000.0000000000),
	('mathArenaMarket', 'marketStatsMedium', 'CC1', 1, 4, -1000000000.0000000000),
	('mathArenaMarket', 'marketStatsMedium', 'CC1', 0, 5, -1000000000.0000000000),
	('mathArenaMarket', 'marketStatsMedium', 'CC1', 1, 5, -1000000000.0000000000),
	('mathArenaMarket', 'marketStatsMedium', 'CC1', 0, 6, -1000000000.0000000000),
	('mathArenaMarket', 'marketStatsMedium', 'CC1', 1, 6, -1000000000.0000000000),
	('mathArenaMarket', 'marketStatsMedium', 'CC1', 0, 7, -1000000000.0000000000),
	('mathArenaMarket', 'marketStatsMedium', 'CC1', 1, 7, -1000000000.0000000000),
	('mathArenaMarket', 'marketStatsMedium', 'CC1', 0, 8, -1000000000.0000000000),
	('mathArenaMarket', 'marketStatsMedium', 'CC1', 1, 8, -1000000000.0000000000),
	('mathArenaMarket', 'marketStatsMedium', 'CC1', 0, 9, -1000000000.0000000000),
	('mathArenaMarket', 'marketStatsMedium', 'CC1', 1, 9, -1000000000.0000000000),
	('mathArenaMarket', 'marketStatsMedium', 'CC1', 0, 10, -1000000000.0000000000),
	('mathArenaMarket', 'marketStatsMedium', 'CC1', 1, 10, -1000000000.0000000000),
	('mathArenaMarket', 'marketStatsMedium', 'CC1', 0, 11, -1000000000.0000000000),
	('mathArenaMarket', 'marketStatsMedium', 'CC1', 1, 11, -1000000000.0000000000),
	('mathArenaMarket', 'marketStatsMedium', 'CC1', 0, 12, -1000000000.0000000000),
	('mathArenaMarket', 'marketStatsMedium', 'CC1', 1, 12, -1000000000.0000000000),
	('mathArenaMarket', 'marketStatsMedium', 'CC1', 0, 13, -1000000000.0000000000),
	('mathArenaMarket', 'marketStatsMedium', 'CC1', 1, 13, -1000000000.0000000000),
	('mathArenaMarket', 'marketStatsMedium', 'CC1', 0, 14, -1000000000.0000000000),
	('mathArenaMarket', 'marketStatsMedium', 'CC1', 1, 14, -1000000000.0000000000),
	('mathArenaMarket', 'marketStatsMedium', 'CC1', 0, 15, -1000000000.0000000000),
	('mathArenaMarket', 'marketStatsMedium', 'CC1', 1, 15, -1000000000.0000000000),
	('mathArenaMarket', 'marketStatsMedium', 'CC1', 0, 16, -1000000000.0000000000),
	('mathArenaMarket', 'marketStatsMedium', 'CC1', 1, 16, -1000000000.0000000000),
	('mathArenaMarket', 'marketStatsMedium', 'CC1', 0, 17, -1000000000.0000000000),
	('mathArenaMarket', 'marketStatsMedium', 'CC1', 1, 17, -1000000000.0000000000),
	('mathArenaMarket', 'marketStatsMedium', 'CC1', 0, 18, -1000000000.0000000000),
	('mathArenaMarket', 'marketStatsMedium', 'CC1', 1, 18, -1000000000.0000000000),
	('mathArenaMarket', 'marketStatsMedium', 'CC1', 0, 19, -1000000000.0000000000),
	('mathArenaMarket', 'marketStatsMedium', 'CC1', 1, 19, -1000000000.0000000000),
	('mathArenaMarket', 'marketStatsMedium', 'CC1', 0, 20, -1000000000.0000000000),
	('mathArenaMarket', 'marketStatsMedium', 'CC1', 1, 20, -1000000000.0000000000),
	('mathArenaMarket', 'marketStatsMedium', 'CC1', 0, 21, -1000000000.0000000000),
	('mathArenaMarket', 'marketStatsMedium', 'CC1', 1, 21, -1000000000.0000000000),
	('mathArenaMarket', 'marketStatsMedium', 'CC1', 0, 22, -1000000000.0000000000),
	('mathArenaMarket', 'marketStatsMedium', 'CC1', 1, 22, -1000000000.0000000000),
	('mathArenaMarket', 'marketStatsMedium', 'CC1', 0, 23, -1000000000.0000000000),
	('mathArenaMarket', 'marketStatsMedium', 'CC1', 1, 23, -1000000000.0000000000),
	('mathArenaMarket', 'marketStatsMedium', 'CC1', 0, 24, -1000000000.0000000000),
	('mathArenaMarket', 'marketStatsMedium', 'CC1', 1, 24, -1000000000.0000000000),
	('mathArenaMarket', 'marketStatsMedium', 'CC1', 0, 25, -1000000000.0000000000),
	('mathArenaMarket', 'marketStatsMedium', 'CC1', 1, 25, -1000000000.0000000000),
	('mathArenaMarket', 'marketStatsMedium', 'CC1', 0, 26, -1000000000.0000000000),
	('mathArenaMarket', 'marketStatsMedium', 'CC1', 1, 26, -1000000000.0000000000),
	('mathArenaMarket', 'marketStatsMedium', 'CC1', 0, 27, -1000000000.0000000000),
	('mathArenaMarket', 'marketStatsMedium', 'CC1', 1, 27, -1000000000.0000000000),
	('mathArenaMarket', 'marketStatsMedium', 'CC1', 0, 28, -1000000000.0000000000),
	('mathArenaMarket', 'marketStatsMedium', 'CC1', 1, 28, -1000000000.0000000000),
	('mathArenaMarket', 'marketStatsMedium', 'CC1', 0, 29, -1000000000.0000000000),
	('mathArenaMarket', 'marketStatsMedium', 'CC1', 1, 29, -1000000000.0000000000),
	('mathArenaMarket', 'marketStatsMedium', 'CC1', 0, 30, -1000000000.0000000000),
	('mathArenaMarket', 'marketStatsMedium', 'CC1', 1, 30, -1000000000.0000000000),
	('mathArenaMarket', 'marketStatsMedium', 'CC1', 0, 31, -1000000000.0000000000),
	('mathArenaMarket', 'marketStatsMedium', 'CC1', 1, 31, -1000000000.0000000000),
	('mathArenaMarket', 'marketStatsMedium', 'CC1', 0, 32, -1000000000.0000000000),
	('mathArenaMarket', 'marketStatsMedium', 'CC1', 1, 32, -1000000000.0000000000),
	('mathArenaMarket', 'marketStatsMedium', 'CC1', 0, 33, -1000000000.0000000000),
	('mathArenaMarket', 'marketStatsMedium', 'CC1', 1, 33, -1000000000.0000000000),
	('mathArenaMarket', 'marketStatsMedium', 'CC1', 0, 34, -1000000000.0000000000),
	('mathArenaMarket', 'marketStatsMedium', 'CC1', 1, 34, -1000000000.0000000000),
	('mathArenaMarket', 'marketStatsMedium', 'CC1', 0, 35, -1000000000.0000000000),
	('mathArenaMarket', 'marketStatsMedium', 'CC1', 1, 35, -1000000000.0000000000),
	('mathArenaMarket', 'marketStatsMedium', 'CC1', 0, 36, -1000000000.0000000000),
	('mathArenaMarket', 'marketStatsMedium', 'CC1', 1, 36, -1000000000.0000000000),
	('mathArenaMarket', 'marketStatsMedium', 'CC1', 0, 37, -1000000000.0000000000),
	('mathArenaMarket', 'marketStatsMedium', 'CC1', 1, 37, -1000000000.0000000000),
	('mathArenaMarket', 'marketStatsMedium', 'CC1', 0, 38, -1000000000.0000000000),
	('mathArenaMarket', 'marketStatsMedium', 'CC1', 1, 38, -1000000000.0000000000),
	('mathArenaMarket', 'marketStatsMedium', 'CC1', 0, 39, -1000000000.0000000000),
	('mathArenaMarket', 'marketStatsMedium', 'CC1', 1, 39, -1000000000.0000000000),
	('mathArenaMarket', 'marketStatsMedium', 'CC1', 0, 40, -1000000000.0000000000),
	('mathArenaMarket', 'marketStatsMedium', 'CC1', 1, 40, -1000000000.0000000000),
	('mathArenaMarket', 'marketStatsMedium', 'CC1', 0, 41, -1000000000.0000000000),
	('mathArenaMarket', 'marketStatsMedium', 'CC1', 1, 41, -1000000000.0000000000),
	('mathArenaMarket', 'marketStatsMedium', 'CC1', 0, 42, -1000000000.0000000000),
	('mathArenaMarket', 'marketStatsMedium', 'CC1', 1, 42, -1000000000.0000000000),
	('mathArenaMarket', 'marketStatsMedium', 'CC1', 0, 43, -1000000000.0000000000),
	('mathArenaMarket', 'marketStatsMedium', 'CC1', 1, 43, -1000000000.0000000000),
	('mathArenaMarket', 'marketStatsMedium', 'CC1', 0, 44, -1000000000.0000000000),
	('mathArenaMarket', 'marketStatsMedium', 'CC1', 1, 44, -1000000000.0000000000),
	('mathArenaMarket', 'marketStatsMedium', 'CC1', 0, 45, -1000000000.0000000000),
	('mathArenaMarket', 'marketStatsMedium', 'CC1', 1, 45, -1000000000.0000000000),
	('mathArenaMarket', 'marketStatsMedium', 'CC1', 0, 46, -1000000000.0000000000),
	('mathArenaMarket', 'marketStatsMedium', 'CC1', 1, 46, -1000000000.0000000000),
	('mathArenaMarket', 'marketStatsMedium', 'CC1', 0, 47, -1000000000.0000000000),
	('mathArenaMarket', 'marketStatsMedium', 'CC1', 1, 47, -1000000000.0000000000),
	('mathArenaMarket', 'marketStatsMedium', 'CC1', 0, 48, -1000000000.0000000000),
	('mathArenaMarket', 'marketStatsMedium', 'CC1', 1, 48, -1000000000.0000000000),
	('mathArenaMarket', 'marketStatsMedium', 'CC1', 0, 49, -1000000000.0000000000),
	('mathArenaMarket', 'marketStatsMedium', 'CC1', 1, 49, -1000000000.0000000000),
	('mathArenaMarket', 'marketStatsMedium', 'CC2', 0, 0, -1000000000.0000000000),
	('mathArenaMarket', 'marketStatsMedium', 'CC2', 1, 0, -1000000000.0000000000),
	('mathArenaMarket', 'marketStatsMedium', 'CC2', 0, 1, -1000000000.0000000000),
	('mathArenaMarket', 'marketStatsMedium', 'CC2', 1, 1, -1000000000.0000000000),
	('mathArenaMarket', 'marketStatsMedium', 'CC2', 0, 2, -1000000000.0000000000),
	('mathArenaMarket', 'marketStatsMedium', 'CC2', 1, 2, -1000000000.0000000000),
	('mathArenaMarket', 'marketStatsMedium', 'CC2', 0, 3, -1000000000.0000000000),
	('mathArenaMarket', 'marketStatsMedium', 'CC2', 1, 3, -1000000000.0000000000),
	('mathArenaMarket', 'marketStatsMedium', 'CC2', 0, 4, -1000000000.0000000000),
	('mathArenaMarket', 'marketStatsMedium', 'CC2', 1, 4, -1000000000.0000000000),
	('mathArenaMarket', 'marketStatsMedium', 'CC2', 0, 5, -1000000000.0000000000),
	('mathArenaMarket', 'marketStatsMedium', 'CC2', 1, 5, -1000000000.0000000000),
	('mathArenaMarket', 'marketStatsMedium', 'CC2', 0, 6, -1000000000.0000000000),
	('mathArenaMarket', 'marketStatsMedium', 'CC2', 1, 6, -1000000000.0000000000),
	('mathArenaMarket', 'marketStatsMedium', 'CC2', 0, 7, -1000000000.0000000000),
	('mathArenaMarket', 'marketStatsMedium', 'CC2', 1, 7, -1000000000.0000000000),
	('mathArenaMarket', 'marketStatsMedium', 'CC2', 0, 8, -1000000000.0000000000),
	('mathArenaMarket', 'marketStatsMedium', 'CC2', 1, 8, -1000000000.0000000000),
	('mathArenaMarket', 'marketStatsMedium', 'CC2', 0, 9, -1000000000.0000000000),
	('mathArenaMarket', 'marketStatsMedium', 'CC2', 1, 9, -1000000000.0000000000),
	('mathArenaMarket', 'marketStatsMedium', 'CC2', 0, 10, -1000000000.0000000000),
	('mathArenaMarket', 'marketStatsMedium', 'CC2', 1, 10, -1000000000.0000000000),
	('mathArenaMarket', 'marketStatsMedium', 'CC2', 0, 11, -1000000000.0000000000),
	('mathArenaMarket', 'marketStatsMedium', 'CC2', 1, 11, -1000000000.0000000000),
	('mathArenaMarket', 'marketStatsMedium', 'CC2', 0, 12, -1000000000.0000000000),
	('mathArenaMarket', 'marketStatsMedium', 'CC2', 1, 12, -1000000000.0000000000),
	('mathArenaMarket', 'marketStatsMedium', 'CC2', 0, 13, -1000000000.0000000000),
	('mathArenaMarket', 'marketStatsMedium', 'CC2', 1, 13, -1000000000.0000000000),
	('mathArenaMarket', 'marketStatsMedium', 'CC2', 0, 14, -1000000000.0000000000),
	('mathArenaMarket', 'marketStatsMedium', 'CC2', 1, 14, -1000000000.0000000000),
	('mathArenaMarket', 'marketStatsMedium', 'CC2', 0, 15, -1000000000.0000000000),
	('mathArenaMarket', 'marketStatsMedium', 'CC2', 1, 15, -1000000000.0000000000),
	('mathArenaMarket', 'marketStatsMedium', 'CC2', 0, 16, -1000000000.0000000000),
	('mathArenaMarket', 'marketStatsMedium', 'CC2', 1, 16, -1000000000.0000000000),
	('mathArenaMarket', 'marketStatsMedium', 'CC2', 0, 17, -1000000000.0000000000),
	('mathArenaMarket', 'marketStatsMedium', 'CC2', 1, 17, -1000000000.0000000000),
	('mathArenaMarket', 'marketStatsMedium', 'CC2', 0, 18, -1000000000.0000000000),
	('mathArenaMarket', 'marketStatsMedium', 'CC2', 1, 18, -1000000000.0000000000),
	('mathArenaMarket', 'marketStatsMedium', 'CC2', 0, 19, -1000000000.0000000000),
	('mathArenaMarket', 'marketStatsMedium', 'CC2', 1, 19, -1000000000.0000000000),
	('mathArenaMarket', 'marketStatsMedium', 'CC2', 0, 20, -1000000000.0000000000),
	('mathArenaMarket', 'marketStatsMedium', 'CC2', 1, 20, -1000000000.0000000000),
	('mathArenaMarket', 'marketStatsMedium', 'CC2', 0, 21, -1000000000.0000000000),
	('mathArenaMarket', 'marketStatsMedium', 'CC2', 1, 21, -1000000000.0000000000),
	('mathArenaMarket', 'marketStatsMedium', 'CC2', 0, 22, -1000000000.0000000000),
	('mathArenaMarket', 'marketStatsMedium', 'CC2', 1, 22, -1000000000.0000000000),
	('mathArenaMarket', 'marketStatsMedium', 'CC2', 0, 23, -1000000000.0000000000),
	('mathArenaMarket', 'marketStatsMedium', 'CC2', 1, 23, -1000000000.0000000000),
	('mathArenaMarket', 'marketStatsMedium', 'CC2', 0, 24, -1000000000.0000000000),
	('mathArenaMarket', 'marketStatsMedium', 'CC2', 1, 24, -1000000000.0000000000),
	('mathArenaMarket', 'marketStatsMedium', 'CC2', 0, 25, -1000000000.0000000000),
	('mathArenaMarket', 'marketStatsMedium', 'CC2', 1, 25, -1000000000.0000000000),
	('mathArenaMarket', 'marketStatsMedium', 'CC2', 0, 26, -1000000000.0000000000),
	('mathArenaMarket', 'marketStatsMedium', 'CC2', 1, 26, -1000000000.0000000000),
	('mathArenaMarket', 'marketStatsMedium', 'CC2', 0, 27, -1000000000.0000000000),
	('mathArenaMarket', 'marketStatsMedium', 'CC2', 1, 27, -1000000000.0000000000),
	('mathArenaMarket', 'marketStatsMedium', 'CC2', 0, 28, -1000000000.0000000000),
	('mathArenaMarket', 'marketStatsMedium', 'CC2', 1, 28, -1000000000.0000000000),
	('mathArenaMarket', 'marketStatsMedium', 'CC2', 0, 29, -1000000000.0000000000),
	('mathArenaMarket', 'marketStatsMedium', 'CC2', 1, 29, -1000000000.0000000000),
	('mathArenaMarket', 'marketStatsMedium', 'CC2', 0, 30, -1000000000.0000000000),
	('mathArenaMarket', 'marketStatsMedium', 'CC2', 1, 30, -1000000000.0000000000),
	('mathArenaMarket', 'marketStatsMedium', 'CC2', 0, 31, -1000000000.0000000000),
	('mathArenaMarket', 'marketStatsMedium', 'CC2', 1, 31, -1000000000.0000000000),
	('mathArenaMarket', 'marketStatsMedium', 'CC2', 0, 32, -1000000000.0000000000),
	('mathArenaMarket', 'marketStatsMedium', 'CC2', 1, 32, -1000000000.0000000000),
	('mathArenaMarket', 'marketStatsMedium', 'CC2', 0, 33, -1000000000.0000000000),
	('mathArenaMarket', 'marketStatsMedium', 'CC2', 1, 33, -1000000000.0000000000),
	('mathArenaMarket', 'marketStatsMedium', 'CC2', 0, 34, -1000000000.0000000000),
	('mathArenaMarket', 'marketStatsMedium', 'CC2', 1, 34, -1000000000.0000000000),
	('mathArenaMarket', 'marketStatsMedium', 'CC2', 0, 35, -1000000000.0000000000),
	('mathArenaMarket', 'marketStatsMedium', 'CC2', 1, 35, -1000000000.0000000000),
	('mathArenaMarket', 'marketStatsMedium', 'CC2', 0, 36, -1000000000.0000000000),
	('mathArenaMarket', 'marketStatsMedium', 'CC2', 1, 36, -1000000000.0000000000),
	('mathArenaMarket', 'marketStatsMedium', 'CC2', 0, 37, -1000000000.0000000000),
	('mathArenaMarket', 'marketStatsMedium', 'CC2', 1, 37, -1000000000.0000000000),
	('mathArenaMarket', 'marketStatsMedium', 'CC2', 0, 38, -1000000000.0000000000),
	('mathArenaMarket', 'marketStatsMedium', 'CC2', 1, 38, -1000000000.0000000000),
	('mathArenaMarket', 'marketStatsMedium', 'CC2', 0, 39, -1000000000.0000000000),
	('mathArenaMarket', 'marketStatsMedium', 'CC2', 1, 39, -1000000000.0000000000),
	('mathArenaMarket', 'marketStatsMedium', 'CC2', 0, 40, -1000000000.0000000000),
	('mathArenaMarket', 'marketStatsMedium', 'CC2', 1, 40, -1000000000.0000000000),
	('mathArenaMarket', 'marketStatsMedium', 'CC2', 0, 41, -1000000000.0000000000),
	('mathArenaMarket', 'marketStatsMedium', 'CC2', 1, 41, -1000000000.0000000000),
	('mathArenaMarket', 'marketStatsMedium', 'CC2', 0, 42, -1000000000.0000000000),
	('mathArenaMarket', 'marketStatsMedium', 'CC2', 1, 42, -1000000000.0000000000),
	('mathArenaMarket', 'marketStatsMedium', 'CC2', 0, 43, -1000000000.0000000000),
	('mathArenaMarket', 'marketStatsMedium', 'CC2', 1, 43, -1000000000.0000000000),
	('mathArenaMarket', 'marketStatsMedium', 'CC2', 0, 44, -1000000000.0000000000),
	('mathArenaMarket', 'marketStatsMedium', 'CC2', 1, 44, -1000000000.0000000000),
	('mathArenaMarket', 'marketStatsMedium', 'CC2', 0, 45, -1000000000.0000000000),
	('mathArenaMarket', 'marketStatsMedium', 'CC2', 1, 45, -1000000000.0000000000),
	('mathArenaMarket', 'marketStatsMedium', 'CC2', 0, 46, -1000000000.0000000000),
	('mathArenaMarket', 'marketStatsMedium', 'CC2', 1, 46, -1000000000.0000000000),
	('mathArenaMarket', 'marketStatsMedium', 'CC2', 0, 47, -1000000000.0000000000),
	('mathArenaMarket', 'marketStatsMedium', 'CC2', 1, 47, -1000000000.0000000000),
	('mathArenaMarket', 'marketStatsMedium', 'CC2', 0, 48, -1000000000.0000000000),
	('mathArenaMarket', 'marketStatsMedium', 'CC2', 1, 48, -1000000000.0000000000),
	('mathArenaMarket', 'marketStatsMedium', 'CC2', 0, 49, -1000000000.0000000000),
	('mathArenaMarket', 'marketStatsMedium', 'CC2', 1, 49, -1000000000.0000000000),
	('mathArenaMarket', 'marketStatsMedium', 'CC3', 0, 0, -1000000000.0000000000),
	('mathArenaMarket', 'marketStatsMedium', 'CC3', 1, 0, -1000000000.0000000000),
	('mathArenaMarket', 'marketStatsMedium', 'CC3', 0, 1, -1000000000.0000000000),
	('mathArenaMarket', 'marketStatsMedium', 'CC3', 1, 1, -1000000000.0000000000),
	('mathArenaMarket', 'marketStatsMedium', 'CC3', 0, 2, -1000000000.0000000000),
	('mathArenaMarket', 'marketStatsMedium', 'CC3', 1, 2, -1000000000.0000000000),
	('mathArenaMarket', 'marketStatsMedium', 'CC3', 0, 3, -1000000000.0000000000),
	('mathArenaMarket', 'marketStatsMedium', 'CC3', 1, 3, -1000000000.0000000000),
	('mathArenaMarket', 'marketStatsMedium', 'CC3', 0, 4, -1000000000.0000000000),
	('mathArenaMarket', 'marketStatsMedium', 'CC3', 1, 4, -1000000000.0000000000),
	('mathArenaMarket', 'marketStatsMedium', 'CC3', 0, 5, -1000000000.0000000000),
	('mathArenaMarket', 'marketStatsMedium', 'CC3', 1, 5, -1000000000.0000000000),
	('mathArenaMarket', 'marketStatsMedium', 'CC3', 0, 6, -1000000000.0000000000),
	('mathArenaMarket', 'marketStatsMedium', 'CC3', 1, 6, -1000000000.0000000000),
	('mathArenaMarket', 'marketStatsMedium', 'CC3', 0, 7, -1000000000.0000000000),
	('mathArenaMarket', 'marketStatsMedium', 'CC3', 1, 7, -1000000000.0000000000),
	('mathArenaMarket', 'marketStatsMedium', 'CC3', 0, 8, -1000000000.0000000000),
	('mathArenaMarket', 'marketStatsMedium', 'CC3', 1, 8, -1000000000.0000000000),
	('mathArenaMarket', 'marketStatsMedium', 'CC3', 0, 9, -1000000000.0000000000),
	('mathArenaMarket', 'marketStatsMedium', 'CC3', 1, 9, -1000000000.0000000000),
	('mathArenaMarket', 'marketStatsMedium', 'CC3', 0, 10, -1000000000.0000000000),
	('mathArenaMarket', 'marketStatsMedium', 'CC3', 1, 10, -1000000000.0000000000),
	('mathArenaMarket', 'marketStatsMedium', 'CC3', 0, 11, -1000000000.0000000000),
	('mathArenaMarket', 'marketStatsMedium', 'CC3', 1, 11, -1000000000.0000000000),
	('mathArenaMarket', 'marketStatsMedium', 'CC3', 0, 12, -1000000000.0000000000),
	('mathArenaMarket', 'marketStatsMedium', 'CC3', 1, 12, -1000000000.0000000000),
	('mathArenaMarket', 'marketStatsMedium', 'CC3', 0, 13, -1000000000.0000000000),
	('mathArenaMarket', 'marketStatsMedium', 'CC3', 1, 13, -1000000000.0000000000),
	('mathArenaMarket', 'marketStatsMedium', 'CC3', 0, 14, -1000000000.0000000000),
	('mathArenaMarket', 'marketStatsMedium', 'CC3', 1, 14, -1000000000.0000000000),
	('mathArenaMarket', 'marketStatsMedium', 'CC3', 0, 15, -1000000000.0000000000),
	('mathArenaMarket', 'marketStatsMedium', 'CC3', 1, 15, -1000000000.0000000000),
	('mathArenaMarket', 'marketStatsMedium', 'CC3', 0, 16, -1000000000.0000000000),
	('mathArenaMarket', 'marketStatsMedium', 'CC3', 1, 16, -1000000000.0000000000),
	('mathArenaMarket', 'marketStatsMedium', 'CC3', 0, 17, -1000000000.0000000000),
	('mathArenaMarket', 'marketStatsMedium', 'CC3', 1, 17, -1000000000.0000000000),
	('mathArenaMarket', 'marketStatsMedium', 'CC3', 0, 18, -1000000000.0000000000),
	('mathArenaMarket', 'marketStatsMedium', 'CC3', 1, 18, -1000000000.0000000000),
	('mathArenaMarket', 'marketStatsMedium', 'CC3', 0, 19, -1000000000.0000000000),
	('mathArenaMarket', 'marketStatsMedium', 'CC3', 1, 19, -1000000000.0000000000),
	('mathArenaMarket', 'marketStatsMedium', 'CC3', 0, 20, -1000000000.0000000000),
	('mathArenaMarket', 'marketStatsMedium', 'CC3', 1, 20, -1000000000.0000000000),
	('mathArenaMarket', 'marketStatsMedium', 'CC3', 0, 21, -1000000000.0000000000),
	('mathArenaMarket', 'marketStatsMedium', 'CC3', 1, 21, -1000000000.0000000000),
	('mathArenaMarket', 'marketStatsMedium', 'CC3', 0, 22, -1000000000.0000000000),
	('mathArenaMarket', 'marketStatsMedium', 'CC3', 1, 22, -1000000000.0000000000),
	('mathArenaMarket', 'marketStatsMedium', 'CC3', 0, 23, -1000000000.0000000000),
	('mathArenaMarket', 'marketStatsMedium', 'CC3', 1, 23, -1000000000.0000000000),
	('mathArenaMarket', 'marketStatsMedium', 'CC3', 0, 24, -1000000000.0000000000),
	('mathArenaMarket', 'marketStatsMedium', 'CC3', 1, 24, -1000000000.0000000000),
	('mathArenaMarket', 'marketStatsMedium', 'CC3', 0, 25, -1000000000.0000000000),
	('mathArenaMarket', 'marketStatsMedium', 'CC3', 1, 25, -1000000000.0000000000),
	('mathArenaMarket', 'marketStatsMedium', 'CC3', 0, 26, -1000000000.0000000000),
	('mathArenaMarket', 'marketStatsMedium', 'CC3', 1, 26, -1000000000.0000000000),
	('mathArenaMarket', 'marketStatsMedium', 'CC3', 0, 27, -1000000000.0000000000),
	('mathArenaMarket', 'marketStatsMedium', 'CC3', 1, 27, -1000000000.0000000000),
	('mathArenaMarket', 'marketStatsMedium', 'CC3', 0, 28, -1000000000.0000000000),
	('mathArenaMarket', 'marketStatsMedium', 'CC3', 1, 28, -1000000000.0000000000),
	('mathArenaMarket', 'marketStatsMedium', 'CC3', 0, 29, -1000000000.0000000000),
	('mathArenaMarket', 'marketStatsMedium', 'CC3', 1, 29, -1000000000.0000000000),
	('mathArenaMarket', 'marketStatsMedium', 'CC3', 0, 30, -1000000000.0000000000),
	('mathArenaMarket', 'marketStatsMedium', 'CC3', 1, 30, -1000000000.0000000000),
	('mathArenaMarket', 'marketStatsMedium', 'CC3', 0, 31, -1000000000.0000000000),
	('mathArenaMarket', 'marketStatsMedium', 'CC3', 1, 31, -1000000000.0000000000),
	('mathArenaMarket', 'marketStatsMedium', 'CC3', 0, 32, -1000000000.0000000000),
	('mathArenaMarket', 'marketStatsMedium', 'CC3', 1, 32, -1000000000.0000000000),
	('mathArenaMarket', 'marketStatsMedium', 'CC3', 0, 33, -1000000000.0000000000),
	('mathArenaMarket', 'marketStatsMedium', 'CC3', 1, 33, -1000000000.0000000000),
	('mathArenaMarket', 'marketStatsMedium', 'CC3', 0, 34, -1000000000.0000000000),
	('mathArenaMarket', 'marketStatsMedium', 'CC3', 1, 34, -1000000000.0000000000),
	('mathArenaMarket', 'marketStatsMedium', 'CC3', 0, 35, -1000000000.0000000000),
	('mathArenaMarket', 'marketStatsMedium', 'CC3', 1, 35, -1000000000.0000000000),
	('mathArenaMarket', 'marketStatsMedium', 'CC3', 0, 36, -1000000000.0000000000),
	('mathArenaMarket', 'marketStatsMedium', 'CC3', 1, 36, -1000000000.0000000000),
	('mathArenaMarket', 'marketStatsMedium', 'CC3', 0, 37, -1000000000.0000000000),
	('mathArenaMarket', 'marketStatsMedium', 'CC3', 1, 37, -1000000000.0000000000),
	('mathArenaMarket', 'marketStatsMedium', 'CC3', 0, 38, -1000000000.0000000000),
	('mathArenaMarket', 'marketStatsMedium', 'CC3', 1, 38, -1000000000.0000000000),
	('mathArenaMarket', 'marketStatsMedium', 'CC3', 0, 39, -1000000000.0000000000),
	('mathArenaMarket', 'marketStatsMedium', 'CC3', 1, 39, -1000000000.0000000000),
	('mathArenaMarket', 'marketStatsMedium', 'CC3', 0, 40, -1000000000.0000000000),
	('mathArenaMarket', 'marketStatsMedium', 'CC3', 1, 40, -1000000000.0000000000),
	('mathArenaMarket', 'marketStatsMedium', 'CC3', 0, 41, -1000000000.0000000000),
	('mathArenaMarket', 'marketStatsMedium', 'CC3', 1, 41, -1000000000.0000000000),
	('mathArenaMarket', 'marketStatsMedium', 'CC3', 0, 42, -1000000000.0000000000),
	('mathArenaMarket', 'marketStatsMedium', 'CC3', 1, 42, -1000000000.0000000000),
	('mathArenaMarket', 'marketStatsMedium', 'CC3', 0, 43, -1000000000.0000000000),
	('mathArenaMarket', 'marketStatsMedium', 'CC3', 1, 43, -1000000000.0000000000),
	('mathArenaMarket', 'marketStatsMedium', 'CC3', 0, 44, -1000000000.0000000000),
	('mathArenaMarket', 'marketStatsMedium', 'CC3', 1, 44, -1000000000.0000000000),
	('mathArenaMarket', 'marketStatsMedium', 'CC3', 0, 45, -1000000000.0000000000),
	('mathArenaMarket', 'marketStatsMedium', 'CC3', 1, 45, -1000000000.0000000000),
	('mathArenaMarket', 'marketStatsMedium', 'CC3', 0, 46, -1000000000.0000000000),
	('mathArenaMarket', 'marketStatsMedium', 'CC3', 1, 46, -1000000000.0000000000),
	('mathArenaMarket', 'marketStatsMedium', 'CC3', 0, 47, -1000000000.0000000000),
	('mathArenaMarket', 'marketStatsMedium', 'CC3', 1, 47, -1000000000.0000000000),
	('mathArenaMarket', 'marketStatsMedium', 'CC3', 0, 48, -1000000000.0000000000),
	('mathArenaMarket', 'marketStatsMedium', 'CC3', 1, 48, -1000000000.0000000000),
	('mathArenaMarket', 'marketStatsMedium', 'CC3', 0, 49, -1000000000.0000000000),
	('mathArenaMarket', 'marketStatsMedium', 'CC3', 1, 49, -1000000000.0000000000),
	('mathArenaMarket', 'marketStatsMedium', 'CC4', 0, 0, -1000000000.0000000000),
	('mathArenaMarket', 'marketStatsMedium', 'CC4', 1, 0, -1000000000.0000000000),
	('mathArenaMarket', 'marketStatsMedium', 'CC4', 0, 1, -1000000000.0000000000),
	('mathArenaMarket', 'marketStatsMedium', 'CC4', 1, 1, -1000000000.0000000000),
	('mathArenaMarket', 'marketStatsMedium', 'CC4', 0, 2, -1000000000.0000000000),
	('mathArenaMarket', 'marketStatsMedium', 'CC4', 1, 2, -1000000000.0000000000),
	('mathArenaMarket', 'marketStatsMedium', 'CC4', 0, 3, -1000000000.0000000000),
	('mathArenaMarket', 'marketStatsMedium', 'CC4', 1, 3, -1000000000.0000000000),
	('mathArenaMarket', 'marketStatsMedium', 'CC4', 0, 4, -1000000000.0000000000),
	('mathArenaMarket', 'marketStatsMedium', 'CC4', 1, 4, -1000000000.0000000000),
	('mathArenaMarket', 'marketStatsMedium', 'CC4', 0, 5, -1000000000.0000000000),
	('mathArenaMarket', 'marketStatsMedium', 'CC4', 1, 5, -1000000000.0000000000),
	('mathArenaMarket', 'marketStatsMedium', 'CC4', 0, 6, -1000000000.0000000000),
	('mathArenaMarket', 'marketStatsMedium', 'CC4', 1, 6, -1000000000.0000000000),
	('mathArenaMarket', 'marketStatsMedium', 'CC4', 0, 7, -1000000000.0000000000),
	('mathArenaMarket', 'marketStatsMedium', 'CC4', 1, 7, -1000000000.0000000000),
	('mathArenaMarket', 'marketStatsMedium', 'CC4', 0, 8, -1000000000.0000000000),
	('mathArenaMarket', 'marketStatsMedium', 'CC4', 1, 8, -1000000000.0000000000),
	('mathArenaMarket', 'marketStatsMedium', 'CC4', 0, 9, -1000000000.0000000000),
	('mathArenaMarket', 'marketStatsMedium', 'CC4', 1, 9, -1000000000.0000000000),
	('mathArenaMarket', 'marketStatsMedium', 'CC4', 0, 10, -1000000000.0000000000),
	('mathArenaMarket', 'marketStatsMedium', 'CC4', 1, 10, -1000000000.0000000000),
	('mathArenaMarket', 'marketStatsMedium', 'CC4', 0, 11, -1000000000.0000000000),
	('mathArenaMarket', 'marketStatsMedium', 'CC4', 1, 11, -1000000000.0000000000),
	('mathArenaMarket', 'marketStatsMedium', 'CC4', 0, 12, -1000000000.0000000000),
	('mathArenaMarket', 'marketStatsMedium', 'CC4', 1, 12, -1000000000.0000000000),
	('mathArenaMarket', 'marketStatsMedium', 'CC4', 0, 13, -1000000000.0000000000),
	('mathArenaMarket', 'marketStatsMedium', 'CC4', 1, 13, -1000000000.0000000000),
	('mathArenaMarket', 'marketStatsMedium', 'CC4', 0, 14, -1000000000.0000000000),
	('mathArenaMarket', 'marketStatsMedium', 'CC4', 1, 14, -1000000000.0000000000),
	('mathArenaMarket', 'marketStatsMedium', 'CC4', 0, 15, -1000000000.0000000000),
	('mathArenaMarket', 'marketStatsMedium', 'CC4', 1, 15, -1000000000.0000000000),
	('mathArenaMarket', 'marketStatsMedium', 'CC4', 0, 16, -1000000000.0000000000),
	('mathArenaMarket', 'marketStatsMedium', 'CC4', 1, 16, -1000000000.0000000000),
	('mathArenaMarket', 'marketStatsMedium', 'CC4', 0, 17, -1000000000.0000000000),
	('mathArenaMarket', 'marketStatsMedium', 'CC4', 1, 17, -1000000000.0000000000),
	('mathArenaMarket', 'marketStatsMedium', 'CC4', 0, 18, -1000000000.0000000000),
	('mathArenaMarket', 'marketStatsMedium', 'CC4', 1, 18, -1000000000.0000000000),
	('mathArenaMarket', 'marketStatsMedium', 'CC4', 0, 19, -1000000000.0000000000),
	('mathArenaMarket', 'marketStatsMedium', 'CC4', 1, 19, -1000000000.0000000000),
	('mathArenaMarket', 'marketStatsMedium', 'CC4', 0, 20, -1000000000.0000000000),
	('mathArenaMarket', 'marketStatsMedium', 'CC4', 1, 20, -1000000000.0000000000),
	('mathArenaMarket', 'marketStatsMedium', 'CC4', 0, 21, -1000000000.0000000000),
	('mathArenaMarket', 'marketStatsMedium', 'CC4', 1, 21, -1000000000.0000000000),
	('mathArenaMarket', 'marketStatsMedium', 'CC4', 0, 22, -1000000000.0000000000),
	('mathArenaMarket', 'marketStatsMedium', 'CC4', 1, 22, -1000000000.0000000000),
	('mathArenaMarket', 'marketStatsMedium', 'CC4', 0, 23, -1000000000.0000000000),
	('mathArenaMarket', 'marketStatsMedium', 'CC4', 1, 23, -1000000000.0000000000),
	('mathArenaMarket', 'marketStatsMedium', 'CC4', 0, 24, -1000000000.0000000000),
	('mathArenaMarket', 'marketStatsMedium', 'CC4', 1, 24, -1000000000.0000000000),
	('mathArenaMarket', 'marketStatsMedium', 'CC4', 0, 25, -1000000000.0000000000),
	('mathArenaMarket', 'marketStatsMedium', 'CC4', 1, 25, -1000000000.0000000000),
	('mathArenaMarket', 'marketStatsMedium', 'CC4', 0, 26, -1000000000.0000000000),
	('mathArenaMarket', 'marketStatsMedium', 'CC4', 1, 26, -1000000000.0000000000),
	('mathArenaMarket', 'marketStatsMedium', 'CC4', 0, 27, -1000000000.0000000000),
	('mathArenaMarket', 'marketStatsMedium', 'CC4', 1, 27, -1000000000.0000000000),
	('mathArenaMarket', 'marketStatsMedium', 'CC4', 0, 28, -1000000000.0000000000),
	('mathArenaMarket', 'marketStatsMedium', 'CC4', 1, 28, -1000000000.0000000000),
	('mathArenaMarket', 'marketStatsMedium', 'CC4', 0, 29, -1000000000.0000000000),
	('mathArenaMarket', 'marketStatsMedium', 'CC4', 1, 29, -1000000000.0000000000),
	('mathArenaMarket', 'marketStatsMedium', 'CC4', 0, 30, -1000000000.0000000000),
	('mathArenaMarket', 'marketStatsMedium', 'CC4', 1, 30, -1000000000.0000000000),
	('mathArenaMarket', 'marketStatsMedium', 'CC4', 0, 31, -1000000000.0000000000),
	('mathArenaMarket', 'marketStatsMedium', 'CC4', 1, 31, -1000000000.0000000000),
	('mathArenaMarket', 'marketStatsMedium', 'CC4', 0, 32, -1000000000.0000000000),
	('mathArenaMarket', 'marketStatsMedium', 'CC4', 1, 32, -1000000000.0000000000),
	('mathArenaMarket', 'marketStatsMedium', 'CC4', 0, 33, -1000000000.0000000000),
	('mathArenaMarket', 'marketStatsMedium', 'CC4', 1, 33, -1000000000.0000000000),
	('mathArenaMarket', 'marketStatsMedium', 'CC4', 0, 34, -1000000000.0000000000),
	('mathArenaMarket', 'marketStatsMedium', 'CC4', 1, 34, -1000000000.0000000000),
	('mathArenaMarket', 'marketStatsMedium', 'CC4', 0, 35, -1000000000.0000000000),
	('mathArenaMarket', 'marketStatsMedium', 'CC4', 1, 35, -1000000000.0000000000),
	('mathArenaMarket', 'marketStatsMedium', 'CC4', 0, 36, -1000000000.0000000000),
	('mathArenaMarket', 'marketStatsMedium', 'CC4', 1, 36, -1000000000.0000000000),
	('mathArenaMarket', 'marketStatsMedium', 'CC4', 0, 37, -1000000000.0000000000),
	('mathArenaMarket', 'marketStatsMedium', 'CC4', 1, 37, -1000000000.0000000000),
	('mathArenaMarket', 'marketStatsMedium', 'CC4', 0, 38, -1000000000.0000000000),
	('mathArenaMarket', 'marketStatsMedium', 'CC4', 1, 38, -1000000000.0000000000),
	('mathArenaMarket', 'marketStatsMedium', 'CC4', 0, 39, -1000000000.0000000000),
	('mathArenaMarket', 'marketStatsMedium', 'CC4', 1, 39, -1000000000.0000000000),
	('mathArenaMarket', 'marketStatsMedium', 'CC4', 0, 40, -1000000000.0000000000),
	('mathArenaMarket', 'marketStatsMedium', 'CC4', 1, 40, -1000000000.0000000000),
	('mathArenaMarket', 'marketStatsMedium', 'CC4', 0, 41, -1000000000.0000000000),
	('mathArenaMarket', 'marketStatsMedium', 'CC4', 1, 41, -1000000000.0000000000),
	('mathArenaMarket', 'marketStatsMedium', 'CC4', 0, 42, -1000000000.0000000000),
	('mathArenaMarket', 'marketStatsMedium', 'CC4', 1, 42, -1000000000.0000000000),
	('mathArenaMarket', 'marketStatsMedium', 'CC4', 0, 43, -1000000000.0000000000),
	('mathArenaMarket', 'marketStatsMedium', 'CC4', 1, 43, -1000000000.0000000000),
	('mathArenaMarket', 'marketStatsMedium', 'CC4', 0, 44, -1000000000.0000000000),
	('mathArenaMarket', 'marketStatsMedium', 'CC4', 1, 44, -1000000000.0000000000),
	('mathArenaMarket', 'marketStatsMedium', 'CC4', 0, 45, -1000000000.0000000000),
	('mathArenaMarket', 'marketStatsMedium', 'CC4', 1, 45, -1000000000.0000000000),
	('mathArenaMarket', 'marketStatsMedium', 'CC4', 0, 46, -1000000000.0000000000),
	('mathArenaMarket', 'marketStatsMedium', 'CC4', 1, 46, -1000000000.0000000000),
	('mathArenaMarket', 'marketStatsMedium', 'CC4', 0, 47, -1000000000.0000000000),
	('mathArenaMarket', 'marketStatsMedium', 'CC4', 1, 47, -1000000000.0000000000),
	('mathArenaMarket', 'marketStatsMedium', 'CC4', 0, 48, -1000000000.0000000000),
	('mathArenaMarket', 'marketStatsMedium', 'CC4', 1, 48, -1000000000.0000000000),
	('mathArenaMarket', 'marketStatsMedium', 'CC4', 0, 49, -1000000000.0000000000),
	('mathArenaMarket', 'marketStatsMedium', 'CC4', 1, 49, -1000000000.0000000000),
	('mathArenaMarket', 'marketStatsMedium', 'CC5', 0, 0, -1000000000.0000000000),
	('mathArenaMarket', 'marketStatsMedium', 'CC5', 1, 0, -1000000000.0000000000),
	('mathArenaMarket', 'marketStatsMedium', 'CC5', 0, 1, -1000000000.0000000000),
	('mathArenaMarket', 'marketStatsMedium', 'CC5', 1, 1, -1000000000.0000000000),
	('mathArenaMarket', 'marketStatsMedium', 'CC5', 0, 2, -1000000000.0000000000),
	('mathArenaMarket', 'marketStatsMedium', 'CC5', 1, 2, -1000000000.0000000000),
	('mathArenaMarket', 'marketStatsMedium', 'CC5', 0, 3, -1000000000.0000000000),
	('mathArenaMarket', 'marketStatsMedium', 'CC5', 1, 3, -1000000000.0000000000),
	('mathArenaMarket', 'marketStatsMedium', 'CC5', 0, 4, -1000000000.0000000000),
	('mathArenaMarket', 'marketStatsMedium', 'CC5', 1, 4, -1000000000.0000000000),
	('mathArenaMarket', 'marketStatsMedium', 'CC5', 0, 5, -1000000000.0000000000),
	('mathArenaMarket', 'marketStatsMedium', 'CC5', 1, 5, -1000000000.0000000000),
	('mathArenaMarket', 'marketStatsMedium', 'CC5', 0, 6, -1000000000.0000000000),
	('mathArenaMarket', 'marketStatsMedium', 'CC5', 1, 6, -1000000000.0000000000),
	('mathArenaMarket', 'marketStatsMedium', 'CC5', 0, 7, -1000000000.0000000000),
	('mathArenaMarket', 'marketStatsMedium', 'CC5', 1, 7, -1000000000.0000000000),
	('mathArenaMarket', 'marketStatsMedium', 'CC5', 0, 8, -1000000000.0000000000),
	('mathArenaMarket', 'marketStatsMedium', 'CC5', 1, 8, -1000000000.0000000000),
	('mathArenaMarket', 'marketStatsMedium', 'CC5', 0, 9, -1000000000.0000000000),
	('mathArenaMarket', 'marketStatsMedium', 'CC5', 1, 9, -1000000000.0000000000),
	('mathArenaMarket', 'marketStatsMedium', 'CC5', 0, 10, -1000000000.0000000000),
	('mathArenaMarket', 'marketStatsMedium', 'CC5', 1, 10, -1000000000.0000000000),
	('mathArenaMarket', 'marketStatsMedium', 'CC5', 0, 11, -1000000000.0000000000),
	('mathArenaMarket', 'marketStatsMedium', 'CC5', 1, 11, -1000000000.0000000000),
	('mathArenaMarket', 'marketStatsMedium', 'CC5', 0, 12, -1000000000.0000000000),
	('mathArenaMarket', 'marketStatsMedium', 'CC5', 1, 12, -1000000000.0000000000),
	('mathArenaMarket', 'marketStatsMedium', 'CC5', 0, 13, -1000000000.0000000000),
	('mathArenaMarket', 'marketStatsMedium', 'CC5', 1, 13, -1000000000.0000000000),
	('mathArenaMarket', 'marketStatsMedium', 'CC5', 0, 14, -1000000000.0000000000),
	('mathArenaMarket', 'marketStatsMedium', 'CC5', 1, 14, -1000000000.0000000000),
	('mathArenaMarket', 'marketStatsMedium', 'CC5', 0, 15, -1000000000.0000000000),
	('mathArenaMarket', 'marketStatsMedium', 'CC5', 1, 15, -1000000000.0000000000),
	('mathArenaMarket', 'marketStatsMedium', 'CC5', 0, 16, -1000000000.0000000000),
	('mathArenaMarket', 'marketStatsMedium', 'CC5', 1, 16, -1000000000.0000000000),
	('mathArenaMarket', 'marketStatsMedium', 'CC5', 0, 17, -1000000000.0000000000),
	('mathArenaMarket', 'marketStatsMedium', 'CC5', 1, 17, -1000000000.0000000000),
	('mathArenaMarket', 'marketStatsMedium', 'CC5', 0, 18, -1000000000.0000000000),
	('mathArenaMarket', 'marketStatsMedium', 'CC5', 1, 18, -1000000000.0000000000),
	('mathArenaMarket', 'marketStatsMedium', 'CC5', 0, 19, -1000000000.0000000000),
	('mathArenaMarket', 'marketStatsMedium', 'CC5', 1, 19, -1000000000.0000000000),
	('mathArenaMarket', 'marketStatsMedium', 'CC5', 0, 20, -1000000000.0000000000),
	('mathArenaMarket', 'marketStatsMedium', 'CC5', 1, 20, -1000000000.0000000000),
	('mathArenaMarket', 'marketStatsMedium', 'CC5', 0, 21, -1000000000.0000000000),
	('mathArenaMarket', 'marketStatsMedium', 'CC5', 1, 21, -1000000000.0000000000),
	('mathArenaMarket', 'marketStatsMedium', 'CC5', 0, 22, -1000000000.0000000000),
	('mathArenaMarket', 'marketStatsMedium', 'CC5', 1, 22, -1000000000.0000000000),
	('mathArenaMarket', 'marketStatsMedium', 'CC5', 0, 23, -1000000000.0000000000),
	('mathArenaMarket', 'marketStatsMedium', 'CC5', 1, 23, -1000000000.0000000000),
	('mathArenaMarket', 'marketStatsMedium', 'CC5', 0, 24, -1000000000.0000000000),
	('mathArenaMarket', 'marketStatsMedium', 'CC5', 1, 24, -1000000000.0000000000),
	('mathArenaMarket', 'marketStatsMedium', 'CC5', 0, 25, -1000000000.0000000000),
	('mathArenaMarket', 'marketStatsMedium', 'CC5', 1, 25, -1000000000.0000000000),
	('mathArenaMarket', 'marketStatsMedium', 'CC5', 0, 26, -1000000000.0000000000),
	('mathArenaMarket', 'marketStatsMedium', 'CC5', 1, 26, -1000000000.0000000000),
	('mathArenaMarket', 'marketStatsMedium', 'CC5', 0, 27, -1000000000.0000000000),
	('mathArenaMarket', 'marketStatsMedium', 'CC5', 1, 27, -1000000000.0000000000),
	('mathArenaMarket', 'marketStatsMedium', 'CC5', 0, 28, -1000000000.0000000000),
	('mathArenaMarket', 'marketStatsMedium', 'CC5', 1, 28, -1000000000.0000000000),
	('mathArenaMarket', 'marketStatsMedium', 'CC5', 0, 29, -1000000000.0000000000),
	('mathArenaMarket', 'marketStatsMedium', 'CC5', 1, 29, -1000000000.0000000000),
	('mathArenaMarket', 'marketStatsMedium', 'CC5', 0, 30, -1000000000.0000000000),
	('mathArenaMarket', 'marketStatsMedium', 'CC5', 1, 30, -1000000000.0000000000),
	('mathArenaMarket', 'marketStatsMedium', 'CC5', 0, 31, -1000000000.0000000000),
	('mathArenaMarket', 'marketStatsMedium', 'CC5', 1, 31, -1000000000.0000000000),
	('mathArenaMarket', 'marketStatsMedium', 'CC5', 0, 32, -1000000000.0000000000),
	('mathArenaMarket', 'marketStatsMedium', 'CC5', 1, 32, -1000000000.0000000000),
	('mathArenaMarket', 'marketStatsMedium', 'CC5', 0, 33, -1000000000.0000000000),
	('mathArenaMarket', 'marketStatsMedium', 'CC5', 1, 33, -1000000000.0000000000),
	('mathArenaMarket', 'marketStatsMedium', 'CC5', 0, 34, -1000000000.0000000000),
	('mathArenaMarket', 'marketStatsMedium', 'CC5', 1, 34, -1000000000.0000000000),
	('mathArenaMarket', 'marketStatsMedium', 'CC5', 0, 35, -1000000000.0000000000),
	('mathArenaMarket', 'marketStatsMedium', 'CC5', 1, 35, -1000000000.0000000000),
	('mathArenaMarket', 'marketStatsMedium', 'CC5', 0, 36, -1000000000.0000000000),
	('mathArenaMarket', 'marketStatsMedium', 'CC5', 1, 36, -1000000000.0000000000),
	('mathArenaMarket', 'marketStatsMedium', 'CC5', 0, 37, -1000000000.0000000000),
	('mathArenaMarket', 'marketStatsMedium', 'CC5', 1, 37, -1000000000.0000000000),
	('mathArenaMarket', 'marketStatsMedium', 'CC5', 0, 38, -1000000000.0000000000),
	('mathArenaMarket', 'marketStatsMedium', 'CC5', 1, 38, -1000000000.0000000000),
	('mathArenaMarket', 'marketStatsMedium', 'CC5', 0, 39, -1000000000.0000000000),
	('mathArenaMarket', 'marketStatsMedium', 'CC5', 1, 39, -1000000000.0000000000),
	('mathArenaMarket', 'marketStatsMedium', 'CC5', 0, 40, -1000000000.0000000000),
	('mathArenaMarket', 'marketStatsMedium', 'CC5', 1, 40, -1000000000.0000000000),
	('mathArenaMarket', 'marketStatsMedium', 'CC5', 0, 41, -1000000000.0000000000),
	('mathArenaMarket', 'marketStatsMedium', 'CC5', 1, 41, -1000000000.0000000000),
	('mathArenaMarket', 'marketStatsMedium', 'CC5', 0, 42, -1000000000.0000000000),
	('mathArenaMarket', 'marketStatsMedium', 'CC5', 1, 42, -1000000000.0000000000),
	('mathArenaMarket', 'marketStatsMedium', 'CC5', 0, 43, -1000000000.0000000000),
	('mathArenaMarket', 'marketStatsMedium', 'CC5', 1, 43, -1000000000.0000000000),
	('mathArenaMarket', 'marketStatsMedium', 'CC5', 0, 44, -1000000000.0000000000),
	('mathArenaMarket', 'marketStatsMedium', 'CC5', 1, 44, -1000000000.0000000000),
	('mathArenaMarket', 'marketStatsMedium', 'CC5', 0, 45, -1000000000.0000000000),
	('mathArenaMarket', 'marketStatsMedium', 'CC5', 1, 45, -1000000000.0000000000),
	('mathArenaMarket', 'marketStatsMedium', 'CC5', 0, 46, -1000000000.0000000000),
	('mathArenaMarket', 'marketStatsMedium', 'CC5', 1, 46, -1000000000.0000000000),
	('mathArenaMarket', 'marketStatsMedium', 'CC5', 0, 47, -1000000000.0000000000),
	('mathArenaMarket', 'marketStatsMedium', 'CC5', 1, 47, -1000000000.0000000000),
	('mathArenaMarket', 'marketStatsMedium', 'CC5', 0, 48, -1000000000.0000000000),
	('mathArenaMarket', 'marketStatsMedium', 'CC5', 1, 48, -1000000000.0000000000),
	('mathArenaMarket', 'marketStatsMedium', 'CC5', 0, 49, -1000000000.0000000000),
	('mathArenaMarket', 'marketStatsMedium', 'CC5', 1, 49, -1000000000.0000000000),
	('mathArenaMarket', 'marketStatsMedium', 'USD', 0, 0, -1000000000.0000000000),
	('mathArenaMarket', 'marketStatsMedium', 'USD', 1, 0, -1000000000.0000000000),
	('mathArenaMarket', 'marketStatsMedium', 'USD', 0, 1, -1000000000.0000000000),
	('mathArenaMarket', 'marketStatsMedium', 'USD', 1, 1, -1000000000.0000000000),
	('mathArenaMarket', 'marketStatsMedium', 'USD', 0, 2, -1000000000.0000000000),
	('mathArenaMarket', 'marketStatsMedium', 'USD', 1, 2, -1000000000.0000000000),
	('mathArenaMarket', 'marketStatsMedium', 'USD', 0, 3, -1000000000.0000000000),
	('mathArenaMarket', 'marketStatsMedium', 'USD', 1, 3, -1000000000.0000000000),
	('mathArenaMarket', 'marketStatsMedium', 'USD', 0, 4, -1000000000.0000000000),
	('mathArenaMarket', 'marketStatsMedium', 'USD', 1, 4, -1000000000.0000000000),
	('mathArenaMarket', 'marketStatsMedium', 'USD', 0, 5, -1000000000.0000000000),
	('mathArenaMarket', 'marketStatsMedium', 'USD', 1, 5, -1000000000.0000000000),
	('mathArenaMarket', 'marketStatsMedium', 'USD', 0, 6, -1000000000.0000000000),
	('mathArenaMarket', 'marketStatsMedium', 'USD', 1, 6, -1000000000.0000000000),
	('mathArenaMarket', 'marketStatsMedium', 'USD', 0, 7, -1000000000.0000000000),
	('mathArenaMarket', 'marketStatsMedium', 'USD', 1, 7, -1000000000.0000000000),
	('mathArenaMarket', 'marketStatsMedium', 'USD', 0, 8, -1000000000.0000000000),
	('mathArenaMarket', 'marketStatsMedium', 'USD', 1, 8, -1000000000.0000000000),
	('mathArenaMarket', 'marketStatsMedium', 'USD', 0, 9, -1000000000.0000000000),
	('mathArenaMarket', 'marketStatsMedium', 'USD', 1, 9, -1000000000.0000000000),
	('mathArenaMarket', 'marketStatsMedium', 'USD', 0, 10, -1000000000.0000000000),
	('mathArenaMarket', 'marketStatsMedium', 'USD', 1, 10, -1000000000.0000000000),
	('mathArenaMarket', 'marketStatsMedium', 'USD', 0, 11, -1000000000.0000000000),
	('mathArenaMarket', 'marketStatsMedium', 'USD', 1, 11, -1000000000.0000000000),
	('mathArenaMarket', 'marketStatsMedium', 'USD', 0, 12, -1000000000.0000000000),
	('mathArenaMarket', 'marketStatsMedium', 'USD', 1, 12, -1000000000.0000000000),
	('mathArenaMarket', 'marketStatsMedium', 'USD', 0, 13, -1000000000.0000000000),
	('mathArenaMarket', 'marketStatsMedium', 'USD', 1, 13, -1000000000.0000000000),
	('mathArenaMarket', 'marketStatsMedium', 'USD', 0, 14, -1000000000.0000000000),
	('mathArenaMarket', 'marketStatsMedium', 'USD', 1, 14, -1000000000.0000000000),
	('mathArenaMarket', 'marketStatsMedium', 'USD', 0, 15, -1000000000.0000000000),
	('mathArenaMarket', 'marketStatsMedium', 'USD', 1, 15, -1000000000.0000000000),
	('mathArenaMarket', 'marketStatsMedium', 'USD', 0, 16, -1000000000.0000000000),
	('mathArenaMarket', 'marketStatsMedium', 'USD', 1, 16, -1000000000.0000000000),
	('mathArenaMarket', 'marketStatsMedium', 'USD', 0, 17, -1000000000.0000000000),
	('mathArenaMarket', 'marketStatsMedium', 'USD', 1, 17, -1000000000.0000000000),
	('mathArenaMarket', 'marketStatsMedium', 'USD', 0, 18, -1000000000.0000000000),
	('mathArenaMarket', 'marketStatsMedium', 'USD', 1, 18, -1000000000.0000000000),
	('mathArenaMarket', 'marketStatsMedium', 'USD', 0, 19, -1000000000.0000000000),
	('mathArenaMarket', 'marketStatsMedium', 'USD', 1, 19, -1000000000.0000000000),
	('mathArenaMarket', 'marketStatsMedium', 'USD', 0, 20, -1000000000.0000000000),
	('mathArenaMarket', 'marketStatsMedium', 'USD', 1, 20, -1000000000.0000000000),
	('mathArenaMarket', 'marketStatsMedium', 'USD', 0, 21, -1000000000.0000000000),
	('mathArenaMarket', 'marketStatsMedium', 'USD', 1, 21, -1000000000.0000000000),
	('mathArenaMarket', 'marketStatsMedium', 'USD', 0, 22, -1000000000.0000000000),
	('mathArenaMarket', 'marketStatsMedium', 'USD', 1, 22, -1000000000.0000000000),
	('mathArenaMarket', 'marketStatsMedium', 'USD', 0, 23, -1000000000.0000000000),
	('mathArenaMarket', 'marketStatsMedium', 'USD', 1, 23, -1000000000.0000000000),
	('mathArenaMarket', 'marketStatsMedium', 'USD', 0, 24, -1000000000.0000000000),
	('mathArenaMarket', 'marketStatsMedium', 'USD', 1, 24, -1000000000.0000000000),
	('mathArenaMarket', 'marketStatsMedium', 'USD', 0, 25, -1000000000.0000000000),
	('mathArenaMarket', 'marketStatsMedium', 'USD', 1, 25, -1000000000.0000000000),
	('mathArenaMarket', 'marketStatsMedium', 'USD', 0, 26, -1000000000.0000000000),
	('mathArenaMarket', 'marketStatsMedium', 'USD', 1, 26, -1000000000.0000000000),
	('mathArenaMarket', 'marketStatsMedium', 'USD', 0, 27, -1000000000.0000000000),
	('mathArenaMarket', 'marketStatsMedium', 'USD', 1, 27, -1000000000.0000000000),
	('mathArenaMarket', 'marketStatsMedium', 'USD', 0, 28, -1000000000.0000000000),
	('mathArenaMarket', 'marketStatsMedium', 'USD', 1, 28, -1000000000.0000000000),
	('mathArenaMarket', 'marketStatsMedium', 'USD', 0, 29, -1000000000.0000000000),
	('mathArenaMarket', 'marketStatsMedium', 'USD', 1, 29, -1000000000.0000000000),
	('mathArenaMarket', 'marketStatsMedium', 'USD', 0, 30, -1000000000.0000000000),
	('mathArenaMarket', 'marketStatsMedium', 'USD', 1, 30, -1000000000.0000000000),
	('mathArenaMarket', 'marketStatsMedium', 'USD', 0, 31, -1000000000.0000000000),
	('mathArenaMarket', 'marketStatsMedium', 'USD', 1, 31, -1000000000.0000000000),
	('mathArenaMarket', 'marketStatsMedium', 'USD', 0, 32, -1000000000.0000000000),
	('mathArenaMarket', 'marketStatsMedium', 'USD', 1, 32, -1000000000.0000000000),
	('mathArenaMarket', 'marketStatsMedium', 'USD', 0, 33, -1000000000.0000000000),
	('mathArenaMarket', 'marketStatsMedium', 'USD', 1, 33, -1000000000.0000000000),
	('mathArenaMarket', 'marketStatsMedium', 'USD', 0, 34, -1000000000.0000000000),
	('mathArenaMarket', 'marketStatsMedium', 'USD', 1, 34, -1000000000.0000000000),
	('mathArenaMarket', 'marketStatsMedium', 'USD', 0, 35, -1000000000.0000000000),
	('mathArenaMarket', 'marketStatsMedium', 'USD', 1, 35, -1000000000.0000000000),
	('mathArenaMarket', 'marketStatsMedium', 'USD', 0, 36, -1000000000.0000000000),
	('mathArenaMarket', 'marketStatsMedium', 'USD', 1, 36, -1000000000.0000000000),
	('mathArenaMarket', 'marketStatsMedium', 'USD', 0, 37, -1000000000.0000000000),
	('mathArenaMarket', 'marketStatsMedium', 'USD', 1, 37, -1000000000.0000000000),
	('mathArenaMarket', 'marketStatsMedium', 'USD', 0, 38, -1000000000.0000000000),
	('mathArenaMarket', 'marketStatsMedium', 'USD', 1, 38, -1000000000.0000000000),
	('mathArenaMarket', 'marketStatsMedium', 'USD', 0, 39, -1000000000.0000000000),
	('mathArenaMarket', 'marketStatsMedium', 'USD', 1, 39, -1000000000.0000000000),
	('mathArenaMarket', 'marketStatsMedium', 'USD', 0, 40, -1000000000.0000000000),
	('mathArenaMarket', 'marketStatsMedium', 'USD', 1, 40, -1000000000.0000000000),
	('mathArenaMarket', 'marketStatsMedium', 'USD', 0, 41, -1000000000.0000000000),
	('mathArenaMarket', 'marketStatsMedium', 'USD', 1, 41, -1000000000.0000000000),
	('mathArenaMarket', 'marketStatsMedium', 'USD', 0, 42, -1000000000.0000000000),
	('mathArenaMarket', 'marketStatsMedium', 'USD', 1, 42, -1000000000.0000000000),
	('mathArenaMarket', 'marketStatsMedium', 'USD', 0, 43, -1000000000.0000000000),
	('mathArenaMarket', 'marketStatsMedium', 'USD', 1, 43, -1000000000.0000000000),
	('mathArenaMarket', 'marketStatsMedium', 'USD', 0, 44, -1000000000.0000000000),
	('mathArenaMarket', 'marketStatsMedium', 'USD', 1, 44, -1000000000.0000000000),
	('mathArenaMarket', 'marketStatsMedium', 'USD', 0, 45, -1000000000.0000000000),
	('mathArenaMarket', 'marketStatsMedium', 'USD', 1, 45, -1000000000.0000000000),
	('mathArenaMarket', 'marketStatsMedium', 'USD', 0, 46, -1000000000.0000000000),
	('mathArenaMarket', 'marketStatsMedium', 'USD', 1, 46, -1000000000.0000000000),
	('mathArenaMarket', 'marketStatsMedium', 'USD', 0, 47, -1000000000.0000000000),
	('mathArenaMarket', 'marketStatsMedium', 'USD', 1, 47, -1000000000.0000000000),
	('mathArenaMarket', 'marketStatsMedium', 'USD', 0, 48, -1000000000.0000000000),
	('mathArenaMarket', 'marketStatsMedium', 'USD', 1, 48, -1000000000.0000000000),
	('mathArenaMarket', 'marketStatsMedium', 'USD', 0, 49, -1000000000.0000000000),
	('mathArenaMarket', 'marketStatsMedium', 'USD', 1, 49, -1000000000.0000000000),
	('mathArenaMarket', 'marketStatsShort', 'CC1', 0, -1, -1000000000.0000000000),
	('mathArenaMarket', 'marketStatsShort', 'CC2', 0, -1, -1000000000.0000000000),
	('mathArenaMarket', 'marketStatsShort', 'CC3', 0, -1, -1000000000.0000000000),
	('mathArenaMarket', 'marketStatsShort', 'CC4', 0, -1, -1000000000.0000000000),
	('mathArenaMarket', 'marketStatsShort', 'CC5', 0, -1, -1000000000.0000000000),
	('mathArenaMarket', 'marketStatsShort', 'USD', 0, -1, -1000000000.0000000000),
	('mathArenaMarket', 'marketStatsMedium', 'CC1', 0, 0, 54.1539237783),
	('mathArenaMarket', 'marketStatsMedium', 'CC2', 0, 0, 43.9102140214),
	('mathArenaMarket', 'marketStatsMedium', 'CC3', 0, 0, 14.3997212772),
	('mathArenaMarket', 'marketStatsMedium', 'CC4', 0, 0, 106.6608575414),
	('mathArenaMarket', 'marketStatsMedium', 'CC5', 0, 0, 64.2717405167),
	('mathArenaMarket', 'marketStatsMedium', 'USD', 0, 0, 1.0000000000),
	('mathArenaMarket', 'marketStatsLong', 'CC1', 0, 0, 50.6085534520),
	('mathArenaMarket', 'marketStatsLong', 'CC1', 0, NULL, 50.6085534520),
	('mathArenaMarket', 'marketStatsLong', 'CC1', 4, NULL, 50.6085534520),
	('mathArenaMarket', 'marketStatsLong', 'CC1', 10, NULL, 0.0000000000),
	('mathArenaMarket', 'marketStatsLong', 'CC1', 3, NULL, 1.0121710690),
	('mathArenaMarket', 'marketStatsLong', 'CC1', 1, NULL, 0.0000000000),
	('mathArenaMarket', 'marketStatsLong', 'CC1', 2, NULL, -1000000000.0000000000),
	('mathArenaMarket', 'marketStatsLong', 'CC1', 6, NULL, -1.0000001012),
	('mathArenaMarket', 'marketStatsLong', 'CC1', 5, NULL, -500000000.0000000000),
	('mathArenaMarket', 'marketStatsLong', 'CC2', 0, 0, 44.7600781146),
	('mathArenaMarket', 'marketStatsLong', 'CC2', 0, NULL, 44.7600781146),
	('mathArenaMarket', 'marketStatsLong', 'CC2', 4, NULL, 44.7600781146),
	('mathArenaMarket', 'marketStatsLong', 'CC2', 10, NULL, 0.0000000000),
	('mathArenaMarket', 'marketStatsLong', 'CC2', 3, NULL, 0.8952015623),
	('mathArenaMarket', 'marketStatsLong', 'CC2', 1, NULL, 0.0000000000),
	('mathArenaMarket', 'marketStatsLong', 'CC2', 2, NULL, -1000000000.0000000000),
	('mathArenaMarket', 'marketStatsLong', 'CC2', 6, NULL, -1.0000000895),
	('mathArenaMarket', 'marketStatsLong', 'CC2', 5, NULL, -500000000.0000000000),
	('mathArenaMarket', 'marketStatsLong', 'CC3', 0, 0, 14.8276772244),
	('mathArenaMarket', 'marketStatsLong', 'CC3', 0, NULL, 14.8276772244),
	('mathArenaMarket', 'marketStatsLong', 'CC3', 4, NULL, 14.8276772244),
	('mathArenaMarket', 'marketStatsLong', 'CC3', 10, NULL, 0.0000000000),
	('mathArenaMarket', 'marketStatsLong', 'CC3', 3, NULL, 0.2965535445),
	('mathArenaMarket', 'marketStatsLong', 'CC3', 1, NULL, 0.0000000000),
	('mathArenaMarket', 'marketStatsLong', 'CC3', 2, NULL, -1000000000.0000000000),
	('mathArenaMarket', 'marketStatsLong', 'CC3', 6, NULL, -1.0000000297),
	('mathArenaMarket', 'marketStatsLong', 'CC3', 5, NULL, -500000000.0000000000),
	('mathArenaMarket', 'marketStatsLong', 'CC4', 0, 0, 106.0834527640),
	('mathArenaMarket', 'marketStatsLong', 'CC4', 0, NULL, 106.0834527640),
	('mathArenaMarket', 'marketStatsLong', 'CC4', 4, NULL, 106.0834527640),
	('mathArenaMarket', 'marketStatsLong', 'CC4', 10, NULL, 0.0000000000),
	('mathArenaMarket', 'marketStatsLong', 'CC4', 3, NULL, 2.1216690553),
	('mathArenaMarket', 'marketStatsLong', 'CC4', 1, NULL, 0.0000000000),
	('mathArenaMarket', 'marketStatsLong', 'CC4', 2, NULL, -1000000000.0000000000),
	('mathArenaMarket', 'marketStatsLong', 'CC4', 6, NULL, -1.0000002122),
	('mathArenaMarket', 'marketStatsLong', 'CC4', 5, NULL, -500000000.0000000000),
	('mathArenaMarket', 'marketStatsLong', 'CC5', 0, 0, 66.9420293994),
	('mathArenaMarket', 'marketStatsLong', 'CC5', 0, NULL, 66.9420293994),
	('mathArenaMarket', 'marketStatsLong', 'CC5', 4, NULL, 66.9420293994),
	('mathArenaMarket', 'marketStatsLong', 'CC5', 10, NULL, 0.0000000000),
	('mathArenaMarket', 'marketStatsLong', 'CC5', 3, NULL, 1.3388405880),
	('mathArenaMarket', 'marketStatsLong', 'CC5', 1, NULL, 0.0000000000),
	('mathArenaMarket', 'marketStatsLong', 'CC5', 2, NULL, -1000000000.0000000000),
	('mathArenaMarket', 'marketStatsLong', 'CC5', 6, NULL, -1.0000001339),
	('mathArenaMarket', 'marketStatsLong', 'CC5', 5, NULL, -500000000.0000000000),
	('mathArenaMarket', 'marketStatsLong', 'USD', 0, 0, 1.0000000000),
	('mathArenaMarket', 'marketStatsLong', 'USD', 0, NULL, 1.0000000000),
	('mathArenaMarket', 'marketStatsLong', 'USD', 4, NULL, 1.0000000000),
	('mathArenaMarket', 'marketStatsLong', 'USD', 10, NULL, 0.0000000000),
	('mathArenaMarket', 'marketStatsLong', 'USD', 3, NULL, 0.0200000000),
	('mathArenaMarket', 'marketStatsLong', 'USD', 1, NULL, 0.0000000000),
	('mathArenaMarket', 'marketStatsLong', 'USD', 2, NULL, -1000000000.0000000000),
	('mathArenaMarket', 'marketStatsLong', 'USD', 6, NULL, -1.0000000020),
	('mathArenaMarket', 'marketStatsLong', 'USD', 5, NULL, -500000000.0000000000),
	('mathArenaMarket', 'marketStatsMedium', 'CC1', 0, 0, 50.6085534520),
	('mathArenaMarket', 'marketStatsMedium', 'CC2', 0, 0, 44.7600781146),
	('mathArenaMarket', 'marketStatsMedium', 'CC3', 0, 0, 14.8276772244),
	('mathArenaMarket', 'marketStatsMedium', 'CC4', 0, 0, 106.0834527640),
	('mathArenaMarket', 'marketStatsMedium', 'CC5', 0, 0, 66.9420293994),
	('mathArenaMarket', 'marketStatsMedium', 'USD', 0, 0, 1.0000000000),
	('mathArenaMarket', 'marketStatsMedium', 'CC1', 0, 0, 49.0566746842),
	('mathArenaMarket', 'marketStatsMedium', 'CC2', 0, 0, 41.6556455587),
	('mathArenaMarket', 'marketStatsMedium', 'CC3', 0, 0, 18.3678670707),
	('mathArenaMarket', 'marketStatsMedium', 'CC4', 0, 0, 102.5211359873),
	('mathArenaMarket', 'marketStatsMedium', 'CC5', 0, 0, 65.3973444616),
	('mathArenaMarket', 'marketStatsMedium', 'USD', 0, 0, 1.0000000000),
	('mathArenaMarket', 'marketStatsMedium', 'CC1', 0, 0, 51.7216263647),
	('mathArenaMarket', 'marketStatsMedium', 'CC1', 0, NULL, 51.7216263647),
	('mathArenaMarket', 'marketStatsMedium', 'CC1', 4, NULL, 205.5407782792),
	('mathArenaMarket', 'marketStatsMedium', 'CC1', 10, NULL, 0.0000000000),
	('mathArenaMarket', 'marketStatsMedium', 'CC1', 3, NULL, 4.1108155656),
	('mathArenaMarket', 'marketStatsMedium', 'CC1', 1, NULL, 49.0566746842),
	('mathArenaMarket', 'marketStatsMedium', 'CC1', 2, NULL, 54.1539237783),
	('mathArenaMarket', 'marketStatsMedium', 'CC1', 6, NULL, 0.0456431033),
	('mathArenaMarket', 'marketStatsMedium', 'CC1', 5, NULL, 51.6052992313),
	('mathArenaMarket', 'marketStatsMedium', 'CC2', 0, 0, 39.0445612186),
	('mathArenaMarket', 'marketStatsMedium', 'CC2', 0, NULL, 39.0445612186),
	('mathArenaMarket', 'marketStatsMedium', 'CC2', 4, NULL, 169.3704989133),
	('mathArenaMarket', 'marketStatsMedium', 'CC2', 10, NULL, 0.0000000000),
	('mathArenaMarket', 'marketStatsMedium', 'CC2', 3, NULL, 3.3874099783),
	('mathArenaMarket', 'marketStatsMedium', 'CC2', 1, NULL, 39.0445612186),
	('mathArenaMarket', 'marketStatsMedium', 'CC2', 2, NULL, 44.7600781146),
	('mathArenaMarket', 'marketStatsMedium', 'CC2', 6, NULL, -1.0000000000),
	('mathArenaMarket', 'marketStatsMedium', 'CC2', 5, NULL, 41.9023196666),
	('mathArenaMarket', 'marketStatsMedium', 'CC3', 0, 0, 19.9483471010),
	('mathArenaMarket', 'marketStatsMedium', 'CC3', 0, NULL, 19.9483471010),
	('mathArenaMarket', 'marketStatsMedium', 'CC3', 4, NULL, 67.5436126733),
	('mathArenaMarket', 'marketStatsMedium', 'CC3', 10, NULL, 0.0000000000),
	('mathArenaMarket', 'marketStatsMedium', 'CC3', 3, NULL, 1.3508722535),
	('mathArenaMarket', 'marketStatsMedium', 'CC3', 1, NULL, 14.3997212772),
	('mathArenaMarket', 'marketStatsMedium', 'CC3', 2, NULL, 19.9483471010),
	('mathArenaMarket', 'marketStatsMedium', 'CC3', 6, NULL, 1.0000000000),
	('mathArenaMarket', 'marketStatsMedium', 'CC3', 5, NULL, 17.1740341891),
	('mathArenaMarket', 'marketStatsMedium', 'CC4', 0, 0, 101.0775516403),
	('mathArenaMarket', 'marketStatsMedium', 'CC4', 0, NULL, 101.0775516403),
	('mathArenaMarket', 'marketStatsMedium', 'CC4', 4, NULL, 416.3429979330),
	('mathArenaMarket', 'marketStatsMedium', 'CC4', 10, NULL, 0.0000000000),
	('mathArenaMarket', 'marketStatsMedium', 'CC4', 3, NULL, 8.3268599587),
	('mathArenaMarket', 'marketStatsMedium', 'CC4', 1, NULL, 101.0775516403),
	('mathArenaMarket', 'marketStatsMedium', 'CC4', 2, NULL, 106.6608575414),
	('mathArenaMarket', 'marketStatsMedium', 'CC4', 6, NULL, -1.0000000000),
	('mathArenaMarket', 'marketStatsMedium', 'CC4', 5, NULL, 103.8692045909),
	('mathArenaMarket', 'marketStatsMedium', 'CC5', 0, 0, 61.8507181683),
	('mathArenaMarket', 'marketStatsMedium', 'CC5', 0, NULL, 61.8507181683),
	('mathArenaMarket', 'marketStatsMedium', 'CC5', 4, NULL, 258.4618325460),
	('mathArenaMarket', 'marketStatsMedium', 'CC5', 10, NULL, 0.0000000000),
	('mathArenaMarket', 'marketStatsMedium', 'CC5', 3, NULL, 5.1692366509),
	('mathArenaMarket', 'marketStatsMedium', 'CC5', 1, NULL, 61.8507181683),
	('mathArenaMarket', 'marketStatsMedium', 'CC5', 2, NULL, 66.9420293994),
	('mathArenaMarket', 'marketStatsMedium', 'CC5', 6, NULL, -1.0000000000),
	('mathArenaMarket', 'marketStatsMedium', 'CC5', 5, NULL, 64.3963737839),
	('mathArenaMarket', 'marketStatsMedium', 'USD', 0, 0, 1.0000000000),
	('mathArenaMarket', 'marketStatsMedium', 'USD', 0, NULL, 1.0000000000),
	('mathArenaMarket', 'marketStatsMedium', 'USD', 4, NULL, 4.0000000000),
	('mathArenaMarket', 'marketStatsMedium', 'USD', 10, NULL, 0.0000000000),
	('mathArenaMarket', 'marketStatsMedium', 'USD', 3, NULL, 0.0800000000),
	('mathArenaMarket', 'marketStatsMedium', 'USD', 1, NULL, 1.0000000000),
	('mathArenaMarket', 'marketStatsMedium', 'USD', 2, NULL, 1.0000000000),
	('mathArenaMarket', 'marketStatsMedium', 'USD', 6, NULL, 0.0000000000),
	('mathArenaMarket', 'marketStatsMedium', 'USD', 5, NULL, 1.0000000000),
	('mathArenaMarket', 'marketStatsMedium', 'USD', 7, NULL, 1000.0000000000),
	('mathArenaMarket', 'marketStatsMedium', 'USD', 8, NULL, 1000.0000000000),
	('mathArenaMarket', 'marketStatsMedium', 'USD', 9, NULL, 0.0000000000),
	('mathArenaMarket', 'marketStatsShort', 'CC1', 0, 0, 54.2229178324),
	('mathArenaMarket', 'marketStatsShort', 'CC1', 0, 1, 54.3208280855),
	('mathArenaMarket', 'marketStatsShort', 'CC1', 0, 2, 54.4129374771),
	('mathArenaMarket', 'marketStatsShort', 'CC1', 0, 3, 54.4990157816),
	('mathArenaMarket', 'marketStatsShort', 'CC1', 0, 4, 54.5788478481),
	('mathArenaMarket', 'marketStatsShort', 'CC1', 0, 5, 54.6522341381),
	('mathArenaMarket', 'marketStatsShort', 'CC1', 0, 6, 54.7189912239),
	('mathArenaMarket', 'marketStatsShort', 'CC1', 0, 7, 54.7789522477),
	('mathArenaMarket', 'marketStatsShort', 'CC1', 0, 8, 54.8319673382),
	('mathArenaMarket', 'marketStatsShort', 'CC1', 0, 9, 54.8779039851),
	('mathArenaMarket', 'marketStatsShort', 'CC1', 0, 10, 54.9166473709),
	('mathArenaMarket', 'marketStatsShort', 'CC1', 0, 11, 54.9481006572),
	('mathArenaMarket', 'marketStatsShort', 'CC1', 0, 12, 54.9721852272),
	('mathArenaMarket', 'marketStatsShort', 'CC1', 0, 13, 54.9888408821),
	('mathArenaMarket', 'marketStatsShort', 'CC1', 0, 14, 54.9980259912),
	('mathArenaMarket', 'marketStatsShort', 'CC1', 0, 15, 54.9997175968),
	('mathArenaMarket', 'marketStatsShort', 'CC1', 0, 16, 54.9939114706),
	('mathArenaMarket', 'marketStatsShort', 'CC1', 0, 17, 54.9806221249),
	('mathArenaMarket', 'marketStatsShort', 'CC1', 0, 18, 54.9598827761),
	('mathArenaMarket', 'marketStatsShort', 'CC1', 0, 19, 54.9317452619),
	('mathArenaMarket', 'marketStatsShort', 'CC1', 0, 20, 54.8962799114),
	('mathArenaMarket', 'marketStatsShort', 'CC1', 0, 21, 54.8535753694),
	('mathArenaMarket', 'marketStatsShort', 'CC1', 0, 22, 54.8037383752),
	('mathArenaMarket', 'marketStatsShort', 'CC1', 0, 23, 54.7468934951),
	('mathArenaMarket', 'marketStatsShort', 'CC1', 0, 24, 54.6831828119),
	('mathArenaMarket', 'marketStatsShort', 'CC1', 0, 25, 54.6127655690),
	('mathArenaMarket', 'marketStatsShort', 'CC1', 0, 26, 54.5358177729),
	('mathArenaMarket', 'marketStatsShort', 'CC1', 0, 27, 54.4525317530),
	('mathArenaMarket', 'marketStatsShort', 'CC1', 0, 28, 54.3631156810),
	('mathArenaMarket', 'marketStatsShort', 'CC1', 0, 29, 54.2677930504),
	('mathArenaMarket', 'marketStatsShort', 'CC1', 0, 30, 54.1668021183),
	('mathArenaMarket', 'marketStatsShort', 'CC1', 0, 31, 54.0603953093),
	('mathArenaMarket', 'marketStatsShort', 'CC1', 0, 32, 53.9488385851),
	('mathArenaMarket', 'marketStatsShort', 'CC1', 0, 33, 53.8324107793),
	('mathArenaMarket', 'marketStatsShort', 'CC1', 0, 34, 53.7114029009),
	('mathArenaMarket', 'marketStatsShort', 'CC1', 0, 35, 53.5861174065),
	('mathArenaMarket', 'marketStatsShort', 'CC1', 0, 36, 53.4568674447),
	('mathArenaMarket', 'marketStatsShort', 'CC1', 0, 37, 53.3239760730),
	('mathArenaMarket', 'marketStatsShort', 'CC1', 0, 38, 53.1877754505),
	('mathArenaMarket', 'marketStatsShort', 'CC1', 0, 39, 53.0486060081),
	('mathArenaMarket', 'marketStatsShort', 'CC1', 0, 40, 52.9068155967),
	('mathArenaMarket', 'marketStatsShort', 'CC1', 0, 41, 52.7627586186),
	('mathArenaMarket', 'marketStatsShort', 'CC1', 0, 42, 52.6167951412),
	('mathArenaMarket', 'marketStatsShort', 'CC1', 0, 43, 52.4692899972),
	('mathArenaMarket', 'marketStatsShort', 'CC1', 0, 44, 52.3206118725),
	('mathArenaMarket', 'marketStatsShort', 'CC1', 0, 45, 52.1711323852),
	('mathArenaMarket', 'marketStatsShort', 'CC1', 0, 46, 52.0212251560),
	('mathArenaMarket', 'marketStatsShort', 'CC1', 0, 47, 51.8712648750),
	('mathArenaMarket', 'marketStatsShort', 'CC1', 0, 48, 51.7216263647),
	('mathArenaMarket', 'marketStatsShort', 'CC1', 0, 49, 51.5726836436),
	('mathArenaMarket', 'marketStatsShort', 'CC1', 0, NULL, 51.5726836436),
	('mathArenaMarket', 'marketStatsShort', 'CC1', 4, NULL, 2700.5573648323),
	('mathArenaMarket', 'marketStatsShort', 'CC1', 10, NULL, 0.0000000000),
	('mathArenaMarket', 'marketStatsShort', 'CC1', 3, NULL, 54.0111472966),
	('mathArenaMarket', 'marketStatsShort', 'CC1', 1, NULL, 51.5726836436),
	('mathArenaMarket', 'marketStatsShort', 'CC1', 2, NULL, 54.9997175968),
	('mathArenaMarket', 'marketStatsShort', 'CC1', 6, NULL, -1.0000000000),
	('mathArenaMarket', 'marketStatsShort', 'CC1', 5, NULL, 53.2862006202),
	('mathArenaMarket', 'marketStatsShort', 'CC2', 0, 0, 43.8313557585),
	('mathArenaMarket', 'marketStatsShort', 'CC2', 0, 1, 43.7103085405),
	('mathArenaMarket', 'marketStatsShort', 'CC2', 0, 2, 43.5849864419),
	('mathArenaMarket', 'marketStatsShort', 'CC2', 0, 3, 43.4557027027),
	('mathArenaMarket', 'marketStatsShort', 'CC2', 0, 4, 43.3227804648),
	('mathArenaMarket', 'marketStatsShort', 'CC2', 0, 5, 43.1865519646),
	('mathArenaMarket', 'marketStatsShort', 'CC2', 0, 6, 43.0473577025),
	('mathArenaMarket', 'marketStatsShort', 'CC2', 0, 7, 42.9055455916),
	('mathArenaMarket', 'marketStatsShort', 'CC2', 0, 8, 42.7614700883),
	('mathArenaMarket', 'marketStatsShort', 'CC2', 0, 9, 42.6154913063),
	('mathArenaMarket', 'marketStatsShort', 'CC2', 0, 10, 42.4679741166),
	('mathArenaMarket', 'marketStatsShort', 'CC2', 0, 11, 42.3192872354),
	('mathArenaMarket', 'marketStatsShort', 'CC2', 0, 12, 42.1698023023),
	('mathArenaMarket', 'marketStatsShort', 'CC2', 0, 13, 42.0198929519),
	('mathArenaMarket', 'marketStatsShort', 'CC2', 0, 14, 41.8699338795),
	('mathArenaMarket', 'marketStatsShort', 'CC2', 0, 15, 41.7202999046),
	('mathArenaMarket', 'marketStatsShort', 'CC2', 0, 16, 41.5713650344),
	('mathArenaMarket', 'marketStatsShort', 'CC2', 0, 17, 41.4235015283),
	('mathArenaMarket', 'marketStatsShort', 'CC2', 0, 18, 41.2770789681),
	('mathArenaMarket', 'marketStatsShort', 'CC2', 0, 19, 41.1324633341),
	('mathArenaMarket', 'marketStatsShort', 'CC2', 0, 20, 40.9900160899),
	('mathArenaMarket', 'marketStatsShort', 'CC2', 0, 21, 40.8500932795),
	('mathArenaMarket', 'marketStatsShort', 'CC2', 0, 22, 40.7130446370),
	('mathArenaMarket', 'marketStatsShort', 'CC2', 0, 23, 40.5792127127),
	('mathArenaMarket', 'marketStatsShort', 'CC2', 0, 24, 40.4489320167),
	('mathArenaMarket', 'marketStatsShort', 'CC2', 0, 25, 40.3225281829),
	('mathArenaMarket', 'marketStatsShort', 'CC2', 0, 26, 40.2003171550),
	('mathArenaMarket', 'marketStatsShort', 'CC2', 0, 27, 40.0826043969),
	('mathArenaMarket', 'marketStatsShort', 'CC2', 0, 28, 39.9696841293),
	('mathArenaMarket', 'marketStatsShort', 'CC2', 0, 29, 39.8618385941),
	('mathArenaMarket', 'marketStatsShort', 'CC2', 0, 30, 39.7593373487),
	('mathArenaMarket', 'marketStatsShort', 'CC2', 0, 31, 39.6624365932),
	('mathArenaMarket', 'marketStatsShort', 'CC2', 0, 32, 39.5713785287),
	('mathArenaMarket', 'marketStatsShort', 'CC2', 0, 33, 39.4863907531),
	('mathArenaMarket', 'marketStatsShort', 'CC2', 0, 34, 39.4076856916),
	('mathArenaMarket', 'marketStatsShort', 'CC2', 0, 35, 39.3354600658),
	('mathArenaMarket', 'marketStatsShort', 'CC2', 0, 36, 39.2698944022),
	('mathArenaMarket', 'marketStatsShort', 'CC2', 0, 37, 39.2111525807),
	('mathArenaMarket', 'marketStatsShort', 'CC2', 0, 38, 39.1593814254),
	('mathArenaMarket', 'marketStatsShort', 'CC2', 0, 39, 39.1147103372),
	('mathArenaMarket', 'marketStatsShort', 'CC2', 0, 40, 39.0772509705),
	('mathArenaMarket', 'marketStatsShort', 'CC2', 0, 41, 39.0470969542),
	('mathArenaMarket', 'marketStatsShort', 'CC2', 0, 42, 39.0243236577),
	('mathArenaMarket', 'marketStatsShort', 'CC2', 0, 43, 39.0089880024),
	('mathArenaMarket', 'marketStatsShort', 'CC2', 0, 44, 39.0011283193),
	('mathArenaMarket', 'marketStatsShort', 'CC2', 0, 45, 39.0007642537),
	('mathArenaMarket', 'marketStatsShort', 'CC2', 0, 46, 39.0078967155),
	('mathArenaMarket', 'marketStatsShort', 'CC2', 0, 47, 39.0225078772),
	('mathArenaMarket', 'marketStatsShort', 'CC2', 0, 48, 39.0445612186),
	('mathArenaMarket', 'marketStatsShort', 'CC2', 0, 49, 39.0740016178),
	('mathArenaMarket', 'marketStatsShort', 'CC2', 0, NULL, 39.0740016178),
	('mathArenaMarket', 'marketStatsShort', 'CC2', 4, NULL, 2038.6977683244),
	('mathArenaMarket', 'marketStatsShort', 'CC2', 10, NULL, 0.0000000000),
	('mathArenaMarket', 'marketStatsShort', 'CC2', 3, NULL, 40.7739553665),
	('mathArenaMarket', 'marketStatsShort', 'CC2', 1, NULL, 39.0007642537),
	('mathArenaMarket', 'marketStatsShort', 'CC2', 2, NULL, 43.8313557585),
	('mathArenaMarket', 'marketStatsShort', 'CC2', 6, NULL, -0.9696776827),
	('mathArenaMarket', 'marketStatsShort', 'CC2', 5, NULL, 41.4160600061),
	('mathArenaMarket', 'marketStatsShort', 'CC3', 0, 0, 14.4514975980),
	('mathArenaMarket', 'marketStatsShort', 'CC3', 0, 1, 14.5337876917),
	('mathArenaMarket', 'marketStatsShort', 'CC3', 0, 2, 14.6222420317),
	('mathArenaMarket', 'marketStatsShort', 'CC3', 0, 3, 14.7166395284),
	('mathArenaMarket', 'marketStatsShort', 'CC3', 0, 4, 14.8167442370),
	('mathArenaMarket', 'marketStatsShort', 'CC3', 0, 5, 14.9223059481),
	('mathArenaMarket', 'marketStatsShort', 'CC3', 0, 6, 15.0330608122),
	('mathArenaMarket', 'marketStatsShort', 'CC3', 0, 7, 15.1487320000),
	('mathArenaMarket', 'marketStatsShort', 'CC3', 0, 8, 15.2690303936),
	('mathArenaMarket', 'marketStatsShort', 'CC3', 0, 9, 15.3936553098),
	('mathArenaMarket', 'marketStatsShort', 'CC3', 0, 10, 15.5222952512),
	('mathArenaMarket', 'marketStatsShort', 'CC3', 0, 11, 15.6546286848),
	('mathArenaMarket', 'marketStatsShort', 'CC3', 0, 12, 15.7903248461),
	('mathArenaMarket', 'marketStatsShort', 'CC3', 0, 13, 15.9290445652),
	('mathArenaMarket', 'marketStatsShort', 'CC3', 0, 14, 16.0704411152),
	('mathArenaMarket', 'marketStatsShort', 'CC3', 0, 15, 16.2141610783),
	('mathArenaMarket', 'marketStatsShort', 'CC3', 0, 16, 16.3598452295),
	('mathArenaMarket', 'marketStatsShort', 'CC3', 0, 17, 16.5071294342),
	('mathArenaMarket', 'marketStatsShort', 'CC3', 0, 18, 16.6556455587),
	('mathArenaMarket', 'marketStatsShort', 'CC3', 0, 19, 16.8050223899),
	('mathArenaMarket', 'marketStatsShort', 'CC3', 0, 20, 16.9548865635),
	('mathArenaMarket', 'marketStatsShort', 'CC3', 0, 21, 17.1048634973),
	('mathArenaMarket', 'marketStatsShort', 'CC3', 0, 22, 17.2545783270),
	('mathArenaMarket', 'marketStatsShort', 'CC3', 0, 23, 17.4036568434),
	('mathArenaMarket', 'marketStatsShort', 'CC3', 0, 24, 17.5517264279),
	('mathArenaMarket', 'marketStatsShort', 'CC3', 0, 25, 17.6984169837),
	('mathArenaMarket', 'marketStatsShort', 'CC3', 0, 26, 17.8433618608),
	('mathArenaMarket', 'marketStatsShort', 'CC3', 0, 27, 17.9861987724),
	('mathArenaMarket', 'marketStatsShort', 'CC3', 0, 28, 18.1265707007),
	('mathArenaMarket', 'marketStatsShort', 'CC3', 0, 29, 18.2641267889),
	('mathArenaMarket', 'marketStatsShort', 'CC3', 0, 30, 18.3985232186),
	('mathArenaMarket', 'marketStatsShort', 'CC3', 0, 31, 18.5294240685),
	('mathArenaMarket', 'marketStatsShort', 'CC3', 0, 32, 18.6565021547),
	('mathArenaMarket', 'marketStatsShort', 'CC3', 0, 33, 18.7794398483),
	('mathArenaMarket', 'marketStatsShort', 'CC3', 0, 34, 18.8979298689),
	('mathArenaMarket', 'marketStatsShort', 'CC3', 0, 35, 19.0116760533),
	('mathArenaMarket', 'marketStatsShort', 'CC3', 0, 36, 19.1203940952),
	('mathArenaMarket', 'marketStatsShort', 'CC3', 0, 37, 19.2238122562),
	('mathArenaMarket', 'marketStatsShort', 'CC3', 0, 38, 19.3216720447),
	('mathArenaMarket', 'marketStatsShort', 'CC3', 0, 39, 19.4137288621),
	('mathArenaMarket', 'marketStatsShort', 'CC3', 0, 40, 19.4997526145),
	('mathArenaMarket', 'marketStatsShort', 'CC3', 0, 41, 19.5795282871),
	('mathArenaMarket', 'marketStatsShort', 'CC3', 0, 42, 19.6528564825),
	('mathArenaMarket', 'marketStatsShort', 'CC3', 0, 43, 19.7195539182),
	('mathArenaMarket', 'marketStatsShort', 'CC3', 0, 44, 19.7794538854),
	('mathArenaMarket', 'marketStatsShort', 'CC3', 0, 45, 19.8324066654),
	('mathArenaMarket', 'marketStatsShort', 'CC3', 0, 46, 19.8782799039),
	('mathArenaMarket', 'marketStatsShort', 'CC3', 0, 47, 19.9169589415),
	('mathArenaMarket', 'marketStatsShort', 'CC3', 0, 48, 19.9483471010),
	('mathArenaMarket', 'marketStatsShort', 'CC3', 0, 49, 19.9723659281),
	('mathArenaMarket', 'marketStatsShort', 'CC3', 0, NULL, 19.9723659281),
	('mathArenaMarket', 'marketStatsShort', 'CC3', 4, NULL, 873.7372266673),
	('mathArenaMarket', 'marketStatsShort', 'CC3', 10, NULL, 0.0000000000),
	('mathArenaMarket', 'marketStatsShort', 'CC3', 3, NULL, 17.4747445333),
	('mathArenaMarket', 'marketStatsShort', 'CC3', 1, NULL, 14.4514975980),
	('mathArenaMarket', 'marketStatsShort', 'CC3', 2, NULL, 19.9723659281),
	('mathArenaMarket', 'marketStatsShort', 'CC3', 6, NULL, 1.0000000000),
	('mathArenaMarket', 'marketStatsShort', 'CC3', 5, NULL, 17.2119317631),
	('mathArenaMarket', 'marketStatsShort', 'CC4', 0, 0, 106.6127655690),
	('mathArenaMarket', 'marketStatsShort', 'CC4', 0, 1, 106.5358177729),
	('mathArenaMarket', 'marketStatsShort', 'CC4', 0, 2, 106.4525317530),
	('mathArenaMarket', 'marketStatsShort', 'CC4', 0, 3, 106.3631156810),
	('mathArenaMarket', 'marketStatsShort', 'CC4', 0, 4, 106.2677930504),
	('mathArenaMarket', 'marketStatsShort', 'CC4', 0, 5, 106.1668021183),
	('mathArenaMarket', 'marketStatsShort', 'CC4', 0, 6, 106.0603953093),
	('mathArenaMarket', 'marketStatsShort', 'CC4', 0, 7, 105.9488385851),
	('mathArenaMarket', 'marketStatsShort', 'CC4', 0, 8, 105.8324107793),
	('mathArenaMarket', 'marketStatsShort', 'CC4', 0, 9, 105.7114029009),
	('mathArenaMarket', 'marketStatsShort', 'CC4', 0, 10, 105.5861174065),
	('mathArenaMarket', 'marketStatsShort', 'CC4', 0, 11, 105.4568674447),
	('mathArenaMarket', 'marketStatsShort', 'CC4', 0, 12, 105.3239760730),
	('mathArenaMarket', 'marketStatsShort', 'CC4', 0, 13, 105.1877754505),
	('mathArenaMarket', 'marketStatsShort', 'CC4', 0, 14, 105.0486060081),
	('mathArenaMarket', 'marketStatsShort', 'CC4', 0, 15, 104.9068155967),
	('mathArenaMarket', 'marketStatsShort', 'CC4', 0, 16, 104.7627586186),
	('mathArenaMarket', 'marketStatsShort', 'CC4', 0, 17, 104.6167951412),
	('mathArenaMarket', 'marketStatsShort', 'CC4', 0, 18, 104.4692899972),
	('mathArenaMarket', 'marketStatsShort', 'CC4', 0, 19, 104.3206118725),
	('mathArenaMarket', 'marketStatsShort', 'CC4', 0, 20, 104.1711323852),
	('mathArenaMarket', 'marketStatsShort', 'CC4', 0, 21, 104.0212251560),
	('mathArenaMarket', 'marketStatsShort', 'CC4', 0, 22, 103.8712648750),
	('mathArenaMarket', 'marketStatsShort', 'CC4', 0, 23, 103.7216263647),
	('mathArenaMarket', 'marketStatsShort', 'CC4', 0, 24, 103.5726836436),
	('mathArenaMarket', 'marketStatsShort', 'CC4', 0, 25, 103.4248089908),
	('mathArenaMarket', 'marketStatsShort', 'CC4', 0, 26, 103.2783720160),
	('mathArenaMarket', 'marketStatsShort', 'CC4', 0, 27, 103.1337387353),
	('mathArenaMarket', 'marketStatsShort', 'CC4', 0, 28, 102.9912706567),
	('mathArenaMarket', 'marketStatsShort', 'CC4', 0, 29, 102.8513238760),
	('mathArenaMarket', 'marketStatsShort', 'CC4', 0, 30, 102.7142481875),
	('mathArenaMarket', 'marketStatsShort', 'CC4', 0, 31, 102.5803862089),
	('mathArenaMarket', 'marketStatsShort', 'CC4', 0, 32, 102.4500725254),
	('mathArenaMarket', 'marketStatsShort', 'CC4', 0, 33, 102.3236328534),
	('mathArenaMarket', 'marketStatsShort', 'CC4', 0, 34, 102.2013832263),
	('mathArenaMarket', 'marketStatsShort', 'CC4', 0, 35, 102.0836292044),
	('mathArenaMarket', 'marketStatsShort', 'CC4', 0, 36, 101.9706651115),
	('mathArenaMarket', 'marketStatsShort', 'CC4', 0, 37, 101.8627732989),
	('mathArenaMarket', 'marketStatsShort', 'CC4', 0, 38, 101.7602234401),
	('mathArenaMarket', 'marketStatsShort', 'CC4', 0, 39, 101.6632718561),
	('mathArenaMarket', 'marketStatsShort', 'CC4', 0, 40, 101.5721608756),
	('mathArenaMarket', 'marketStatsShort', 'CC4', 0, 41, 101.4871182286),
	('mathArenaMarket', 'marketStatsShort', 'CC4', 0, 42, 101.4083564772),
	('mathArenaMarket', 'marketStatsShort', 'CC4', 0, 43, 101.3360724850),
	('mathArenaMarket', 'marketStatsShort', 'CC4', 0, 44, 101.2704469242),
	('mathArenaMarket', 'marketStatsShort', 'CC4', 0, 45, 101.2116438246),
	('mathArenaMarket', 'marketStatsShort', 'CC4', 0, 46, 101.1598101632),
	('mathArenaMarket', 'marketStatsShort', 'CC4', 0, 47, 101.1150754973),
	('mathArenaMarket', 'marketStatsShort', 'CC4', 0, 48, 101.0775516403),
	('mathArenaMarket', 'marketStatsShort', 'CC4', 0, 49, 101.0473323821),
	('mathArenaMarket', 'marketStatsShort', 'CC4', 0, NULL, 101.0473323821),
	('mathArenaMarket', 'marketStatsShort', 'CC4', 4, NULL, 5180.9647882381),
	('mathArenaMarket', 'marketStatsShort', 'CC4', 10, NULL, 0.0000000000),
	('mathArenaMarket', 'marketStatsShort', 'CC4', 3, NULL, 103.6192957648),
	('mathArenaMarket', 'marketStatsShort', 'CC4', 1, NULL, 101.0473323821),
	('mathArenaMarket', 'marketStatsShort', 'CC4', 2, NULL, 106.6127655690),
	('mathArenaMarket', 'marketStatsShort', 'CC4', 6, NULL, -1.0000000000),
	('mathArenaMarket', 'marketStatsShort', 'CC4', 5, NULL, 103.8300489756),
	('mathArenaMarket', 'marketStatsShort', 'CC5', 0, 0, 64.1711323852),
	('mathArenaMarket', 'marketStatsShort', 'CC5', 0, 1, 64.0212251560),
	('mathArenaMarket', 'marketStatsShort', 'CC5', 0, 2, 63.8712648750),
	('mathArenaMarket', 'marketStatsShort', 'CC5', 0, 3, 63.7216263647),
	('mathArenaMarket', 'marketStatsShort', 'CC5', 0, 4, 63.5726836436),
	('mathArenaMarket', 'marketStatsShort', 'CC5', 0, 5, 63.4248089908),
	('mathArenaMarket', 'marketStatsShort', 'CC5', 0, 6, 63.2783720160),
	('mathArenaMarket', 'marketStatsShort', 'CC5', 0, 7, 63.1337387353),
	('mathArenaMarket', 'marketStatsShort', 'CC5', 0, 8, 62.9912706567),
	('mathArenaMarket', 'marketStatsShort', 'CC5', 0, 9, 62.8513238760),
	('mathArenaMarket', 'marketStatsShort', 'CC5', 0, 10, 62.7142481875),
	('mathArenaMarket', 'marketStatsShort', 'CC5', 0, 11, 62.5803862089),
	('mathArenaMarket', 'marketStatsShort', 'CC5', 0, 12, 62.4500725254),
	('mathArenaMarket', 'marketStatsShort', 'CC5', 0, 13, 62.3236328534),
	('mathArenaMarket', 'marketStatsShort', 'CC5', 0, 14, 62.2013832263),
	('mathArenaMarket', 'marketStatsShort', 'CC5', 0, 15, 62.0836292044),
	('mathArenaMarket', 'marketStatsShort', 'CC5', 0, 16, 61.9706651115),
	('mathArenaMarket', 'marketStatsShort', 'CC5', 0, 17, 61.8627732989),
	('mathArenaMarket', 'marketStatsShort', 'CC5', 0, 18, 61.7602234401),
	('mathArenaMarket', 'marketStatsShort', 'CC5', 0, 19, 61.6632718561),
	('mathArenaMarket', 'marketStatsShort', 'CC5', 0, 20, 61.5721608756),
	('mathArenaMarket', 'marketStatsShort', 'CC5', 0, 21, 61.4871182286),
	('mathArenaMarket', 'marketStatsShort', 'CC5', 0, 22, 61.4083564772),
	('mathArenaMarket', 'marketStatsShort', 'CC5', 0, 23, 61.3360724850),
	('mathArenaMarket', 'marketStatsShort', 'CC5', 0, 24, 61.2704469242),
	('mathArenaMarket', 'marketStatsShort', 'CC5', 0, 25, 61.2116438246),
	('mathArenaMarket', 'marketStatsShort', 'CC5', 0, 26, 61.1598101632),
	('mathArenaMarket', 'marketStatsShort', 'CC5', 0, 27, 61.1150754973),
	('mathArenaMarket', 'marketStatsShort', 'CC5', 0, 28, 61.0775516403),
	('mathArenaMarket', 'marketStatsShort', 'CC5', 0, 29, 61.0473323821),
	('mathArenaMarket', 'marketStatsShort', 'CC5', 0, 30, 61.0244932553),
	('mathArenaMarket', 'marketStatsShort', 'CC5', 0, 31, 61.0090913457),
	('mathArenaMarket', 'marketStatsShort', 'CC5', 0, 32, 61.0011651501),
	('mathArenaMarket', 'marketStatsShort', 'CC5', 0, 33, 61.0007344799),
	('mathArenaMarket', 'marketStatsShort', 'CC5', 0, 34, 61.0078004115),
	('mathArenaMarket', 'marketStatsShort', 'CC5', 0, 35, 61.0223452838),
	('mathArenaMarket', 'marketStatsShort', 'CC5', 0, 36, 61.0443327421),
	('mathArenaMarket', 'marketStatsShort', 'CC5', 0, 37, 61.0737078293),
	('mathArenaMarket', 'marketStatsShort', 'CC5', 0, 38, 61.1103971229),
	('mathArenaMarket', 'marketStatsShort', 'CC5', 0, 39, 61.1543089188),
	('mathArenaMarket', 'marketStatsShort', 'CC5', 0, 40, 61.2053334605),
	('mathArenaMarket', 'marketStatsShort', 'CC5', 0, 41, 61.2633432130),
	('mathArenaMarket', 'marketStatsShort', 'CC5', 0, 42, 61.3281931823),
	('mathArenaMarket', 'marketStatsShort', 'CC5', 0, 43, 61.3997212772),
	('mathArenaMarket', 'marketStatsShort', 'CC5', 0, 44, 61.4777487147),
	('mathArenaMarket', 'marketStatsShort', 'CC5', 0, 45, 61.5620804669),
	('mathArenaMarket', 'marketStatsShort', 'CC5', 0, 46, 61.6525057482),
	('mathArenaMarket', 'marketStatsShort', 'CC5', 0, 47, 61.7487985426),
	('mathArenaMarket', 'marketStatsShort', 'CC5', 0, 48, 61.8507181683),
	('mathArenaMarket', 'marketStatsShort', 'CC5', 0, 49, 61.9580098792),
	('mathArenaMarket', 'marketStatsShort', 'CC5', 0, NULL, 61.9580098792),
	('mathArenaMarket', 'marketStatsShort', 'CC5', 4, NULL, 3095.2281303022),
	('mathArenaMarket', 'marketStatsShort', 'CC5', 10, NULL, 0.0000000000),
	('mathArenaMarket', 'marketStatsShort', 'CC5', 3, NULL, 61.9045626060),
	('mathArenaMarket', 'marketStatsShort', 'CC5', 1, NULL, 61.0007344799),
	('mathArenaMarket', 'marketStatsShort', 'CC5', 2, NULL, 64.1711323852),
	('mathArenaMarket', 'marketStatsShort', 'CC5', 6, NULL, -0.3961165583),
	('mathArenaMarket', 'marketStatsShort', 'CC5', 5, NULL, 62.5859334326),
	('mathArenaMarket', 'marketStatsShort', 'USD', 0, 0, 1.0000000000),
	('mathArenaMarket', 'marketStatsShort', 'USD', 0, 1, 1.0000000000),
	('mathArenaMarket', 'marketStatsShort', 'USD', 0, 2, 1.0000000000),
	('mathArenaMarket', 'marketStatsShort', 'USD', 0, 3, 1.0000000000),
	('mathArenaMarket', 'marketStatsShort', 'USD', 0, 4, 1.0000000000),
	('mathArenaMarket', 'marketStatsShort', 'USD', 0, 5, 1.0000000000),
	('mathArenaMarket', 'marketStatsShort', 'USD', 0, 6, 1.0000000000),
	('mathArenaMarket', 'marketStatsShort', 'USD', 0, 7, 1.0000000000),
	('mathArenaMarket', 'marketStatsShort', 'USD', 0, 8, 1.0000000000),
	('mathArenaMarket', 'marketStatsShort', 'USD', 0, 9, 1.0000000000),
	('mathArenaMarket', 'marketStatsShort', 'USD', 0, 10, 1.0000000000),
	('mathArenaMarket', 'marketStatsShort', 'USD', 0, 11, 1.0000000000),
	('mathArenaMarket', 'marketStatsShort', 'USD', 0, 12, 1.0000000000),
	('mathArenaMarket', 'marketStatsShort', 'USD', 0, 13, 1.0000000000),
	('mathArenaMarket', 'marketStatsShort', 'USD', 0, 14, 1.0000000000),
	('mathArenaMarket', 'marketStatsShort', 'USD', 0, 15, 1.0000000000),
	('mathArenaMarket', 'marketStatsShort', 'USD', 0, 16, 1.0000000000),
	('mathArenaMarket', 'marketStatsShort', 'USD', 0, 17, 1.0000000000),
	('mathArenaMarket', 'marketStatsShort', 'USD', 0, 18, 1.0000000000),
	('mathArenaMarket', 'marketStatsShort', 'USD', 0, 19, 1.0000000000),
	('mathArenaMarket', 'marketStatsShort', 'USD', 0, 20, 1.0000000000),
	('mathArenaMarket', 'marketStatsShort', 'USD', 0, 21, 1.0000000000),
	('mathArenaMarket', 'marketStatsShort', 'USD', 0, 22, 1.0000000000),
	('mathArenaMarket', 'marketStatsShort', 'USD', 0, 23, 1.0000000000),
	('mathArenaMarket', 'marketStatsShort', 'USD', 0, 24, 1.0000000000),
	('mathArenaMarket', 'marketStatsShort', 'USD', 0, 25, 1.0000000000),
	('mathArenaMarket', 'marketStatsShort', 'USD', 0, 26, 1.0000000000),
	('mathArenaMarket', 'marketStatsShort', 'USD', 0, 27, 1.0000000000),
	('mathArenaMarket', 'marketStatsShort', 'USD', 0, 28, 1.0000000000),
	('mathArenaMarket', 'marketStatsShort', 'USD', 0, 29, 1.0000000000),
	('mathArenaMarket', 'marketStatsShort', 'USD', 0, 30, 1.0000000000),
	('mathArenaMarket', 'marketStatsShort', 'USD', 0, 31, 1.0000000000),
	('mathArenaMarket', 'marketStatsShort', 'USD', 0, 32, 1.0000000000),
	('mathArenaMarket', 'marketStatsShort', 'USD', 0, 33, 1.0000000000),
	('mathArenaMarket', 'marketStatsShort', 'USD', 0, 34, 1.0000000000),
	('mathArenaMarket', 'marketStatsShort', 'USD', 0, 35, 1.0000000000),
	('mathArenaMarket', 'marketStatsShort', 'USD', 0, 36, 1.0000000000),
	('mathArenaMarket', 'marketStatsShort', 'USD', 0, 37, 1.0000000000),
	('mathArenaMarket', 'marketStatsShort', 'USD', 0, 38, 1.0000000000),
	('mathArenaMarket', 'marketStatsShort', 'USD', 0, 39, 1.0000000000),
	('mathArenaMarket', 'marketStatsShort', 'USD', 0, 40, 1.0000000000),
	('mathArenaMarket', 'marketStatsShort', 'USD', 0, 41, 1.0000000000),
	('mathArenaMarket', 'marketStatsShort', 'USD', 0, 42, 1.0000000000),
	('mathArenaMarket', 'marketStatsShort', 'USD', 0, 43, 1.0000000000),
	('mathArenaMarket', 'marketStatsShort', 'USD', 0, 44, 1.0000000000),
	('mathArenaMarket', 'marketStatsShort', 'USD', 0, 45, 1.0000000000),
	('mathArenaMarket', 'marketStatsShort', 'USD', 0, 46, 1.0000000000),
	('mathArenaMarket', 'marketStatsShort', 'USD', 0, 47, 1.0000000000),
	('mathArenaMarket', 'marketStatsShort', 'USD', 0, 48, 1.0000000000),
	('mathArenaMarket', 'marketStatsShort', 'USD', 0, 49, 1.0000000000),
	('mathArenaMarket', 'marketStatsShort', 'USD', 0, NULL, 1.0000000000),
	('mathArenaMarket', 'marketStatsShort', 'USD', 4, NULL, 50.0000000000),
	('mathArenaMarket', 'marketStatsShort', 'USD', 10, NULL, 0.0000000000),
	('mathArenaMarket', 'marketStatsShort', 'USD', 3, NULL, 1.0000000000),
	('mathArenaMarket', 'marketStatsShort', 'USD', 1, NULL, 1.0000000000),
	('mathArenaMarket', 'marketStatsShort', 'USD', 2, NULL, 1.0000000000),
	('mathArenaMarket', 'marketStatsShort', 'USD', 6, NULL, 0.0000000000),
	('mathArenaMarket', 'marketStatsShort', 'USD', 5, NULL, 1.0000000000),
	('mathArenaMarket', 'marketStatsShort', 'USD', 7, NULL, 1001.0000000000),
	('mathArenaMarket', 'marketStatsShort', 'USD', 8, NULL, 1001.0000000000),
	('mathArenaMarket', 'marketStatsShort', 'USD', 9, NULL, 0.0000000000);
/*!40000 ALTER TABLE `marketstatslog` ENABLE KEYS */;

-- Volcando estructura para tabla horus_t.markettrader
CREATE TABLE IF NOT EXISTS `markettrader` (
  `botArenaId` varchar(50) NOT NULL,
  `traderId` varchar(50) NOT NULL,
  `traderTitle` varchar(50) DEFAULT NULL,
  `portfolioId` varchar(50) DEFAULT NULL,
  `autoApprove` int(11) DEFAULT NULL,
  `waitBeats` int(11) DEFAULT NULL,
  `minFlushBeats` int(11) DEFAULT NULL,
  `settingBuyUnits` int(11) DEFAULT NULL,
  `settingBuyMinimum` decimal(20,8) DEFAULT NULL,
  `minEarn` int(11) DEFAULT NULL,
  `notificationsEnabled` int(11) DEFAULT NULL,
  `autoCancelBuyBeats` int(11) DEFAULT NULL,
  `isSuspended` int(11) DEFAULT NULL,
  `dailyWaitFromMarketOpen` int(11) DEFAULT NULL,
  `dailyWaitFromMarketClose` int(11) DEFAULT NULL,
  `telegramChatId` varchar(50) DEFAULT NULL,
  PRIMARY KEY (`botArenaId`,`traderId`) USING HASH
) ENGINE=InnoDB DEFAULT CHARSET=utf8mb4;

-- Volcando datos para la tabla horus_t.markettrader: ~38 rows (aproximadamente)
/*!40000 ALTER TABLE `markettrader` DISABLE KEYS */;
INSERT INTO `markettrader` (`botArenaId`, `traderId`, `traderTitle`, `portfolioId`, `autoApprove`, `waitBeats`, `minFlushBeats`, `settingBuyUnits`, `settingBuyMinimum`, `minEarn`, `notificationsEnabled`, `autoCancelBuyBeats`, `isSuspended`, `dailyWaitFromMarketOpen`, `dailyWaitFromMarketClose`, `telegramChatId`) VALUES
	('cryptosLiveArena', 'botLive1', 'Cryptos #1 (auto)', 'botCryptosLive1Portfolio', 1, 25, 1, 1, 0.10000000, 5, 0, 8, 0, 0, 0, '1639383990'),
	('cryptosLiveArena', 'botLive2', 'Cryptos #2 (auto)', 'botCryptosLive2Portfolio', 1, 25, 1, 1, 0.10000000, 5, 0, 8, 0, 0, 0, '1639383990'),
	('cryptosLiveArena', 'botLive3', 'Cryptos #3 (manual)', 'botCryptosLive3Portfolio', 0, 25, 1, 1, 0.10000000, 5, 0, 8, 0, 0, 0, '1639383990'),
	('cryptosTestArena', 'botTest1', 'Cryptos Test #1', 'botCryptosTest1Portfolio', 1, 25, 1, 1, 0.10000000, 5, 0, 8, 0, 0, 0, '1639383990'),
	('cryptosTestArena', 'botTest2', 'Cryptos Test #2', 'botCryptosTest1Portfolio', 1, 25, 1, 1, 0.10000000, 5, 0, 8, 0, 0, 0, '1639383990'),
	('mathArena', 'botMath1', 'Bot Prueba #1', 'botMath1Portfolio', 0, 25, 1, 1, 0.10000000, 5, 0, 8, 0, 0, 0, '1639383990'),
	('mathArena', 'botMath2', 'Bot Prueba #2', 'botMath2Portfolio', 1, 25, 1, 1, 0.10000000, 5, 0, 8, 0, 0, 0, '1639383990'),
	('mathArenaMarket', 'botMath3', 'Bot Prueba #3', 'botMath3Portfolio', 1, 25, 1, 1, 0.10000000, 5, 0, 8, 0, 0, 0, '1639383990'),
	('mervalAccionesGeneralLiveArena', 'botLive1', 'Meval Acciones Generales #1 (auto)', 'botMervalAccionesGeneralLive1Portfolio', 1, 25, 1, 1, 0.10000000, 5, 0, 8, 0, 0, 0, '1639383990'),
	('mervalAccionesGeneralLiveArena', 'botLive2', 'Meval Acciones Generales #2 (auto)', 'botMervalAccionesGeneralLive2Portfolio', 1, 25, 1, 1, 0.10000000, 5, 0, 8, 0, 0, 0, '1639383990'),
	('mervalAccionesGeneralLiveArena', 'botLive3', 'Meval Acciones Generales #3 (manual)', 'botMervalAccionesGeneralLive3Portfolio', 0, 25, 1, 1, 0.10000000, 5, 0, 8, 0, 0, 0, '1639383990'),
	('mervalAccionesGeneralTestArena', 'botTest1', 'Meval Acciones Generales Test #1', 'botMervalAccionesGeneralTest1Portfolio', 1, 25, 1, 1, 0.10000000, 5, 0, 8, 0, 0, 0, '1639383990'),
	('mervalAccionesGeneralTestArena', 'botTest2', 'Meval Acciones Generales Test #2', 'botMervalAccionesGeneralTest2Portfolio', 1, 25, 1, 1, 0.10000000, 5, 0, 8, 0, 0, 0, '1639383990'),
	('mervalAccionesLideresLiveArena', 'botLive1', 'Merval Acciones Lideres #1 (auto)', 'botMervalAccionesLideresLive1Portfolio', 1, 25, 1, 1, 0.10000000, 5, 0, 8, 0, 0, 0, '1639383990'),
	('mervalAccionesLideresLiveArena', 'botLive2', 'Merval Acciones Lideres #2 (auto)', 'botMervalAccionesLideresLive2Portfolio', 1, 25, 1, 1, 0.10000000, 5, 0, 8, 0, 0, 0, '1639383990'),
	('mervalAccionesLideresLiveArena', 'botLive3', 'Merval Acciones Lideres #3 (manual)', 'botMervalAccionesLideresLive3Portfolio', 0, 25, 1, 1, 0.10000000, 5, 0, 8, 0, 0, 0, '1639383990'),
	('mervalAccionesLideresTestArena', 'botTest1', 'Merval Acciones Test Lideres #1', 'botMervalAccionesLideresTest1Portfolio', 1, 25, 1, 1, 0.10000000, 5, 0, 8, 0, 0, 0, '1639383990'),
	('mervalAccionesLideresTestArena', 'botTest2', 'Merval Acciones Test Lideres #2', 'botMervalAccionesLideresTest2Portfolio', 1, 25, 1, 1, 0.10000000, 5, 0, 8, 0, 0, 0, '1639383990'),
	('mervalCedearsLiveArena', 'botLive1', 'Merval CEDEARs #1 (auto)', 'botMervalCedearsLive1Portfolio', 1, 25, 1, 1, 0.10000000, 5, 0, 8, 0, 0, 0, '1639383990'),
	('mervalCedearsLiveArena', 'botLive2', 'Merval CEDEARs #2 (auto)', 'botMervalCedearsLive2Portfolio', 1, 25, 1, 1, 0.10000000, 5, 0, 8, 0, 0, 0, '1639383990'),
	('mervalCedearsLiveArena', 'botLive3', 'Merval CEDEARs #3 (manual)', 'botMervalCedearsLive3Portfolio', 0, 25, 1, 1, 0.10000000, 5, 0, 8, 0, 0, 0, '1639383990'),
	('mervalCedearsTestArena', 'botTest1', 'Merval CEDEARs Test  #1', 'botMervalCedearsTest1Portfolio', 1, 25, 1, 1, 0.10000000, 5, 0, 8, 0, 0, 0, '1639383990'),
	('mervalCedearsTestArena', 'botTest2', 'Merval CEDEARs Test #2', 'botMervalCedearsTest2Portfolio', 1, 25, 1, 1, 0.10000000, 5, 0, 8, 0, 0, 0, '1639383990'),
	('nasdaq100LiveArena', 'botLive1', 'NASDAQ 100 #1 (auto)', 'botNasdaq100Live1Portfolio', 1, 25, 1, 1, 0.10000000, 5, 0, 8, 0, 0, 0, '1639383990'),
	('nasdaq100LiveArena', 'botLive2', 'NASDAQ 100 #2 (auto)', 'botNasdaq100Live2Portfolio', 1, 25, 1, 1, 0.10000000, 5, 0, 8, 0, 0, 0, '1639383990'),
	('nasdaq100LiveArena', 'botLive3', 'NASDAQ 100 #3 (manual)', 'botNasdaq100Live3Portfolio', 0, 25, 1, 1, 0.10000000, 5, 0, 8, 0, 0, 0, '1639383990'),
	('nasdaq100TestArena', 'botTest1', 'NASDAQ 100 Test #1', 'botNasdaq100Test1Portfolio', 1, 25, 1, 1, 0.10000000, 5, 0, 8, 0, 0, 0, '1639383990'),
	('nasdaq100TestArena', 'botTest2', 'NASDAQ 100 Test #2', 'botNasdaq100Test2Portfolio', 1, 25, 1, 1, 0.10000000, 5, 0, 8, 0, 0, 0, '1639383990'),
	('snP100LiveArena', 'botLive1', 'S&P 100 #2 (auto)', 'botSnP100Live1Portfolio', 1, 25, 1, 1, 0.10000000, 5, 0, 8, 0, 0, 0, '1639383990'),
	('snP100LiveArena', 'botLive2', 'S&P 100 #3 (manual)', 'botSnP100Live2Portfolio', 0, 25, 1, 1, 0.10000000, 5, 0, 8, 0, 0, 0, '1639383990'),
	('snP100LiveArena', 'botLive3', 'S&P 100 #1 (auto)', 'botSnP100Live3Portfolio', 1, 25, 1, 1, 0.10000000, 5, 0, 8, 0, 0, 0, '1639383990'),
	('snP100TestArena', 'botTest1', 'S&P 100 Test #1', 'botSnP100Test1Portfolio', 1, 25, 1, 1, 0.10000000, 5, 0, 8, 0, 0, 0, '1639383990'),
	('snP100TestArena', 'botTest2', 'S&P 100 Test #2', 'botSnP100Test2Portfolio', 1, 25, 1, 1, 0.10000000, 5, 0, 8, 0, 0, 0, '1639383990'),
	('yfForexUsdLiveArena', 'botLive1', 'Forex USD #1 (auto)', 'botYfForexUsdLive1Portfolio', 1, 25, 1, 1, 0.10000000, 5, 0, 8, 0, 0, 0, '1639383990'),
	('yfForexUsdLiveArena', 'botLive2', 'Forex USD #2 (auto)', 'botYfForexUsdLive2Portfolio', 1, 25, 1, 1, 0.10000000, 5, 0, 8, 0, 0, 0, '1639383990'),
	('yfForexUsdLiveArena', 'botLive3', 'Forex USD #3 (auto)', 'botYfForexUsdLive3Portfolio', 0, 25, 1, 1, 0.10000000, 5, 0, 8, 0, 0, 0, '1639383990'),
	('yfForexUsdTestArena', 'botTest1', 'Forex USD Test #1', 'botYfForexUsdTest1Portfolio', 1, 25, 1, 1, 0.10000000, 5, 0, 8, 0, 0, 0, '1639383990'),
	('yfForexUsdTestArena', 'botTest2', 'Forex USD Test #2', 'botYfForexUsdTest2Portfolio', 1, 25, 1, 1, 0.10000000, 5, 0, 8, 0, 0, 0, '1639383990');
/*!40000 ALTER TABLE `markettrader` ENABLE KEYS */;

-- Volcando estructura para tabla horus_t.mathmarket
CREATE TABLE IF NOT EXISTS `mathmarket` (
  `marketId` varchar(50) NOT NULL,
  `assetCount` int(11) DEFAULT NULL,
  PRIMARY KEY (`marketId`) USING HASH
) ENGINE=InnoDB DEFAULT CHARSET=utf8mb4;

-- Volcando datos para la tabla horus_t.mathmarket: ~1 rows (aproximadamente)
/*!40000 ALTER TABLE `mathmarket` DISABLE KEYS */;
INSERT INTO `mathmarket` (`marketId`, `assetCount`) VALUES
	('mathArenaMarket', 5);
/*!40000 ALTER TABLE `mathmarket` ENABLE KEYS */;

-- Volcando estructura para tabla horus_t.portfolio
CREATE TABLE IF NOT EXISTS `portfolio` (
  `portfolioId` varchar(50) NOT NULL,
  `lastDepositQuantity` decimal(20,8) DEFAULT NULL,
  `lastDepositTime` int(11) DEFAULT NULL,
  PRIMARY KEY (`portfolioId`) USING HASH
) ENGINE=InnoDB DEFAULT CHARSET=utf8mb4;

-- Volcando datos para la tabla horus_t.portfolio: ~38 rows (aproximadamente)
/*!40000 ALTER TABLE `portfolio` DISABLE KEYS */;
INSERT INTO `portfolio` (`portfolioId`, `lastDepositQuantity`, `lastDepositTime`) VALUES
	('botCryptosLive1Portfolio', 100000.00000000, 1661464800),
	('botCryptosLive2Portfolio', 100000.00000000, 1661464800),
	('botCryptosLive3Portfolio', 100000.00000000, 1661464800),
	('botCryptosTest1Portfolio', 100000.00000000, 1661464800),
	('botCryptosTest2Portfolio', 100000.00000000, 1661464800),
	('botMath1Portfolio', 100000.00000000, 1661464800),
	('botMath2Portfolio', 100000.00000000, 1661464800),
	('botMath3Portfolio', 100000.00000000, 1661464800),
	('botMervalAccionesGeneralLive1Portfolio', 100000.00000000, 1661464800),
	('botMervalAccionesGeneralLive2Portfolio', 100000.00000000, 1661464800),
	('botMervalAccionesGeneralLive3Portfolio', 100000.00000000, 1661464800),
	('botMervalAccionesGeneralTest1Portfolio', 100000.00000000, 1661464800),
	('botMervalAccionesGeneralTest2Portfolio', 100000.00000000, 1661464800),
	('botMervalAccionesLideresLive1Portfolio', 100000.00000000, 1661464800),
	('botMervalAccionesLideresLive2Portfolio', 100000.00000000, 1661464800),
	('botMervalAccionesLideresLive3Portfolio', 100000.00000000, 1661464800),
	('botMervalAccionesLideresTest1Portfolio', 100000.00000000, 1661464800),
	('botMervalAccionesLideresTest2Portfolio', 100000.00000000, 1661464800),
	('botMervalCedearsLive1Portfolio', 100000.00000000, 1661464800),
	('botMervalCedearsLive2Portfolio', 100000.00000000, 1661464800),
	('botMervalCedearsLive3Portfolio', 100000.00000000, 1661464800),
	('botMervalCedearsTest1Portfolio', 100000.00000000, 1661464800),
	('botMervalCedearsTest2Portfolio', 100000.00000000, 1661464800),
	('botNasdaq100Live1Portfolio', 100000.00000000, 1661464800),
	('botNasdaq100Live2Portfolio', 100000.00000000, 1661464800),
	('botNasdaq100Live3Portfolio', 100000.00000000, 1661464800),
	('botNasdaq100Test1Portfolio', 100000.00000000, 1661464800),
	('botNasdaq100Test2Portfolio', 100000.00000000, 1661464800),
	('botSnP100Live1Portfolio', 100000.00000000, 1661464800),
	('botSnP100Live2Portfolio', 100000.00000000, 1661464800),
	('botSnP100Live3Portfolio', 100000.00000000, 1661464800),
	('botSnP100Test1Portfolio', 100000.00000000, 1661464800),
	('botSnP100Test2Portfolio', 100000.00000000, 1661464800),
	('botYfForexUsdLive1Portfolio', 100000.00000000, 1661464800),
	('botYfForexUsdLive2Portfolio', 100000.00000000, 1661464800),
	('botYfForexUsdLive3Portfolio', 100000.00000000, 1661464800),
	('botYfForexUsdTest1Portfolio', 100000.00000000, 1661464800),
	('botYfForexUsdTest2Portfolio', 100000.00000000, 1661464800);
/*!40000 ALTER TABLE `portfolio` ENABLE KEYS */;

-- Volcando estructura para tabla horus_t.portfolioasset
CREATE TABLE IF NOT EXISTS `portfolioasset` (
  `portfolioId` varchar(50) NOT NULL,
  `assetId` varchar(50) NOT NULL,
  `assetQuantity` int(11) DEFAULT NULL,
  `opTime` int(11) DEFAULT NULL,
  `opType` int(11) DEFAULT NULL,
  KEY `PortfolioAssetIdx` (`portfolioId`,`assetId`) USING HASH
) ENGINE=InnoDB DEFAULT CHARSET=utf8mb4;

-- Volcando datos para la tabla horus_t.portfolioasset: ~44 rows (aproximadamente)
/*!40000 ALTER TABLE `portfolioasset` DISABLE KEYS */;
INSERT INTO `portfolioasset` (`portfolioId`, `assetId`, `assetQuantity`, `opTime`, `opType`) VALUES
	('botMath3Portfolio', 'USD', 100000, NULL, NULL),
	('botCryptosLive1Portfolio', 'USD', 100000, NULL, NULL),
	('botCryptosLive2Portfolio', 'USD', 100000, NULL, NULL),
	('botCryptosLive3Portfolio', 'USD', 100000, NULL, NULL),
	('botMervalAccionesGeneralLive1Portfolio', '$AR', 100000, NULL, NULL),
	('botMervalAccionesGeneralLive2Portfolio', '$AR', 100000, NULL, NULL),
	('botMervalAccionesGeneralLive3Portfolio', '$AR', 100000, NULL, NULL),
	('botMervalAccionesLideresLive1Portfolio', '$AR', 100000, NULL, NULL),
	('botMervalAccionesLideresLive2Portfolio', '$AR', 100000, NULL, NULL),
	('botMervalAccionesLideresLive3Portfolio', '$AR', 100000, NULL, NULL),
	('botMervalCedearsLive1Portfolio', '$AR', 100000, NULL, NULL),
	('botMervalCedearsLive2Portfolio', '$AR', 100000, NULL, NULL),
	('botMervalCedearsLive3Portfolio', '$AR', 100000, NULL, NULL),
	('botNasdaq100Live1Portfolio', 'USD', 100000, NULL, NULL),
	('botNasdaq100Live2Portfolio', 'USD', 100000, NULL, NULL),
	('botSnP100Live3Portfolio', 'USD', 100000, NULL, NULL),
	('botSnP100Live1Portfolio', 'USD', 100000, NULL, NULL),
	('botSnP100Live2Portfolio', 'USD', 100000, NULL, NULL),
	('botNasdaq100Live3Portfolio', 'USD', 100000, NULL, NULL),
	('botYfForexUsdLive1Portfolio', 'USD', 100000, NULL, NULL),
	('botYfForexUsdLive2Portfolio', 'USD', 100000, NULL, NULL),
	('botYfForexUsdLive3Portfolio', 'USD', 100000, NULL, NULL),
	('botCryptosTest1Portfolio', 'USD', 100000, NULL, NULL),
	('botCryptosTest1Portfolio', 'USD', 100000, NULL, NULL),
	('botMervalAccionesGeneralTest1Portfolio', '$AR', 100000, NULL, NULL),
	('botMervalAccionesGeneralTest2Portfolio', '$AR', 100000, NULL, NULL),
	('botMervalCedearsTest1Portfolio', '$AR', 100000, NULL, NULL),
	('botMervalAccionesLideresTest1Portfolio', '$AR', 100000, NULL, NULL),
	('botMervalAccionesLideresTest2Portfolio', '$AR', 100000, NULL, NULL),
	('botMervalCedearsTest2Portfolio', '$AR', 100000, NULL, NULL),
	('botNasdaq100Test1Portfolio', 'USD', 100000, NULL, NULL),
	('botNasdaq100Test2Portfolio', 'USD', 100000, NULL, NULL),
	('botSnP100Test1Portfolio', 'USD', 100000, NULL, NULL),
	('botSnP100Test2Portfolio', 'USD', 100000, NULL, NULL),
	('botYfForexUsdTest1Portfolio', 'USD', 100000, NULL, NULL),
	('botYfForexUsdTest2Portfolio', 'USD', 100000, NULL, NULL),
	('botMath1Portfolio', 'USD', 100000, NULL, NULL),
	('botMath2Portfolio', 'USD', 100000, NULL, NULL),
	('botMath2Portfolio', 'CC5', 245, 1663804927, 2),
	('botMath2Portfolio', 'USD', -14974, 1663804927, 1),
	('botMath2Portfolio', 'CC4', 147, 1663805795, 2),
	('botMath2Portfolio', 'USD', -14963, 1663805795, 1),
	('botMath2Portfolio', 'CC4', 1, 1663855713, 2),
	('botMath2Portfolio', 'USD', -104, 1663855713, 1);
/*!40000 ALTER TABLE `portfolioasset` ENABLE KEYS */;

-- Volcando estructura para tabla horus_t.simmarketpoll
CREATE TABLE IF NOT EXISTS `simmarketpoll` (
  `marketPollId` varchar(50) NOT NULL,
  `assetCount` int(11) DEFAULT NULL,
  `marketId` varchar(50) DEFAULT NULL,
  PRIMARY KEY (`marketPollId`) USING HASH
) ENGINE=InnoDB DEFAULT CHARSET=utf8mb4;

-- Volcando datos para la tabla horus_t.simmarketpoll: ~1 rows (aproximadamente)
/*!40000 ALTER TABLE `simmarketpoll` DISABLE KEYS */;
INSERT INTO `simmarketpoll` (`marketPollId`, `assetCount`, `marketId`) VALUES
	('mathMarketPoll', 5, 'mathMarket');
/*!40000 ALTER TABLE `simmarketpoll` ENABLE KEYS */;

-- Volcando estructura para tabla horus_t.yahoofinancemarket
CREATE TABLE IF NOT EXISTS `yahoofinancemarket` (
  `marketId` varchar(50) NOT NULL,
  `pollerName` varchar(50) DEFAULT NULL,
  `lastBeatRead` varchar(50) DEFAULT NULL,
  PRIMARY KEY (`marketId`) USING HASH
) ENGINE=InnoDB DEFAULT CHARSET=utf8mb4;

-- Volcando datos para la tabla horus_t.yahoofinancemarket: ~7 rows (aproximadamente)
/*!40000 ALTER TABLE `yahoofinancemarket` DISABLE KEYS */;
INSERT INTO `yahoofinancemarket` (`marketId`, `pollerName`, `lastBeatRead`) VALUES
	('cryptosLiveArenaMarket', 'Cryptos', '4'),
	('mervalAccionesGeneralLiveArenaMarket', 'MervalAccionesGeneral', '4'),
	('mervalAccionesLideresLiveArenaMarket', 'MervalAccionesLideres', '4'),
	('mervalCedearsLiveArenaMarket', 'MervalCedears', '4'),
	('nasdaq100LiveArenaMarket', 'Nasdaq100', '4'),
	('snP100LiveArenaMarket', 'SnP100', '4'),
	('yfForexUsdLiveArenaMarket', 'YFFOREXUSD', '4');
/*!40000 ALTER TABLE `yahoofinancemarket` ENABLE KEYS */;

-- Volcando estructura para tabla horus_t.yahoofinancemarketpoll
CREATE TABLE IF NOT EXISTS `yahoofinancemarketpoll` (
  `marketPollId` varchar(50) NOT NULL,
  `pollerName` varchar(50) DEFAULT NULL,
  PRIMARY KEY (`marketPollId`) USING HASH
) ENGINE=InnoDB DEFAULT CHARSET=utf8mb4;

-- Volcando datos para la tabla horus_t.yahoofinancemarketpoll: ~7 rows (aproximadamente)
/*!40000 ALTER TABLE `yahoofinancemarketpoll` DISABLE KEYS */;
INSERT INTO `yahoofinancemarketpoll` (`marketPollId`, `pollerName`) VALUES
	('cryptosPoll', 'Cryptos'),
	('mervalAccionesGeneralPoll', 'MervalAccionesGeneral'),
	('mervalAccionesLideresPoll', 'MervalAccionesLideres'),
	('mervalCedearsPoll', 'MervalCedears'),
	('nasdaq100LiveArenaPoll', 'Nasdaq100'),
	('snP100LiveArenaPoll', 'SnP100'),
	('yfForexUsdLiveArenaPoll', 'YFFOREXUSD');
/*!40000 ALTER TABLE `yahoofinancemarketpoll` ENABLE KEYS */;

-- Volcando estructura para tabla horus_t.yahoofinancetestmarket
CREATE TABLE IF NOT EXISTS `yahoofinancetestmarket` (
  `marketId` varchar(50) NOT NULL,
  `pollerName` varchar(50) DEFAULT NULL,
  PRIMARY KEY (`marketId`) USING HASH
) ENGINE=InnoDB DEFAULT CHARSET=utf8mb4;

-- Volcando datos para la tabla horus_t.yahoofinancetestmarket: ~7 rows (aproximadamente)
/*!40000 ALTER TABLE `yahoofinancetestmarket` DISABLE KEYS */;
INSERT INTO `yahoofinancetestmarket` (`marketId`, `pollerName`) VALUES
	('cryptosTestArenaMarket', 'Cryptos'),
	('mervalAccionesGeneralTestArenaMarket', 'MervalAccionesGeneral'),
	('mervalAccionesLideresTestArenaMarket', 'MervalAccionesLideres'),
	('mervalCedearsTestArenaMarket', 'MervalCedears'),
	('nasdaq100TestArenaMarket', 'Nasdaq100'),
	('snP100TestArenaMarket', 'SnP100'),
	('yfForexUsdTestArenaMarket', 'YFFOREXUSD');
/*!40000 ALTER TABLE `yahoofinancetestmarket` ENABLE KEYS */;

/*!40101 SET SQL_MODE=IFNULL(@OLD_SQL_MODE, '') */;
/*!40014 SET FOREIGN_KEY_CHECKS=IFNULL(@OLD_FOREIGN_KEY_CHECKS, 1) */;
/*!40101 SET CHARACTER_SET_CLIENT=@OLD_CHARACTER_SET_CLIENT */;
/*!40111 SET SQL_NOTES=IFNULL(@OLD_SQL_NOTES, 1) */;
