-- --------------------------------------------------------
-- Host:                         127.0.0.1
-- Versión del servidor:         10.6.7-MariaDB - mariadb.org binary distribution
-- SO del servidor:              Win64
-- HeidiSQL Versión:             11.3.0.6295
-- --------------------------------------------------------

/*!40101 SET @OLD_CHARACTER_SET_CLIENT=@@CHARACTER_SET_CLIENT */;
/*!40101 SET NAMES utf8 */;
/*!50503 SET NAMES utf8mb4 */;
/*!40014 SET @OLD_FOREIGN_KEY_CHECKS=@@FOREIGN_KEY_CHECKS, FOREIGN_KEY_CHECKS=0 */;
/*!40101 SET @OLD_SQL_MODE=@@SQL_MODE, SQL_MODE='NO_AUTO_VALUE_ON_ZERO' */;
/*!40111 SET @OLD_SQL_NOTES=@@SQL_NOTES, SQL_NOTES=0 */;


-- Volcando estructura de base de datos para horus_t
CREATE DATABASE IF NOT EXISTS `horus_t` /*!40100 DEFAULT CHARACTER SET utf8mb4 */;
USE `horus_t`;

-- Volcando estructura para tabla horus_t.asset
CREATE TABLE IF NOT EXISTS `asset` (
  `marketId` varchar(50) DEFAULT NULL,
  `assetId` varchar(50) DEFAULT NULL,
  `assetType` varchar(50) DEFAULT NULL
) ENGINE=InnoDB DEFAULT CHARSET=utf8mb4;

-- Volcando datos para la tabla horus_t.asset: ~0 rows (aproximadamente)
/*!40000 ALTER TABLE `asset` DISABLE KEYS */;
/*!40000 ALTER TABLE `asset` ENABLE KEYS */;

-- Volcando estructura para tabla horus_t.assettradeorder
CREATE TABLE IF NOT EXISTS `assettradeorder` (
  `botArenaId` varchar(50) DEFAULT NULL,
  `traderId` varchar(50) DEFAULT NULL,
  `queueId` bigint(20) DEFAULT NULL,
  `assetId` varchar(50) DEFAULT NULL,
  `tradeOp` int(11) DEFAULT NULL,
  `quantity` decimal(20,10) DEFAULT NULL,
  `targetQuote` decimal(20,10) DEFAULT NULL,
  `status` int(11) DEFAULT NULL,
  `done` int(11) DEFAULT NULL,
  `statusChangeBeat` int(11) DEFAULT NULL,
  `statusChangeTime` int(11) DEFAULT NULL,
  `queueBeat` int(11) DEFAULT NULL,
  `parentQueueId` int(11) DEFAULT NULL,
  `notified` int(11) DEFAULT NULL,
  `doneBeat` int(11) DEFAULT NULL,
  `doneTime` int(11) DEFAULT NULL,
  `doneQuote` decimal(20,10) DEFAULT NULL
) ENGINE=InnoDB DEFAULT CHARSET=utf8mb4;

-- Volcando datos para la tabla horus_t.assettradeorder: ~4 rows (aproximadamente)
/*!40000 ALTER TABLE `assettradeorder` DISABLE KEYS */;
INSERT INTO `assettradeorder` (`botArenaId`, `traderId`, `queueId`, `assetId`, `tradeOp`, `quantity`, `targetQuote`, `status`, `done`, `statusChangeBeat`, `statusChangeTime`, `queueBeat`, `parentQueueId`, `notified`, `doneBeat`, `doneTime`, `doneQuote`) VALUES
	('mathArena', 'botMath1', 1, 'CC1', 1, 10.0000000000, 55.0000000000, 3, 0, 1, 0, 1, NULL, 0, NULL, NULL, NULL),
	('mathArena', 'botMath1', 2, 'CC2', 1, 10.0000000000, 50.0000000000, 3, 1, 2, 0, 1, NULL, 0, NULL, NULL, NULL),
	('mathArena', 'botMath1', 3, 'CC3', 1, 10.0000000000, 45.0000000000, 4, 0, 3, 0, 1, NULL, 0, NULL, NULL, NULL),
	('mathArena', 'botMath1', 4, 'CC4', 1, 10.0000000000, 45.0000000000, 4, 0, 0, 1662662189, 1, NULL, 0, NULL, NULL, NULL);
/*!40000 ALTER TABLE `assettradeorder` ENABLE KEYS */;

-- Volcando estructura para tabla horus_t.assettype
CREATE TABLE IF NOT EXISTS `assettype` (
  `assetTypeId` int(11) DEFAULT NULL,
  `assetTitle` varchar(50) DEFAULT NULL
) ENGINE=InnoDB DEFAULT CHARSET=utf8mb4;

-- Volcando datos para la tabla horus_t.assettype: ~2 rows (aproximadamente)
/*!40000 ALTER TABLE `assettype` DISABLE KEYS */;
INSERT INTO `assettype` (`assetTypeId`, `assetTitle`) VALUES
	(1, 'CryptoCurrency'),
	(2, 'Currency');
/*!40000 ALTER TABLE `assettype` ENABLE KEYS */;

-- Volcando estructura para tabla horus_t.botarena
CREATE TABLE IF NOT EXISTS `botarena` (
  `botArenaId` varchar(50) DEFAULT NULL,
  `marketId` varchar(50) DEFAULT NULL,
  `botArenaTitle` varchar(50) DEFAULT NULL
) ENGINE=InnoDB DEFAULT CHARSET=utf8mb4;

-- Volcando datos para la tabla horus_t.botarena: ~15 rows (aproximadamente)
/*!40000 ALTER TABLE `botarena` DISABLE KEYS */;
INSERT INTO `botarena` (`botArenaId`, `marketId`, `botArenaTitle`) VALUES
	('mathArena', 'mathArenaMarket', 'Mercado de Prueba'),
	('cryptosLiveArena', 'cryptosLiveArenaMarket', 'Cryptos'),
	('mervalAccionesGeneralLiveArena', 'mervalAccionesGeneralLiveArenaMarket', 'Merval Acciones Generales'),
	('mervalAccionesLideresLiveArena', 'mervalAccionesLideresLiveArenaMarket', 'Merval Acciones Líderes'),
	('mervalCedearsLiveArena', 'mervalCedearsLiveArenaMarket', 'Merval Cedears'),
	('nasdaq100LiveArena', 'nasdaq100LiveArenaMarket', 'Nasdaq 100'),
	('snP100LiveArena', 'snP100LiveArenaMarket', 'S&P 100'),
	('yfForexUsdLiveArena', 'yfForexUsdLiveArenaMarket', 'Forex USD'),
	('cryptosTestArena', 'cryptosTestArenaMarket', 'Cryptos Test'),
	('mervalAccionesGeneralTestArena', 'mervalAccionesGeneralTestArenaMarket', 'Merval Acciones Generales Test'),
	('mervalAccionesLideresTestArena', 'mervalAccionesLideresTestArenaMarket', 'Merval Acciones Líderes Test'),
	('mervalCedearsTestArena', 'mervalCedearsTestArenaMarket', 'Merval Cedears Test'),
	('nasdaq100TestArena', 'nasdaq100TestArenaMarket', 'Nasdaq 100 Test'),
	('snP100TestArena', 'snP100TestArenaMarket', 'S&P 100 Test'),
	('yfForexUsdTestArena', 'yfForexUsdTestArenaMarket', 'Forex USD Test');
/*!40000 ALTER TABLE `botarena` ENABLE KEYS */;

-- Volcando estructura para tabla horus_t.divideandscalemarkettrader
CREATE TABLE IF NOT EXISTS `divideandscalemarkettrader` (
  `botArenaId` varchar(50) DEFAULT NULL,
  `traderId` varchar(50) DEFAULT NULL,
  `waitBeats` int(11) DEFAULT NULL,
  `phase` int(11) DEFAULT NULL,
  `startBeat` int(11) DEFAULT NULL,
  `maxAssetPercentage` decimal(20,6) DEFAULT NULL,
  `waitBeatsForAssetRepeat` int(11) DEFAULT NULL,
  `buyCicleCut` decimal(20,6) DEFAULT NULL,
  `sellCicleCut` decimal(20,6) DEFAULT NULL,
  `maxBuySuggestions` int(11) DEFAULT NULL,
  `buyLimitFactor` decimal(20,6) DEFAULT NULL
) ENGINE=InnoDB DEFAULT CHARSET=utf8mb4;

-- Volcando datos para la tabla horus_t.divideandscalemarkettrader: ~38 rows (aproximadamente)
/*!40000 ALTER TABLE `divideandscalemarkettrader` DISABLE KEYS */;
INSERT INTO `divideandscalemarkettrader` (`botArenaId`, `traderId`, `waitBeats`, `phase`, `startBeat`, `maxAssetPercentage`, `waitBeatsForAssetRepeat`, `buyCicleCut`, `sellCicleCut`, `maxBuySuggestions`, `buyLimitFactor`) VALUES
	('mathArena', 'botMath1', 25, 1, -1, 0.150000, 0, 0.850000, 0.850000, 1, 1.001000),
	('mathArena', 'botMath2', 25, 1, -1, 0.150000, 0, 0.850000, 0.850000, 1, 1.001000),
	('mathArena', 'botMath3', 25, 1, -1, 0.150000, 0, 0.850000, 0.850000, 1, 1.001000),
	('cryptosLiveArena', 'botLive1', 25, 1, -1, 0.150000, 0, 0.850000, 0.850000, 1, 1.001000),
	('cryptosLiveArena', 'botLive2', 25, 1, -1, 0.150000, 0, 0.850000, 0.850000, 1, 1.001000),
	('cryptosLiveArena', 'botLive3', 25, 1, -1, 0.150000, 0, 0.850000, 0.850000, 1, 1.001000),
	('mervalAccionesGeneralLiveArena', 'botLive1', 25, 1, -1, 0.150000, 0, 0.850000, 0.850000, 1, 1.001000),
	('mervalAccionesGeneralLiveArena', 'botLive2', 25, 1, -1, 0.150000, 0, 0.850000, 0.850000, 1, 1.001000),
	('mervalAccionesGeneralLiveArena', 'botLive3', 25, 1, -1, 0.150000, 0, 0.850000, 0.850000, 1, 1.001000),
	('mervalAccionesLideresLiveArena', 'botLive1', 25, 1, -1, 0.150000, 0, 0.850000, 0.850000, 1, 1.001000),
	('mervalAccionesLideresLiveArena', 'botLive2', 25, 1, -1, 0.150000, 0, 0.850000, 0.850000, 1, 1.001000),
	('mervalAccionesLideresLiveArena', 'botLive3', 25, 1, -1, 0.150000, 0, 0.850000, 0.850000, 1, 1.001000),
	('mervalCedearsLiveArena', 'botLive1', 25, 1, -1, 0.150000, 0, 0.850000, 0.850000, 1, 1.001000),
	('mervalCedearsLiveArena', 'botLive2', 25, 1, -1, 0.150000, 0, 0.850000, 0.850000, 1, 1.001000),
	('mervalCedearsLiveArena', 'botLive3', 25, 1, -1, 0.150000, 0, 0.850000, 0.850000, 1, 1.001000),
	('nasdaq100LiveArena', 'botLive1', 25, 1, -1, 0.150000, 0, 0.850000, 0.850000, 1, 1.001000),
	('nasdaq100LiveArena', 'botLive2', 25, 1, -1, 0.150000, 0, 0.850000, 0.850000, 1, 1.001000),
	('snP100LiveArena', 'botLive3', 25, 1, -1, 0.150000, 0, 0.850000, 0.850000, 1, 1.001000),
	('snP100LiveArena', 'botLive1', 25, 1, -1, 0.150000, 0, 0.850000, 0.850000, 1, 1.001000),
	('snP100LiveArena', 'botLive2', 25, 1, -1, 0.150000, 0, 0.850000, 0.850000, 1, 1.001000),
	('nasdaq100LiveArena', 'botLive3', 25, 1, -1, 0.150000, 0, 0.850000, 0.850000, 1, 1.001000),
	('yfForexUsdLiveArena', 'botLive1', 25, 1, -1, 0.150000, 0, 0.850000, 0.850000, 1, 1.001000),
	('yfForexUsdLiveArena', 'botLive2', 25, 1, -1, 0.150000, 0, 0.850000, 0.850000, 1, 1.001000),
	('yfForexUsdLiveArena', 'botLive3', 25, 1, -1, 0.150000, 0, 0.850000, 0.850000, 1, 1.001000),
	('cryptosTestArena', 'botTest1', 25, 1, -1, 0.150000, 0, 0.850000, 0.850000, 1, 1.001000),
	('cryptosTestArena', 'botTest2', 25, 1, -1, 0.150000, 0, 0.850000, 0.850000, 1, 1.001000),
	('mervalAccionesGeneralTestArena', 'botTest1', 25, 1, -1, 0.150000, 0, 0.850000, 0.850000, 1, 1.001000),
	('mervalAccionesGeneralTestArena', 'botTest2', 25, 1, -1, 0.150000, 0, 0.850000, 0.850000, 1, 1.001000),
	('mervalCedearsTestArena', 'botTest1', 25, 1, -1, 0.150000, 0, 0.850000, 0.850000, 1, 1.001000),
	('mervalAccionesLideresTestArena', 'botTest1', 25, 1, -1, 0.150000, 0, 0.850000, 0.850000, 1, 1.001000),
	('mervalAccionesLideresTestArena', 'botTest2', 25, 1, -1, 0.150000, 0, 0.850000, 0.850000, 1, 1.001000),
	('mervalCedearsTestArena', 'botTest2', 25, 1, -1, 0.150000, 0, 0.850000, 0.850000, 1, 1.001000),
	('nasdaq100TestArena', 'botTest1', 25, 1, -1, 0.150000, 0, 0.850000, 0.850000, 1, 1.001000),
	('nasdaq100TestArena', 'botTest2', 25, 1, -1, 0.150000, 0, 0.850000, 0.850000, 1, 1.001000),
	('snP100TestArena', 'botTest1', 25, 1, -1, 0.150000, 0, 0.850000, 0.850000, 1, 1.001000),
	('snP100TestArena', 'botTest2', 25, 1, -1, 0.150000, 0, 0.850000, 0.850000, 1, 1.001000),
	('yfForexUsdTestArena', 'botTest1', 25, 1, -1, 0.150000, 0, 0.850000, 0.850000, 1, 1.001000),
	('yfForexUsdTestArena', 'botTest2', 25, 1, -1, 0.150000, 0, 0.850000, 0.850000, 1, 1.001000);
/*!40000 ALTER TABLE `divideandscalemarkettrader` ENABLE KEYS */;

-- Volcando estructura para tabla horus_t.market
CREATE TABLE IF NOT EXISTS `market` (
  `marketId` varchar(50) DEFAULT NULL,
  `defaultExchangeId` varchar(50) DEFAULT NULL,
  `marketTitle` varchar(50) DEFAULT NULL,
  `marketScheduleId` varchar(50) DEFAULT NULL,
  `quoteDecimals` int(11) DEFAULT NULL,
  `beat` bigint(20) DEFAULT NULL
) ENGINE=InnoDB DEFAULT CHARSET=utf8mb4;

-- Volcando datos para la tabla horus_t.market: ~15 rows (aproximadamente)
/*!40000 ALTER TABLE `market` DISABLE KEYS */;
INSERT INTO `market` (`marketId`, `defaultExchangeId`, `marketTitle`, `marketScheduleId`, `quoteDecimals`, `beat`) VALUES
	('mathArenaMarket', 'USD', 'Mercado de Prueba', 'mathSchedule', 2, 730),
	('cryptosLiveArenaMarket', 'USD', 'Cryptos', 'cryptosSchedule', 8, 0),
	('mervalAccionesGeneralLiveArenaMarket', 'AR$', 'Merval Acciones Generales', 'mervalSchedule', 2, 0),
	('mervalAccionesLideresLiveArenaMarket', 'AR$', 'Merval Acciones Líderes', 'mervalSchedule', 2, 0),
	('mervalCedearsLiveArenaMarket', 'AR$', 'Merval Cedears', 'mervalSchedule', 2, 0),
	('nasdaq100LiveArenaMarket', 'USD', 'Nasdaq 100', 'nasdaqSchedule', 4, 0),
	('snP100LiveArenaMarket', 'USD', 'S&P 100', 'nasdaqSchedule', 4, 0),
	('yfForexUsdLiveArenaMarket', 'USD', 'Forex USD', 'nyseSchedule', 4, 0),
	('cryptosTestArenaMarket', 'USD', 'Cryptos Test', 'cryptosSchedule', 8, 0),
	('mervalAccionesGeneralTestArenaMarket', 'AR$', 'Merval Acciones Generales Test', 'mervalSchedule', 2, 0),
	('mervalAccionesLideresTestArenaMarket', 'AR$', 'Merval Acciones Líderes Test', 'mervalSchedule', 2, 0),
	('mervalCedearsTestArenaMarket', 'AR$', 'Merval Cedears Test', 'mervalSchedule', 2, 0),
	('nasdaq100TestArenaMarket', 'USD', 'Nasdaq 100 Test', 'nasdaqSchedule', 4, 0),
	('snP100TestArenaMarket', 'USD', 'S&P 100 Test', 'nyseSchedule', 4, 0),
	('yfForexUsdTestArenaMarket', 'USD', 'Forex USD Test', 'cryptosSchedule', 4, 0);
/*!40000 ALTER TABLE `market` ENABLE KEYS */;

-- Volcando estructura para tabla horus_t.marketpoll
CREATE TABLE IF NOT EXISTS `marketpoll` (
  `marketPollId` varchar(50) DEFAULT NULL
) ENGINE=InnoDB DEFAULT CHARSET=utf8mb4;

-- Volcando datos para la tabla horus_t.marketpoll: ~8 rows (aproximadamente)
/*!40000 ALTER TABLE `marketpoll` DISABLE KEYS */;
INSERT INTO `marketpoll` (`marketPollId`) VALUES
	('mathPoll'),
	('cryptosPoll'),
	('mervalAccionesGeneralPoll'),
	('mervalAccionesLideresPoll'),
	('mervalCedearsPoll'),
	('nasdaq100LiveArenaPoll'),
	('snP100LiveArenaPoll'),
	('yfForexUsdLiveArenaPoll');
/*!40000 ALTER TABLE `marketpoll` ENABLE KEYS */;

-- Volcando estructura para tabla horus_t.marketschedule
CREATE TABLE IF NOT EXISTS `marketschedule` (
  `marketScheduleId` varchar(50) DEFAULT NULL,
  `title` varchar(50) DEFAULT NULL,
  `isAlwaysOpen` int(11) DEFAULT NULL,
  `marketOpenHour` varchar(50) DEFAULT NULL,
  `marketCloseHour` varchar(50) DEFAULT NULL,
  `marketWeekDaysOpen` varchar(50) DEFAULT NULL,
  `marketBeatSeconds` varchar(50) DEFAULT NULL,
  `marketHolidays` varchar(50) DEFAULT NULL,
  `marketTimeZone` varchar(50) DEFAULT NULL
) ENGINE=InnoDB DEFAULT CHARSET=utf8mb4 ROW_FORMAT=DYNAMIC;

-- Volcando datos para la tabla horus_t.marketschedule: ~5 rows (aproximadamente)
/*!40000 ALTER TABLE `marketschedule` DISABLE KEYS */;
INSERT INTO `marketschedule` (`marketScheduleId`, `title`, `isAlwaysOpen`, `marketOpenHour`, `marketCloseHour`, `marketWeekDaysOpen`, `marketBeatSeconds`, `marketHolidays`, `marketTimeZone`) VALUES
	('mathSchedule', 'Cronograma Mercado de Prueba', 1, '00:00', '00:00', '0,1,2,3,4,5,6', '10', '', 'America/Argentina/Buenos_Aires'),
	('cryptosSchedule', 'Cronograma Cryptos', 1, '00:00', '00:00', '0,1,2,3,4,5,6', '10', '', 'America/Argentina/Buenos_Aires'),
	('mervalSchedule', 'Cronograma Merval', 0, '11:00', '17:00', '1,2,3,4,5', '10', '', 'America/Argentina/Buenos_Aires'),
	('nasdaqSchedule', 'Cronograma Nasdaq', 0, '9:30', '16:00', '1,2,3,4,5', '10', '', 'America/Argentina/Buenos_Aires'),
	('nyseSchedule', 'Cronograma NYSE', 0, '9:30', '16:00', '1,2,3,4,5', '10', '', 'America/Argentina/Buenos_Aires');
/*!40000 ALTER TABLE `marketschedule` ENABLE KEYS */;

-- Volcando estructura para tabla horus_t.marketstats
CREATE TABLE IF NOT EXISTS `marketstats` (
  `marketId` varchar(50) DEFAULT NULL,
  `marketStatsId` varchar(50) DEFAULT NULL,
  `endBeat` bigint(20) DEFAULT NULL,
  `maxHistoryBeats` int(11) DEFAULT NULL,
  `synchedBeat` bigint(20) DEFAULT NULL,
  `beatMultiplier` int(11) DEFAULT NULL,
  KEY `Índice 1` (`marketId`,`marketStatsId`) USING HASH
) ENGINE=InnoDB DEFAULT CHARSET=utf8mb4;

-- Volcando datos para la tabla horus_t.marketstats: ~3 rows (aproximadamente)
/*!40000 ALTER TABLE `marketstats` DISABLE KEYS */;
INSERT INTO `marketstats` (`marketId`, `marketStatsId`, `endBeat`, `maxHistoryBeats`, `synchedBeat`, `beatMultiplier`) VALUES
	('mathArenaMarket', 'marketStatsShort', 730, 50, 730, 1),
	('mathArenaMarket', 'marketStatsLong', 0, 50, -1, 400),
	('mathArenaMarket', 'marketStatsMedium', 700, 50, 700, 100);
/*!40000 ALTER TABLE `marketstats` ENABLE KEYS */;

-- Volcando estructura para tabla horus_t.marketstatslog
CREATE TABLE IF NOT EXISTS `marketstatslog` (
  `marketId` varchar(50) DEFAULT NULL,
  `marketStatsId` varchar(50) DEFAULT NULL,
  `assetId` varchar(50) DEFAULT NULL,
  `statsDim` int(11) DEFAULT NULL,
  `historyIndex` int(11) DEFAULT NULL,
  `statsValue` decimal(20,10) DEFAULT NULL,
  KEY `Índice 1` (`marketId`,`marketStatsId`) USING HASH
) ENGINE=InnoDB DEFAULT CHARSET=utf8mb4;

-- Volcando datos para la tabla horus_t.marketstatslog: ~2.010 rows (aproximadamente)
/*!40000 ALTER TABLE `marketstatslog` DISABLE KEYS */;
INSERT INTO `marketstatslog` (`marketId`, `marketStatsId`, `assetId`, `statsDim`, `historyIndex`, `statsValue`) VALUES
	('mathArenaMarket', 'marketStatsShort', 'CC1', 7, NULL, -1000000000.0000000000),
	('mathArenaMarket', 'marketStatsShort', 'CC1', 8, NULL, -1000000000.0000000000),
	('mathArenaMarket', 'marketStatsShort', 'CC1', 9, NULL, -1000000000.0000000000),
	('mathArenaMarket', 'marketStatsShort', 'CC2', 7, NULL, -1000000000.0000000000),
	('mathArenaMarket', 'marketStatsShort', 'CC2', 8, NULL, -1000000000.0000000000),
	('mathArenaMarket', 'marketStatsShort', 'CC2', 9, NULL, -1000000000.0000000000),
	('mathArenaMarket', 'marketStatsShort', 'CC3', 7, NULL, -1000000000.0000000000),
	('mathArenaMarket', 'marketStatsShort', 'CC3', 8, NULL, -1000000000.0000000000),
	('mathArenaMarket', 'marketStatsShort', 'CC3', 9, NULL, -1000000000.0000000000),
	('mathArenaMarket', 'marketStatsShort', 'CC4', 7, NULL, -1000000000.0000000000),
	('mathArenaMarket', 'marketStatsShort', 'CC4', 8, NULL, -1000000000.0000000000),
	('mathArenaMarket', 'marketStatsShort', 'CC4', 9, NULL, -1000000000.0000000000),
	('mathArenaMarket', 'marketStatsShort', 'CC5', 7, NULL, -1000000000.0000000000),
	('mathArenaMarket', 'marketStatsShort', 'CC5', 8, NULL, -1000000000.0000000000),
	('mathArenaMarket', 'marketStatsShort', 'CC5', 9, NULL, -1000000000.0000000000),
	('mathArenaMarket', 'marketStatsShort', 'USD', 7, NULL, -1000000000.0000000000),
	('mathArenaMarket', 'marketStatsShort', 'USD', 8, NULL, -1000000000.0000000000),
	('mathArenaMarket', 'marketStatsShort', 'USD', 9, NULL, -1000000000.0000000000),
	('mathArenaMarket', 'marketStatsShort', 'CC1', 1, 0, -1000000000.0000000000),
	('mathArenaMarket', 'marketStatsShort', 'CC1', 1, 1, -1000000000.0000000000),
	('mathArenaMarket', 'marketStatsShort', 'CC1', 1, 2, -1000000000.0000000000),
	('mathArenaMarket', 'marketStatsShort', 'CC1', 1, 3, -1000000000.0000000000),
	('mathArenaMarket', 'marketStatsShort', 'CC1', 1, 4, -1000000000.0000000000),
	('mathArenaMarket', 'marketStatsShort', 'CC1', 1, 5, -1000000000.0000000000),
	('mathArenaMarket', 'marketStatsShort', 'CC1', 1, 6, -1000000000.0000000000),
	('mathArenaMarket', 'marketStatsShort', 'CC1', 1, 7, -1000000000.0000000000),
	('mathArenaMarket', 'marketStatsShort', 'CC1', 1, 8, -1000000000.0000000000),
	('mathArenaMarket', 'marketStatsShort', 'CC1', 1, 9, -1000000000.0000000000),
	('mathArenaMarket', 'marketStatsShort', 'CC1', 1, 10, -1000000000.0000000000),
	('mathArenaMarket', 'marketStatsShort', 'CC1', 1, 11, -1000000000.0000000000),
	('mathArenaMarket', 'marketStatsShort', 'CC1', 1, 12, -1000000000.0000000000),
	('mathArenaMarket', 'marketStatsShort', 'CC1', 1, 13, -1000000000.0000000000),
	('mathArenaMarket', 'marketStatsShort', 'CC1', 1, 14, -1000000000.0000000000),
	('mathArenaMarket', 'marketStatsShort', 'CC1', 1, 15, -1000000000.0000000000),
	('mathArenaMarket', 'marketStatsShort', 'CC1', 1, 16, -1000000000.0000000000),
	('mathArenaMarket', 'marketStatsShort', 'CC1', 1, 17, -1000000000.0000000000),
	('mathArenaMarket', 'marketStatsShort', 'CC1', 1, 18, -1000000000.0000000000),
	('mathArenaMarket', 'marketStatsShort', 'CC1', 1, 19, -1000000000.0000000000),
	('mathArenaMarket', 'marketStatsShort', 'CC1', 1, 20, -1000000000.0000000000),
	('mathArenaMarket', 'marketStatsShort', 'CC1', 1, 21, -1000000000.0000000000),
	('mathArenaMarket', 'marketStatsShort', 'CC1', 1, 22, -1000000000.0000000000),
	('mathArenaMarket', 'marketStatsShort', 'CC1', 1, 23, -1000000000.0000000000),
	('mathArenaMarket', 'marketStatsShort', 'CC1', 1, 24, -1000000000.0000000000),
	('mathArenaMarket', 'marketStatsShort', 'CC1', 1, 25, -1000000000.0000000000),
	('mathArenaMarket', 'marketStatsShort', 'CC1', 1, 26, -1000000000.0000000000),
	('mathArenaMarket', 'marketStatsShort', 'CC1', 1, 27, -1000000000.0000000000),
	('mathArenaMarket', 'marketStatsShort', 'CC1', 1, 28, -1000000000.0000000000),
	('mathArenaMarket', 'marketStatsShort', 'CC1', 1, 29, -1000000000.0000000000),
	('mathArenaMarket', 'marketStatsShort', 'CC1', 1, 30, -1000000000.0000000000),
	('mathArenaMarket', 'marketStatsShort', 'CC1', 1, 31, -1000000000.0000000000),
	('mathArenaMarket', 'marketStatsShort', 'CC1', 1, 32, -1000000000.0000000000),
	('mathArenaMarket', 'marketStatsShort', 'CC1', 1, 33, -1000000000.0000000000),
	('mathArenaMarket', 'marketStatsShort', 'CC1', 1, 34, -1000000000.0000000000),
	('mathArenaMarket', 'marketStatsShort', 'CC1', 1, 35, -1000000000.0000000000),
	('mathArenaMarket', 'marketStatsShort', 'CC1', 1, 36, -1000000000.0000000000),
	('mathArenaMarket', 'marketStatsShort', 'CC1', 1, 37, -1000000000.0000000000),
	('mathArenaMarket', 'marketStatsShort', 'CC1', 1, 38, -1000000000.0000000000),
	('mathArenaMarket', 'marketStatsShort', 'CC1', 1, 39, -1000000000.0000000000),
	('mathArenaMarket', 'marketStatsShort', 'CC1', 1, 40, -1000000000.0000000000),
	('mathArenaMarket', 'marketStatsShort', 'CC1', 1, 41, -1000000000.0000000000),
	('mathArenaMarket', 'marketStatsShort', 'CC1', 1, 42, -1000000000.0000000000),
	('mathArenaMarket', 'marketStatsShort', 'CC1', 1, 43, -1000000000.0000000000),
	('mathArenaMarket', 'marketStatsShort', 'CC1', 1, 44, -1000000000.0000000000),
	('mathArenaMarket', 'marketStatsShort', 'CC1', 1, 45, -1000000000.0000000000),
	('mathArenaMarket', 'marketStatsShort', 'CC1', 1, 46, -1000000000.0000000000),
	('mathArenaMarket', 'marketStatsShort', 'CC1', 1, 47, -1000000000.0000000000),
	('mathArenaMarket', 'marketStatsShort', 'CC1', 1, 48, -1000000000.0000000000),
	('mathArenaMarket', 'marketStatsShort', 'CC1', 1, 49, -1000000000.0000000000),
	('mathArenaMarket', 'marketStatsShort', 'CC2', 1, 0, -1000000000.0000000000),
	('mathArenaMarket', 'marketStatsShort', 'CC2', 1, 1, -1000000000.0000000000),
	('mathArenaMarket', 'marketStatsShort', 'CC2', 1, 2, -1000000000.0000000000),
	('mathArenaMarket', 'marketStatsShort', 'CC2', 1, 3, -1000000000.0000000000),
	('mathArenaMarket', 'marketStatsShort', 'CC2', 1, 4, -1000000000.0000000000),
	('mathArenaMarket', 'marketStatsShort', 'CC2', 1, 5, -1000000000.0000000000),
	('mathArenaMarket', 'marketStatsShort', 'CC2', 1, 6, -1000000000.0000000000),
	('mathArenaMarket', 'marketStatsShort', 'CC2', 1, 7, -1000000000.0000000000),
	('mathArenaMarket', 'marketStatsShort', 'CC2', 1, 8, -1000000000.0000000000),
	('mathArenaMarket', 'marketStatsShort', 'CC2', 1, 9, -1000000000.0000000000),
	('mathArenaMarket', 'marketStatsShort', 'CC2', 1, 10, -1000000000.0000000000),
	('mathArenaMarket', 'marketStatsShort', 'CC2', 1, 11, -1000000000.0000000000),
	('mathArenaMarket', 'marketStatsShort', 'CC2', 1, 12, -1000000000.0000000000),
	('mathArenaMarket', 'marketStatsShort', 'CC2', 1, 13, -1000000000.0000000000),
	('mathArenaMarket', 'marketStatsShort', 'CC2', 1, 14, -1000000000.0000000000),
	('mathArenaMarket', 'marketStatsShort', 'CC2', 1, 15, -1000000000.0000000000),
	('mathArenaMarket', 'marketStatsShort', 'CC2', 1, 16, -1000000000.0000000000),
	('mathArenaMarket', 'marketStatsShort', 'CC2', 1, 17, -1000000000.0000000000),
	('mathArenaMarket', 'marketStatsShort', 'CC2', 1, 18, -1000000000.0000000000),
	('mathArenaMarket', 'marketStatsShort', 'CC2', 1, 19, -1000000000.0000000000),
	('mathArenaMarket', 'marketStatsShort', 'CC2', 1, 20, -1000000000.0000000000),
	('mathArenaMarket', 'marketStatsShort', 'CC2', 1, 21, -1000000000.0000000000),
	('mathArenaMarket', 'marketStatsShort', 'CC2', 1, 22, -1000000000.0000000000),
	('mathArenaMarket', 'marketStatsShort', 'CC2', 1, 23, -1000000000.0000000000),
	('mathArenaMarket', 'marketStatsShort', 'CC2', 1, 24, -1000000000.0000000000),
	('mathArenaMarket', 'marketStatsShort', 'CC2', 1, 25, -1000000000.0000000000),
	('mathArenaMarket', 'marketStatsShort', 'CC2', 1, 26, -1000000000.0000000000),
	('mathArenaMarket', 'marketStatsShort', 'CC2', 1, 27, -1000000000.0000000000),
	('mathArenaMarket', 'marketStatsShort', 'CC2', 1, 28, -1000000000.0000000000),
	('mathArenaMarket', 'marketStatsShort', 'CC2', 1, 29, -1000000000.0000000000),
	('mathArenaMarket', 'marketStatsShort', 'CC2', 1, 30, -1000000000.0000000000),
	('mathArenaMarket', 'marketStatsShort', 'CC2', 1, 31, -1000000000.0000000000),
	('mathArenaMarket', 'marketStatsShort', 'CC2', 1, 32, -1000000000.0000000000),
	('mathArenaMarket', 'marketStatsShort', 'CC2', 1, 33, -1000000000.0000000000),
	('mathArenaMarket', 'marketStatsShort', 'CC2', 1, 34, -1000000000.0000000000),
	('mathArenaMarket', 'marketStatsShort', 'CC2', 1, 35, -1000000000.0000000000),
	('mathArenaMarket', 'marketStatsShort', 'CC2', 1, 36, -1000000000.0000000000),
	('mathArenaMarket', 'marketStatsShort', 'CC2', 1, 37, -1000000000.0000000000),
	('mathArenaMarket', 'marketStatsShort', 'CC2', 1, 38, -1000000000.0000000000),
	('mathArenaMarket', 'marketStatsShort', 'CC2', 1, 39, -1000000000.0000000000),
	('mathArenaMarket', 'marketStatsShort', 'CC2', 1, 40, -1000000000.0000000000),
	('mathArenaMarket', 'marketStatsShort', 'CC2', 1, 41, -1000000000.0000000000),
	('mathArenaMarket', 'marketStatsShort', 'CC2', 1, 42, -1000000000.0000000000),
	('mathArenaMarket', 'marketStatsShort', 'CC2', 1, 43, -1000000000.0000000000),
	('mathArenaMarket', 'marketStatsShort', 'CC2', 1, 44, -1000000000.0000000000),
	('mathArenaMarket', 'marketStatsShort', 'CC2', 1, 45, -1000000000.0000000000),
	('mathArenaMarket', 'marketStatsShort', 'CC2', 1, 46, -1000000000.0000000000),
	('mathArenaMarket', 'marketStatsShort', 'CC2', 1, 47, -1000000000.0000000000),
	('mathArenaMarket', 'marketStatsShort', 'CC2', 1, 48, -1000000000.0000000000),
	('mathArenaMarket', 'marketStatsShort', 'CC2', 1, 49, -1000000000.0000000000),
	('mathArenaMarket', 'marketStatsShort', 'CC3', 1, 0, -1000000000.0000000000),
	('mathArenaMarket', 'marketStatsShort', 'CC3', 1, 1, -1000000000.0000000000),
	('mathArenaMarket', 'marketStatsShort', 'CC3', 1, 2, -1000000000.0000000000),
	('mathArenaMarket', 'marketStatsShort', 'CC3', 1, 3, -1000000000.0000000000),
	('mathArenaMarket', 'marketStatsShort', 'CC3', 1, 4, -1000000000.0000000000),
	('mathArenaMarket', 'marketStatsShort', 'CC3', 1, 5, -1000000000.0000000000),
	('mathArenaMarket', 'marketStatsShort', 'CC3', 1, 6, -1000000000.0000000000),
	('mathArenaMarket', 'marketStatsShort', 'CC3', 1, 7, -1000000000.0000000000),
	('mathArenaMarket', 'marketStatsShort', 'CC3', 1, 8, -1000000000.0000000000),
	('mathArenaMarket', 'marketStatsShort', 'CC3', 1, 9, -1000000000.0000000000),
	('mathArenaMarket', 'marketStatsShort', 'CC3', 1, 10, -1000000000.0000000000),
	('mathArenaMarket', 'marketStatsShort', 'CC3', 1, 11, -1000000000.0000000000),
	('mathArenaMarket', 'marketStatsShort', 'CC3', 1, 12, -1000000000.0000000000),
	('mathArenaMarket', 'marketStatsShort', 'CC3', 1, 13, -1000000000.0000000000),
	('mathArenaMarket', 'marketStatsShort', 'CC3', 1, 14, -1000000000.0000000000),
	('mathArenaMarket', 'marketStatsShort', 'CC3', 1, 15, -1000000000.0000000000),
	('mathArenaMarket', 'marketStatsShort', 'CC3', 1, 16, -1000000000.0000000000),
	('mathArenaMarket', 'marketStatsShort', 'CC3', 1, 17, -1000000000.0000000000),
	('mathArenaMarket', 'marketStatsShort', 'CC3', 1, 18, -1000000000.0000000000),
	('mathArenaMarket', 'marketStatsShort', 'CC3', 1, 19, -1000000000.0000000000),
	('mathArenaMarket', 'marketStatsShort', 'CC3', 1, 20, -1000000000.0000000000),
	('mathArenaMarket', 'marketStatsShort', 'CC3', 1, 21, -1000000000.0000000000),
	('mathArenaMarket', 'marketStatsShort', 'CC3', 1, 22, -1000000000.0000000000),
	('mathArenaMarket', 'marketStatsShort', 'CC3', 1, 23, -1000000000.0000000000),
	('mathArenaMarket', 'marketStatsShort', 'CC3', 1, 24, -1000000000.0000000000),
	('mathArenaMarket', 'marketStatsShort', 'CC3', 1, 25, -1000000000.0000000000),
	('mathArenaMarket', 'marketStatsShort', 'CC3', 1, 26, -1000000000.0000000000),
	('mathArenaMarket', 'marketStatsShort', 'CC3', 1, 27, -1000000000.0000000000),
	('mathArenaMarket', 'marketStatsShort', 'CC3', 1, 28, -1000000000.0000000000),
	('mathArenaMarket', 'marketStatsShort', 'CC3', 1, 29, -1000000000.0000000000),
	('mathArenaMarket', 'marketStatsShort', 'CC3', 1, 30, -1000000000.0000000000),
	('mathArenaMarket', 'marketStatsShort', 'CC3', 1, 31, -1000000000.0000000000),
	('mathArenaMarket', 'marketStatsShort', 'CC3', 1, 32, -1000000000.0000000000),
	('mathArenaMarket', 'marketStatsShort', 'CC3', 1, 33, -1000000000.0000000000),
	('mathArenaMarket', 'marketStatsShort', 'CC3', 1, 34, -1000000000.0000000000),
	('mathArenaMarket', 'marketStatsShort', 'CC3', 1, 35, -1000000000.0000000000),
	('mathArenaMarket', 'marketStatsShort', 'CC3', 1, 36, -1000000000.0000000000),
	('mathArenaMarket', 'marketStatsShort', 'CC3', 1, 37, -1000000000.0000000000),
	('mathArenaMarket', 'marketStatsShort', 'CC3', 1, 38, -1000000000.0000000000),
	('mathArenaMarket', 'marketStatsShort', 'CC3', 1, 39, -1000000000.0000000000),
	('mathArenaMarket', 'marketStatsShort', 'CC3', 1, 40, -1000000000.0000000000),
	('mathArenaMarket', 'marketStatsShort', 'CC3', 1, 41, -1000000000.0000000000),
	('mathArenaMarket', 'marketStatsShort', 'CC3', 1, 42, -1000000000.0000000000),
	('mathArenaMarket', 'marketStatsShort', 'CC3', 1, 43, -1000000000.0000000000),
	('mathArenaMarket', 'marketStatsShort', 'CC3', 1, 44, -1000000000.0000000000),
	('mathArenaMarket', 'marketStatsShort', 'CC3', 1, 45, -1000000000.0000000000),
	('mathArenaMarket', 'marketStatsShort', 'CC3', 1, 46, -1000000000.0000000000),
	('mathArenaMarket', 'marketStatsShort', 'CC3', 1, 47, -1000000000.0000000000),
	('mathArenaMarket', 'marketStatsShort', 'CC3', 1, 48, -1000000000.0000000000),
	('mathArenaMarket', 'marketStatsShort', 'CC3', 1, 49, -1000000000.0000000000),
	('mathArenaMarket', 'marketStatsShort', 'CC4', 1, 0, -1000000000.0000000000),
	('mathArenaMarket', 'marketStatsShort', 'CC4', 1, 1, -1000000000.0000000000),
	('mathArenaMarket', 'marketStatsShort', 'CC4', 1, 2, -1000000000.0000000000),
	('mathArenaMarket', 'marketStatsShort', 'CC4', 1, 3, -1000000000.0000000000),
	('mathArenaMarket', 'marketStatsShort', 'CC4', 1, 4, -1000000000.0000000000),
	('mathArenaMarket', 'marketStatsShort', 'CC4', 1, 5, -1000000000.0000000000),
	('mathArenaMarket', 'marketStatsShort', 'CC4', 1, 6, -1000000000.0000000000),
	('mathArenaMarket', 'marketStatsShort', 'CC4', 1, 7, -1000000000.0000000000),
	('mathArenaMarket', 'marketStatsShort', 'CC4', 1, 8, -1000000000.0000000000),
	('mathArenaMarket', 'marketStatsShort', 'CC4', 1, 9, -1000000000.0000000000),
	('mathArenaMarket', 'marketStatsShort', 'CC4', 1, 10, -1000000000.0000000000),
	('mathArenaMarket', 'marketStatsShort', 'CC4', 1, 11, -1000000000.0000000000),
	('mathArenaMarket', 'marketStatsShort', 'CC4', 1, 12, -1000000000.0000000000),
	('mathArenaMarket', 'marketStatsShort', 'CC4', 1, 13, -1000000000.0000000000),
	('mathArenaMarket', 'marketStatsShort', 'CC4', 1, 14, -1000000000.0000000000),
	('mathArenaMarket', 'marketStatsShort', 'CC4', 1, 15, -1000000000.0000000000),
	('mathArenaMarket', 'marketStatsShort', 'CC4', 1, 16, -1000000000.0000000000),
	('mathArenaMarket', 'marketStatsShort', 'CC4', 1, 17, -1000000000.0000000000),
	('mathArenaMarket', 'marketStatsShort', 'CC4', 1, 18, -1000000000.0000000000),
	('mathArenaMarket', 'marketStatsShort', 'CC4', 1, 19, -1000000000.0000000000),
	('mathArenaMarket', 'marketStatsShort', 'CC4', 1, 20, -1000000000.0000000000),
	('mathArenaMarket', 'marketStatsShort', 'CC4', 1, 21, -1000000000.0000000000),
	('mathArenaMarket', 'marketStatsShort', 'CC4', 1, 22, -1000000000.0000000000),
	('mathArenaMarket', 'marketStatsShort', 'CC4', 1, 23, -1000000000.0000000000),
	('mathArenaMarket', 'marketStatsShort', 'CC4', 1, 24, -1000000000.0000000000),
	('mathArenaMarket', 'marketStatsShort', 'CC4', 1, 25, -1000000000.0000000000),
	('mathArenaMarket', 'marketStatsShort', 'CC4', 1, 26, -1000000000.0000000000),
	('mathArenaMarket', 'marketStatsShort', 'CC4', 1, 27, -1000000000.0000000000),
	('mathArenaMarket', 'marketStatsShort', 'CC4', 1, 28, -1000000000.0000000000),
	('mathArenaMarket', 'marketStatsShort', 'CC4', 1, 29, -1000000000.0000000000),
	('mathArenaMarket', 'marketStatsShort', 'CC4', 1, 30, -1000000000.0000000000),
	('mathArenaMarket', 'marketStatsShort', 'CC4', 1, 31, -1000000000.0000000000),
	('mathArenaMarket', 'marketStatsShort', 'CC4', 1, 32, -1000000000.0000000000),
	('mathArenaMarket', 'marketStatsShort', 'CC4', 1, 33, -1000000000.0000000000),
	('mathArenaMarket', 'marketStatsShort', 'CC4', 1, 34, -1000000000.0000000000),
	('mathArenaMarket', 'marketStatsShort', 'CC4', 1, 35, -1000000000.0000000000),
	('mathArenaMarket', 'marketStatsShort', 'CC4', 1, 36, -1000000000.0000000000),
	('mathArenaMarket', 'marketStatsShort', 'CC4', 1, 37, -1000000000.0000000000),
	('mathArenaMarket', 'marketStatsShort', 'CC4', 1, 38, -1000000000.0000000000),
	('mathArenaMarket', 'marketStatsShort', 'CC4', 1, 39, -1000000000.0000000000),
	('mathArenaMarket', 'marketStatsShort', 'CC4', 1, 40, -1000000000.0000000000),
	('mathArenaMarket', 'marketStatsShort', 'CC4', 1, 41, -1000000000.0000000000),
	('mathArenaMarket', 'marketStatsShort', 'CC4', 1, 42, -1000000000.0000000000),
	('mathArenaMarket', 'marketStatsShort', 'CC4', 1, 43, -1000000000.0000000000),
	('mathArenaMarket', 'marketStatsShort', 'CC4', 1, 44, -1000000000.0000000000),
	('mathArenaMarket', 'marketStatsShort', 'CC4', 1, 45, -1000000000.0000000000),
	('mathArenaMarket', 'marketStatsShort', 'CC4', 1, 46, -1000000000.0000000000),
	('mathArenaMarket', 'marketStatsShort', 'CC4', 1, 47, -1000000000.0000000000),
	('mathArenaMarket', 'marketStatsShort', 'CC4', 1, 48, -1000000000.0000000000),
	('mathArenaMarket', 'marketStatsShort', 'CC4', 1, 49, -1000000000.0000000000),
	('mathArenaMarket', 'marketStatsShort', 'CC5', 1, 0, -1000000000.0000000000),
	('mathArenaMarket', 'marketStatsShort', 'CC5', 1, 1, -1000000000.0000000000),
	('mathArenaMarket', 'marketStatsShort', 'CC5', 1, 2, -1000000000.0000000000),
	('mathArenaMarket', 'marketStatsShort', 'CC5', 1, 3, -1000000000.0000000000),
	('mathArenaMarket', 'marketStatsShort', 'CC5', 1, 4, -1000000000.0000000000),
	('mathArenaMarket', 'marketStatsShort', 'CC5', 1, 5, -1000000000.0000000000),
	('mathArenaMarket', 'marketStatsShort', 'CC5', 1, 6, -1000000000.0000000000),
	('mathArenaMarket', 'marketStatsShort', 'CC5', 1, 7, -1000000000.0000000000),
	('mathArenaMarket', 'marketStatsShort', 'CC5', 1, 8, -1000000000.0000000000),
	('mathArenaMarket', 'marketStatsShort', 'CC5', 1, 9, -1000000000.0000000000),
	('mathArenaMarket', 'marketStatsShort', 'CC5', 1, 10, -1000000000.0000000000),
	('mathArenaMarket', 'marketStatsShort', 'CC5', 1, 11, -1000000000.0000000000),
	('mathArenaMarket', 'marketStatsShort', 'CC5', 1, 12, -1000000000.0000000000),
	('mathArenaMarket', 'marketStatsShort', 'CC5', 1, 13, -1000000000.0000000000),
	('mathArenaMarket', 'marketStatsShort', 'CC5', 1, 14, -1000000000.0000000000),
	('mathArenaMarket', 'marketStatsShort', 'CC5', 1, 15, -1000000000.0000000000),
	('mathArenaMarket', 'marketStatsShort', 'CC5', 1, 16, -1000000000.0000000000),
	('mathArenaMarket', 'marketStatsShort', 'CC5', 1, 17, -1000000000.0000000000),
	('mathArenaMarket', 'marketStatsShort', 'CC5', 1, 18, -1000000000.0000000000),
	('mathArenaMarket', 'marketStatsShort', 'CC5', 1, 19, -1000000000.0000000000),
	('mathArenaMarket', 'marketStatsShort', 'CC5', 1, 20, -1000000000.0000000000),
	('mathArenaMarket', 'marketStatsShort', 'CC5', 1, 21, -1000000000.0000000000),
	('mathArenaMarket', 'marketStatsShort', 'CC5', 1, 22, -1000000000.0000000000),
	('mathArenaMarket', 'marketStatsShort', 'CC5', 1, 23, -1000000000.0000000000),
	('mathArenaMarket', 'marketStatsShort', 'CC5', 1, 24, -1000000000.0000000000),
	('mathArenaMarket', 'marketStatsShort', 'CC5', 1, 25, -1000000000.0000000000),
	('mathArenaMarket', 'marketStatsShort', 'CC5', 1, 26, -1000000000.0000000000),
	('mathArenaMarket', 'marketStatsShort', 'CC5', 1, 27, -1000000000.0000000000),
	('mathArenaMarket', 'marketStatsShort', 'CC5', 1, 28, -1000000000.0000000000),
	('mathArenaMarket', 'marketStatsShort', 'CC5', 1, 29, -1000000000.0000000000),
	('mathArenaMarket', 'marketStatsShort', 'CC5', 1, 30, -1000000000.0000000000),
	('mathArenaMarket', 'marketStatsShort', 'CC5', 1, 31, -1000000000.0000000000),
	('mathArenaMarket', 'marketStatsShort', 'CC5', 1, 32, -1000000000.0000000000),
	('mathArenaMarket', 'marketStatsShort', 'CC5', 1, 33, -1000000000.0000000000),
	('mathArenaMarket', 'marketStatsShort', 'CC5', 1, 34, -1000000000.0000000000),
	('mathArenaMarket', 'marketStatsShort', 'CC5', 1, 35, -1000000000.0000000000),
	('mathArenaMarket', 'marketStatsShort', 'CC5', 1, 36, -1000000000.0000000000),
	('mathArenaMarket', 'marketStatsShort', 'CC5', 1, 37, -1000000000.0000000000),
	('mathArenaMarket', 'marketStatsShort', 'CC5', 1, 38, -1000000000.0000000000),
	('mathArenaMarket', 'marketStatsShort', 'CC5', 1, 39, -1000000000.0000000000),
	('mathArenaMarket', 'marketStatsShort', 'CC5', 1, 40, -1000000000.0000000000),
	('mathArenaMarket', 'marketStatsShort', 'CC5', 1, 41, -1000000000.0000000000),
	('mathArenaMarket', 'marketStatsShort', 'CC5', 1, 42, -1000000000.0000000000),
	('mathArenaMarket', 'marketStatsShort', 'CC5', 1, 43, -1000000000.0000000000),
	('mathArenaMarket', 'marketStatsShort', 'CC5', 1, 44, -1000000000.0000000000),
	('mathArenaMarket', 'marketStatsShort', 'CC5', 1, 45, -1000000000.0000000000),
	('mathArenaMarket', 'marketStatsShort', 'CC5', 1, 46, -1000000000.0000000000),
	('mathArenaMarket', 'marketStatsShort', 'CC5', 1, 47, -1000000000.0000000000),
	('mathArenaMarket', 'marketStatsShort', 'CC5', 1, 48, -1000000000.0000000000),
	('mathArenaMarket', 'marketStatsShort', 'CC5', 1, 49, -1000000000.0000000000),
	('mathArenaMarket', 'marketStatsShort', 'USD', 1, 0, -1000000000.0000000000),
	('mathArenaMarket', 'marketStatsShort', 'USD', 1, 1, -1000000000.0000000000),
	('mathArenaMarket', 'marketStatsShort', 'USD', 1, 2, -1000000000.0000000000),
	('mathArenaMarket', 'marketStatsShort', 'USD', 1, 3, -1000000000.0000000000),
	('mathArenaMarket', 'marketStatsShort', 'USD', 1, 4, -1000000000.0000000000),
	('mathArenaMarket', 'marketStatsShort', 'USD', 1, 5, -1000000000.0000000000),
	('mathArenaMarket', 'marketStatsShort', 'USD', 1, 6, -1000000000.0000000000),
	('mathArenaMarket', 'marketStatsShort', 'USD', 1, 7, -1000000000.0000000000),
	('mathArenaMarket', 'marketStatsShort', 'USD', 1, 8, -1000000000.0000000000),
	('mathArenaMarket', 'marketStatsShort', 'USD', 1, 9, -1000000000.0000000000),
	('mathArenaMarket', 'marketStatsShort', 'USD', 1, 10, -1000000000.0000000000),
	('mathArenaMarket', 'marketStatsShort', 'USD', 1, 11, -1000000000.0000000000),
	('mathArenaMarket', 'marketStatsShort', 'USD', 1, 12, -1000000000.0000000000),
	('mathArenaMarket', 'marketStatsShort', 'USD', 1, 13, -1000000000.0000000000),
	('mathArenaMarket', 'marketStatsShort', 'USD', 1, 14, -1000000000.0000000000),
	('mathArenaMarket', 'marketStatsShort', 'USD', 1, 15, -1000000000.0000000000),
	('mathArenaMarket', 'marketStatsShort', 'USD', 1, 16, -1000000000.0000000000),
	('mathArenaMarket', 'marketStatsShort', 'USD', 1, 17, -1000000000.0000000000),
	('mathArenaMarket', 'marketStatsShort', 'USD', 1, 18, -1000000000.0000000000),
	('mathArenaMarket', 'marketStatsShort', 'USD', 1, 19, -1000000000.0000000000),
	('mathArenaMarket', 'marketStatsShort', 'USD', 1, 20, -1000000000.0000000000),
	('mathArenaMarket', 'marketStatsShort', 'USD', 1, 21, -1000000000.0000000000),
	('mathArenaMarket', 'marketStatsShort', 'USD', 1, 22, -1000000000.0000000000),
	('mathArenaMarket', 'marketStatsShort', 'USD', 1, 23, -1000000000.0000000000),
	('mathArenaMarket', 'marketStatsShort', 'USD', 1, 24, -1000000000.0000000000),
	('mathArenaMarket', 'marketStatsShort', 'USD', 1, 25, -1000000000.0000000000),
	('mathArenaMarket', 'marketStatsShort', 'USD', 1, 26, -1000000000.0000000000),
	('mathArenaMarket', 'marketStatsShort', 'USD', 1, 27, -1000000000.0000000000),
	('mathArenaMarket', 'marketStatsShort', 'USD', 1, 28, -1000000000.0000000000),
	('mathArenaMarket', 'marketStatsShort', 'USD', 1, 29, -1000000000.0000000000),
	('mathArenaMarket', 'marketStatsShort', 'USD', 1, 30, -1000000000.0000000000),
	('mathArenaMarket', 'marketStatsShort', 'USD', 1, 31, -1000000000.0000000000),
	('mathArenaMarket', 'marketStatsShort', 'USD', 1, 32, -1000000000.0000000000),
	('mathArenaMarket', 'marketStatsShort', 'USD', 1, 33, -1000000000.0000000000),
	('mathArenaMarket', 'marketStatsShort', 'USD', 1, 34, -1000000000.0000000000),
	('mathArenaMarket', 'marketStatsShort', 'USD', 1, 35, -1000000000.0000000000),
	('mathArenaMarket', 'marketStatsShort', 'USD', 1, 36, -1000000000.0000000000),
	('mathArenaMarket', 'marketStatsShort', 'USD', 1, 37, -1000000000.0000000000),
	('mathArenaMarket', 'marketStatsShort', 'USD', 1, 38, -1000000000.0000000000),
	('mathArenaMarket', 'marketStatsShort', 'USD', 1, 39, -1000000000.0000000000),
	('mathArenaMarket', 'marketStatsShort', 'USD', 1, 40, -1000000000.0000000000),
	('mathArenaMarket', 'marketStatsShort', 'USD', 1, 41, -1000000000.0000000000),
	('mathArenaMarket', 'marketStatsShort', 'USD', 1, 42, -1000000000.0000000000),
	('mathArenaMarket', 'marketStatsShort', 'USD', 1, 43, -1000000000.0000000000),
	('mathArenaMarket', 'marketStatsShort', 'USD', 1, 44, -1000000000.0000000000),
	('mathArenaMarket', 'marketStatsShort', 'USD', 1, 45, -1000000000.0000000000),
	('mathArenaMarket', 'marketStatsShort', 'USD', 1, 46, -1000000000.0000000000),
	('mathArenaMarket', 'marketStatsShort', 'USD', 1, 47, -1000000000.0000000000),
	('mathArenaMarket', 'marketStatsShort', 'USD', 1, 48, -1000000000.0000000000),
	('mathArenaMarket', 'marketStatsShort', 'USD', 1, 49, -1000000000.0000000000),
	('mathArenaMarket', 'marketStatsLong', 'CC1', 0, NULL, 0.0000000000),
	('mathArenaMarket', 'marketStatsLong', 'CC1', 1, NULL, 1000000000.0000000000),
	('mathArenaMarket', 'marketStatsLong', 'CC1', 2, NULL, -1000000000.0000000000),
	('mathArenaMarket', 'marketStatsLong', 'CC1', 3, NULL, 0.0000000000),
	('mathArenaMarket', 'marketStatsLong', 'CC1', 4, NULL, 0.0000000000),
	('mathArenaMarket', 'marketStatsLong', 'CC1', 5, NULL, 0.0000000000),
	('mathArenaMarket', 'marketStatsLong', 'CC1', 6, NULL, 0.0000000000),
	('mathArenaMarket', 'marketStatsLong', 'CC1', 7, NULL, -1000000000.0000000000),
	('mathArenaMarket', 'marketStatsLong', 'CC1', 8, NULL, -1000000000.0000000000),
	('mathArenaMarket', 'marketStatsLong', 'CC1', 9, NULL, -1000000000.0000000000),
	('mathArenaMarket', 'marketStatsLong', 'CC1', 10, NULL, 0.0000000000),
	('mathArenaMarket', 'marketStatsLong', 'CC2', 0, NULL, 0.0000000000),
	('mathArenaMarket', 'marketStatsLong', 'CC2', 1, NULL, 1000000000.0000000000),
	('mathArenaMarket', 'marketStatsLong', 'CC2', 2, NULL, -1000000000.0000000000),
	('mathArenaMarket', 'marketStatsLong', 'CC2', 3, NULL, 0.0000000000),
	('mathArenaMarket', 'marketStatsLong', 'CC2', 4, NULL, 0.0000000000),
	('mathArenaMarket', 'marketStatsLong', 'CC2', 5, NULL, 0.0000000000),
	('mathArenaMarket', 'marketStatsLong', 'CC2', 6, NULL, 0.0000000000),
	('mathArenaMarket', 'marketStatsLong', 'CC2', 7, NULL, -1000000000.0000000000),
	('mathArenaMarket', 'marketStatsLong', 'CC2', 8, NULL, -1000000000.0000000000),
	('mathArenaMarket', 'marketStatsLong', 'CC2', 9, NULL, -1000000000.0000000000),
	('mathArenaMarket', 'marketStatsLong', 'CC2', 10, NULL, 0.0000000000),
	('mathArenaMarket', 'marketStatsLong', 'CC3', 0, NULL, 0.0000000000),
	('mathArenaMarket', 'marketStatsLong', 'CC3', 1, NULL, 1000000000.0000000000),
	('mathArenaMarket', 'marketStatsLong', 'CC3', 2, NULL, -1000000000.0000000000),
	('mathArenaMarket', 'marketStatsLong', 'CC3', 3, NULL, 0.0000000000),
	('mathArenaMarket', 'marketStatsLong', 'CC3', 4, NULL, 0.0000000000),
	('mathArenaMarket', 'marketStatsLong', 'CC3', 5, NULL, 0.0000000000),
	('mathArenaMarket', 'marketStatsLong', 'CC3', 6, NULL, 0.0000000000),
	('mathArenaMarket', 'marketStatsLong', 'CC3', 7, NULL, -1000000000.0000000000),
	('mathArenaMarket', 'marketStatsLong', 'CC3', 8, NULL, -1000000000.0000000000),
	('mathArenaMarket', 'marketStatsLong', 'CC3', 9, NULL, -1000000000.0000000000),
	('mathArenaMarket', 'marketStatsLong', 'CC3', 10, NULL, 0.0000000000),
	('mathArenaMarket', 'marketStatsLong', 'CC4', 0, NULL, 0.0000000000),
	('mathArenaMarket', 'marketStatsLong', 'CC4', 1, NULL, 1000000000.0000000000),
	('mathArenaMarket', 'marketStatsLong', 'CC4', 2, NULL, -1000000000.0000000000),
	('mathArenaMarket', 'marketStatsLong', 'CC4', 3, NULL, 0.0000000000),
	('mathArenaMarket', 'marketStatsLong', 'CC4', 4, NULL, 0.0000000000),
	('mathArenaMarket', 'marketStatsLong', 'CC4', 5, NULL, 0.0000000000),
	('mathArenaMarket', 'marketStatsLong', 'CC4', 6, NULL, 0.0000000000),
	('mathArenaMarket', 'marketStatsLong', 'CC4', 7, NULL, -1000000000.0000000000),
	('mathArenaMarket', 'marketStatsLong', 'CC4', 8, NULL, -1000000000.0000000000),
	('mathArenaMarket', 'marketStatsLong', 'CC4', 9, NULL, -1000000000.0000000000),
	('mathArenaMarket', 'marketStatsLong', 'CC4', 10, NULL, 0.0000000000),
	('mathArenaMarket', 'marketStatsLong', 'CC5', 0, NULL, 0.0000000000),
	('mathArenaMarket', 'marketStatsLong', 'CC5', 1, NULL, 1000000000.0000000000),
	('mathArenaMarket', 'marketStatsLong', 'CC5', 2, NULL, -1000000000.0000000000),
	('mathArenaMarket', 'marketStatsLong', 'CC5', 3, NULL, 0.0000000000),
	('mathArenaMarket', 'marketStatsLong', 'CC5', 4, NULL, 0.0000000000),
	('mathArenaMarket', 'marketStatsLong', 'CC5', 5, NULL, 0.0000000000),
	('mathArenaMarket', 'marketStatsLong', 'CC5', 6, NULL, 0.0000000000),
	('mathArenaMarket', 'marketStatsLong', 'CC5', 7, NULL, -1000000000.0000000000),
	('mathArenaMarket', 'marketStatsLong', 'CC5', 8, NULL, -1000000000.0000000000),
	('mathArenaMarket', 'marketStatsLong', 'CC5', 9, NULL, -1000000000.0000000000),
	('mathArenaMarket', 'marketStatsLong', 'CC5', 10, NULL, 0.0000000000),
	('mathArenaMarket', 'marketStatsLong', 'USD', 0, NULL, 0.0000000000),
	('mathArenaMarket', 'marketStatsLong', 'USD', 1, NULL, 1000000000.0000000000),
	('mathArenaMarket', 'marketStatsLong', 'USD', 2, NULL, -1000000000.0000000000),
	('mathArenaMarket', 'marketStatsLong', 'USD', 3, NULL, 0.0000000000),
	('mathArenaMarket', 'marketStatsLong', 'USD', 4, NULL, 0.0000000000),
	('mathArenaMarket', 'marketStatsLong', 'USD', 5, NULL, 0.0000000000),
	('mathArenaMarket', 'marketStatsLong', 'USD', 6, NULL, 0.0000000000),
	('mathArenaMarket', 'marketStatsLong', 'USD', 7, NULL, -1000000000.0000000000),
	('mathArenaMarket', 'marketStatsLong', 'USD', 8, NULL, -1000000000.0000000000),
	('mathArenaMarket', 'marketStatsLong', 'USD', 9, NULL, -1000000000.0000000000),
	('mathArenaMarket', 'marketStatsLong', 'USD', 10, NULL, 0.0000000000),
	('mathArenaMarket', 'marketStatsLong', 'CC1', 0, 0, -1000000000.0000000000),
	('mathArenaMarket', 'marketStatsLong', 'CC1', 1, 0, -1000000000.0000000000),
	('mathArenaMarket', 'marketStatsLong', 'CC1', 0, 1, -1000000000.0000000000),
	('mathArenaMarket', 'marketStatsLong', 'CC1', 1, 1, -1000000000.0000000000),
	('mathArenaMarket', 'marketStatsLong', 'CC1', 0, 2, -1000000000.0000000000),
	('mathArenaMarket', 'marketStatsLong', 'CC1', 1, 2, -1000000000.0000000000),
	('mathArenaMarket', 'marketStatsLong', 'CC1', 0, 3, -1000000000.0000000000),
	('mathArenaMarket', 'marketStatsLong', 'CC1', 1, 3, -1000000000.0000000000),
	('mathArenaMarket', 'marketStatsLong', 'CC1', 0, 4, -1000000000.0000000000),
	('mathArenaMarket', 'marketStatsLong', 'CC1', 1, 4, -1000000000.0000000000),
	('mathArenaMarket', 'marketStatsLong', 'CC1', 0, 5, -1000000000.0000000000),
	('mathArenaMarket', 'marketStatsLong', 'CC1', 1, 5, -1000000000.0000000000),
	('mathArenaMarket', 'marketStatsLong', 'CC1', 0, 6, -1000000000.0000000000),
	('mathArenaMarket', 'marketStatsLong', 'CC1', 1, 6, -1000000000.0000000000),
	('mathArenaMarket', 'marketStatsLong', 'CC1', 0, 7, -1000000000.0000000000),
	('mathArenaMarket', 'marketStatsLong', 'CC1', 1, 7, -1000000000.0000000000),
	('mathArenaMarket', 'marketStatsLong', 'CC1', 0, 8, -1000000000.0000000000),
	('mathArenaMarket', 'marketStatsLong', 'CC1', 1, 8, -1000000000.0000000000),
	('mathArenaMarket', 'marketStatsLong', 'CC1', 0, 9, -1000000000.0000000000),
	('mathArenaMarket', 'marketStatsLong', 'CC1', 1, 9, -1000000000.0000000000),
	('mathArenaMarket', 'marketStatsLong', 'CC1', 0, 10, -1000000000.0000000000),
	('mathArenaMarket', 'marketStatsLong', 'CC1', 1, 10, -1000000000.0000000000),
	('mathArenaMarket', 'marketStatsLong', 'CC1', 0, 11, -1000000000.0000000000),
	('mathArenaMarket', 'marketStatsLong', 'CC1', 1, 11, -1000000000.0000000000),
	('mathArenaMarket', 'marketStatsLong', 'CC1', 0, 12, -1000000000.0000000000),
	('mathArenaMarket', 'marketStatsLong', 'CC1', 1, 12, -1000000000.0000000000),
	('mathArenaMarket', 'marketStatsLong', 'CC1', 0, 13, -1000000000.0000000000),
	('mathArenaMarket', 'marketStatsLong', 'CC1', 1, 13, -1000000000.0000000000),
	('mathArenaMarket', 'marketStatsLong', 'CC1', 0, 14, -1000000000.0000000000),
	('mathArenaMarket', 'marketStatsLong', 'CC1', 1, 14, -1000000000.0000000000),
	('mathArenaMarket', 'marketStatsLong', 'CC1', 0, 15, -1000000000.0000000000),
	('mathArenaMarket', 'marketStatsLong', 'CC1', 1, 15, -1000000000.0000000000),
	('mathArenaMarket', 'marketStatsLong', 'CC1', 0, 16, -1000000000.0000000000),
	('mathArenaMarket', 'marketStatsLong', 'CC1', 1, 16, -1000000000.0000000000),
	('mathArenaMarket', 'marketStatsLong', 'CC1', 0, 17, -1000000000.0000000000),
	('mathArenaMarket', 'marketStatsLong', 'CC1', 1, 17, -1000000000.0000000000),
	('mathArenaMarket', 'marketStatsLong', 'CC1', 0, 18, -1000000000.0000000000),
	('mathArenaMarket', 'marketStatsLong', 'CC1', 1, 18, -1000000000.0000000000),
	('mathArenaMarket', 'marketStatsLong', 'CC1', 0, 19, -1000000000.0000000000),
	('mathArenaMarket', 'marketStatsLong', 'CC1', 1, 19, -1000000000.0000000000),
	('mathArenaMarket', 'marketStatsLong', 'CC1', 0, 20, -1000000000.0000000000),
	('mathArenaMarket', 'marketStatsLong', 'CC1', 1, 20, -1000000000.0000000000),
	('mathArenaMarket', 'marketStatsLong', 'CC1', 0, 21, -1000000000.0000000000),
	('mathArenaMarket', 'marketStatsLong', 'CC1', 1, 21, -1000000000.0000000000),
	('mathArenaMarket', 'marketStatsLong', 'CC1', 0, 22, -1000000000.0000000000),
	('mathArenaMarket', 'marketStatsLong', 'CC1', 1, 22, -1000000000.0000000000),
	('mathArenaMarket', 'marketStatsLong', 'CC1', 0, 23, -1000000000.0000000000),
	('mathArenaMarket', 'marketStatsLong', 'CC1', 1, 23, -1000000000.0000000000),
	('mathArenaMarket', 'marketStatsLong', 'CC1', 0, 24, -1000000000.0000000000),
	('mathArenaMarket', 'marketStatsLong', 'CC1', 1, 24, -1000000000.0000000000),
	('mathArenaMarket', 'marketStatsLong', 'CC1', 0, 25, -1000000000.0000000000),
	('mathArenaMarket', 'marketStatsLong', 'CC1', 1, 25, -1000000000.0000000000),
	('mathArenaMarket', 'marketStatsLong', 'CC1', 0, 26, -1000000000.0000000000),
	('mathArenaMarket', 'marketStatsLong', 'CC1', 1, 26, -1000000000.0000000000),
	('mathArenaMarket', 'marketStatsLong', 'CC1', 0, 27, -1000000000.0000000000),
	('mathArenaMarket', 'marketStatsLong', 'CC1', 1, 27, -1000000000.0000000000),
	('mathArenaMarket', 'marketStatsLong', 'CC1', 0, 28, -1000000000.0000000000),
	('mathArenaMarket', 'marketStatsLong', 'CC1', 1, 28, -1000000000.0000000000),
	('mathArenaMarket', 'marketStatsLong', 'CC1', 0, 29, -1000000000.0000000000),
	('mathArenaMarket', 'marketStatsLong', 'CC1', 1, 29, -1000000000.0000000000),
	('mathArenaMarket', 'marketStatsLong', 'CC1', 0, 30, -1000000000.0000000000),
	('mathArenaMarket', 'marketStatsLong', 'CC1', 1, 30, -1000000000.0000000000),
	('mathArenaMarket', 'marketStatsLong', 'CC1', 0, 31, -1000000000.0000000000),
	('mathArenaMarket', 'marketStatsLong', 'CC1', 1, 31, -1000000000.0000000000),
	('mathArenaMarket', 'marketStatsLong', 'CC1', 0, 32, -1000000000.0000000000),
	('mathArenaMarket', 'marketStatsLong', 'CC1', 1, 32, -1000000000.0000000000),
	('mathArenaMarket', 'marketStatsLong', 'CC1', 0, 33, -1000000000.0000000000),
	('mathArenaMarket', 'marketStatsLong', 'CC1', 1, 33, -1000000000.0000000000),
	('mathArenaMarket', 'marketStatsLong', 'CC1', 0, 34, -1000000000.0000000000),
	('mathArenaMarket', 'marketStatsLong', 'CC1', 1, 34, -1000000000.0000000000),
	('mathArenaMarket', 'marketStatsLong', 'CC1', 0, 35, -1000000000.0000000000),
	('mathArenaMarket', 'marketStatsLong', 'CC1', 1, 35, -1000000000.0000000000),
	('mathArenaMarket', 'marketStatsLong', 'CC1', 0, 36, -1000000000.0000000000),
	('mathArenaMarket', 'marketStatsLong', 'CC1', 1, 36, -1000000000.0000000000),
	('mathArenaMarket', 'marketStatsLong', 'CC1', 0, 37, -1000000000.0000000000),
	('mathArenaMarket', 'marketStatsLong', 'CC1', 1, 37, -1000000000.0000000000),
	('mathArenaMarket', 'marketStatsLong', 'CC1', 0, 38, -1000000000.0000000000),
	('mathArenaMarket', 'marketStatsLong', 'CC1', 1, 38, -1000000000.0000000000),
	('mathArenaMarket', 'marketStatsLong', 'CC1', 0, 39, -1000000000.0000000000),
	('mathArenaMarket', 'marketStatsLong', 'CC1', 1, 39, -1000000000.0000000000),
	('mathArenaMarket', 'marketStatsLong', 'CC1', 0, 40, -1000000000.0000000000),
	('mathArenaMarket', 'marketStatsLong', 'CC1', 1, 40, -1000000000.0000000000),
	('mathArenaMarket', 'marketStatsLong', 'CC1', 0, 41, -1000000000.0000000000),
	('mathArenaMarket', 'marketStatsLong', 'CC1', 1, 41, -1000000000.0000000000),
	('mathArenaMarket', 'marketStatsLong', 'CC1', 0, 42, -1000000000.0000000000),
	('mathArenaMarket', 'marketStatsLong', 'CC1', 1, 42, -1000000000.0000000000),
	('mathArenaMarket', 'marketStatsLong', 'CC1', 0, 43, -1000000000.0000000000),
	('mathArenaMarket', 'marketStatsLong', 'CC1', 1, 43, -1000000000.0000000000),
	('mathArenaMarket', 'marketStatsLong', 'CC1', 0, 44, -1000000000.0000000000),
	('mathArenaMarket', 'marketStatsLong', 'CC1', 1, 44, -1000000000.0000000000),
	('mathArenaMarket', 'marketStatsLong', 'CC1', 0, 45, -1000000000.0000000000),
	('mathArenaMarket', 'marketStatsLong', 'CC1', 1, 45, -1000000000.0000000000),
	('mathArenaMarket', 'marketStatsLong', 'CC1', 0, 46, -1000000000.0000000000),
	('mathArenaMarket', 'marketStatsLong', 'CC1', 1, 46, -1000000000.0000000000),
	('mathArenaMarket', 'marketStatsLong', 'CC1', 0, 47, -1000000000.0000000000),
	('mathArenaMarket', 'marketStatsLong', 'CC1', 1, 47, -1000000000.0000000000),
	('mathArenaMarket', 'marketStatsLong', 'CC1', 0, 48, -1000000000.0000000000),
	('mathArenaMarket', 'marketStatsLong', 'CC1', 1, 48, -1000000000.0000000000),
	('mathArenaMarket', 'marketStatsLong', 'CC1', 0, 49, -1000000000.0000000000),
	('mathArenaMarket', 'marketStatsLong', 'CC1', 1, 49, -1000000000.0000000000),
	('mathArenaMarket', 'marketStatsLong', 'CC2', 0, 0, -1000000000.0000000000),
	('mathArenaMarket', 'marketStatsLong', 'CC2', 1, 0, -1000000000.0000000000),
	('mathArenaMarket', 'marketStatsLong', 'CC2', 0, 1, -1000000000.0000000000),
	('mathArenaMarket', 'marketStatsLong', 'CC2', 1, 1, -1000000000.0000000000),
	('mathArenaMarket', 'marketStatsLong', 'CC2', 0, 2, -1000000000.0000000000),
	('mathArenaMarket', 'marketStatsLong', 'CC2', 1, 2, -1000000000.0000000000),
	('mathArenaMarket', 'marketStatsLong', 'CC2', 0, 3, -1000000000.0000000000),
	('mathArenaMarket', 'marketStatsLong', 'CC2', 1, 3, -1000000000.0000000000),
	('mathArenaMarket', 'marketStatsLong', 'CC2', 0, 4, -1000000000.0000000000),
	('mathArenaMarket', 'marketStatsLong', 'CC2', 1, 4, -1000000000.0000000000),
	('mathArenaMarket', 'marketStatsLong', 'CC2', 0, 5, -1000000000.0000000000),
	('mathArenaMarket', 'marketStatsLong', 'CC2', 1, 5, -1000000000.0000000000),
	('mathArenaMarket', 'marketStatsLong', 'CC2', 0, 6, -1000000000.0000000000),
	('mathArenaMarket', 'marketStatsLong', 'CC2', 1, 6, -1000000000.0000000000),
	('mathArenaMarket', 'marketStatsLong', 'CC2', 0, 7, -1000000000.0000000000),
	('mathArenaMarket', 'marketStatsLong', 'CC2', 1, 7, -1000000000.0000000000),
	('mathArenaMarket', 'marketStatsLong', 'CC2', 0, 8, -1000000000.0000000000),
	('mathArenaMarket', 'marketStatsLong', 'CC2', 1, 8, -1000000000.0000000000),
	('mathArenaMarket', 'marketStatsLong', 'CC2', 0, 9, -1000000000.0000000000),
	('mathArenaMarket', 'marketStatsLong', 'CC2', 1, 9, -1000000000.0000000000),
	('mathArenaMarket', 'marketStatsLong', 'CC2', 0, 10, -1000000000.0000000000),
	('mathArenaMarket', 'marketStatsLong', 'CC2', 1, 10, -1000000000.0000000000),
	('mathArenaMarket', 'marketStatsLong', 'CC2', 0, 11, -1000000000.0000000000),
	('mathArenaMarket', 'marketStatsLong', 'CC2', 1, 11, -1000000000.0000000000),
	('mathArenaMarket', 'marketStatsLong', 'CC2', 0, 12, -1000000000.0000000000),
	('mathArenaMarket', 'marketStatsLong', 'CC2', 1, 12, -1000000000.0000000000),
	('mathArenaMarket', 'marketStatsLong', 'CC2', 0, 13, -1000000000.0000000000),
	('mathArenaMarket', 'marketStatsLong', 'CC2', 1, 13, -1000000000.0000000000),
	('mathArenaMarket', 'marketStatsLong', 'CC2', 0, 14, -1000000000.0000000000),
	('mathArenaMarket', 'marketStatsLong', 'CC2', 1, 14, -1000000000.0000000000),
	('mathArenaMarket', 'marketStatsLong', 'CC2', 0, 15, -1000000000.0000000000),
	('mathArenaMarket', 'marketStatsLong', 'CC2', 1, 15, -1000000000.0000000000),
	('mathArenaMarket', 'marketStatsLong', 'CC2', 0, 16, -1000000000.0000000000),
	('mathArenaMarket', 'marketStatsLong', 'CC2', 1, 16, -1000000000.0000000000),
	('mathArenaMarket', 'marketStatsLong', 'CC2', 0, 17, -1000000000.0000000000),
	('mathArenaMarket', 'marketStatsLong', 'CC2', 1, 17, -1000000000.0000000000),
	('mathArenaMarket', 'marketStatsLong', 'CC2', 0, 18, -1000000000.0000000000),
	('mathArenaMarket', 'marketStatsLong', 'CC2', 1, 18, -1000000000.0000000000),
	('mathArenaMarket', 'marketStatsLong', 'CC2', 0, 19, -1000000000.0000000000),
	('mathArenaMarket', 'marketStatsLong', 'CC2', 1, 19, -1000000000.0000000000),
	('mathArenaMarket', 'marketStatsLong', 'CC2', 0, 20, -1000000000.0000000000),
	('mathArenaMarket', 'marketStatsLong', 'CC2', 1, 20, -1000000000.0000000000),
	('mathArenaMarket', 'marketStatsLong', 'CC2', 0, 21, -1000000000.0000000000),
	('mathArenaMarket', 'marketStatsLong', 'CC2', 1, 21, -1000000000.0000000000),
	('mathArenaMarket', 'marketStatsLong', 'CC2', 0, 22, -1000000000.0000000000),
	('mathArenaMarket', 'marketStatsLong', 'CC2', 1, 22, -1000000000.0000000000),
	('mathArenaMarket', 'marketStatsLong', 'CC2', 0, 23, -1000000000.0000000000),
	('mathArenaMarket', 'marketStatsLong', 'CC2', 1, 23, -1000000000.0000000000),
	('mathArenaMarket', 'marketStatsLong', 'CC2', 0, 24, -1000000000.0000000000),
	('mathArenaMarket', 'marketStatsLong', 'CC2', 1, 24, -1000000000.0000000000),
	('mathArenaMarket', 'marketStatsLong', 'CC2', 0, 25, -1000000000.0000000000),
	('mathArenaMarket', 'marketStatsLong', 'CC2', 1, 25, -1000000000.0000000000),
	('mathArenaMarket', 'marketStatsLong', 'CC2', 0, 26, -1000000000.0000000000),
	('mathArenaMarket', 'marketStatsLong', 'CC2', 1, 26, -1000000000.0000000000),
	('mathArenaMarket', 'marketStatsLong', 'CC2', 0, 27, -1000000000.0000000000),
	('mathArenaMarket', 'marketStatsLong', 'CC2', 1, 27, -1000000000.0000000000),
	('mathArenaMarket', 'marketStatsLong', 'CC2', 0, 28, -1000000000.0000000000),
	('mathArenaMarket', 'marketStatsLong', 'CC2', 1, 28, -1000000000.0000000000),
	('mathArenaMarket', 'marketStatsLong', 'CC2', 0, 29, -1000000000.0000000000),
	('mathArenaMarket', 'marketStatsLong', 'CC2', 1, 29, -1000000000.0000000000),
	('mathArenaMarket', 'marketStatsLong', 'CC2', 0, 30, -1000000000.0000000000),
	('mathArenaMarket', 'marketStatsLong', 'CC2', 1, 30, -1000000000.0000000000),
	('mathArenaMarket', 'marketStatsLong', 'CC2', 0, 31, -1000000000.0000000000),
	('mathArenaMarket', 'marketStatsLong', 'CC2', 1, 31, -1000000000.0000000000),
	('mathArenaMarket', 'marketStatsLong', 'CC2', 0, 32, -1000000000.0000000000),
	('mathArenaMarket', 'marketStatsLong', 'CC2', 1, 32, -1000000000.0000000000),
	('mathArenaMarket', 'marketStatsLong', 'CC2', 0, 33, -1000000000.0000000000),
	('mathArenaMarket', 'marketStatsLong', 'CC2', 1, 33, -1000000000.0000000000),
	('mathArenaMarket', 'marketStatsLong', 'CC2', 0, 34, -1000000000.0000000000),
	('mathArenaMarket', 'marketStatsLong', 'CC2', 1, 34, -1000000000.0000000000),
	('mathArenaMarket', 'marketStatsLong', 'CC2', 0, 35, -1000000000.0000000000),
	('mathArenaMarket', 'marketStatsLong', 'CC2', 1, 35, -1000000000.0000000000),
	('mathArenaMarket', 'marketStatsLong', 'CC2', 0, 36, -1000000000.0000000000),
	('mathArenaMarket', 'marketStatsLong', 'CC2', 1, 36, -1000000000.0000000000),
	('mathArenaMarket', 'marketStatsLong', 'CC2', 0, 37, -1000000000.0000000000),
	('mathArenaMarket', 'marketStatsLong', 'CC2', 1, 37, -1000000000.0000000000),
	('mathArenaMarket', 'marketStatsLong', 'CC2', 0, 38, -1000000000.0000000000),
	('mathArenaMarket', 'marketStatsLong', 'CC2', 1, 38, -1000000000.0000000000),
	('mathArenaMarket', 'marketStatsLong', 'CC2', 0, 39, -1000000000.0000000000),
	('mathArenaMarket', 'marketStatsLong', 'CC2', 1, 39, -1000000000.0000000000),
	('mathArenaMarket', 'marketStatsLong', 'CC2', 0, 40, -1000000000.0000000000),
	('mathArenaMarket', 'marketStatsLong', 'CC2', 1, 40, -1000000000.0000000000),
	('mathArenaMarket', 'marketStatsLong', 'CC2', 0, 41, -1000000000.0000000000),
	('mathArenaMarket', 'marketStatsLong', 'CC2', 1, 41, -1000000000.0000000000),
	('mathArenaMarket', 'marketStatsLong', 'CC2', 0, 42, -1000000000.0000000000),
	('mathArenaMarket', 'marketStatsLong', 'CC2', 1, 42, -1000000000.0000000000),
	('mathArenaMarket', 'marketStatsLong', 'CC2', 0, 43, -1000000000.0000000000),
	('mathArenaMarket', 'marketStatsLong', 'CC2', 1, 43, -1000000000.0000000000),
	('mathArenaMarket', 'marketStatsLong', 'CC2', 0, 44, -1000000000.0000000000),
	('mathArenaMarket', 'marketStatsLong', 'CC2', 1, 44, -1000000000.0000000000),
	('mathArenaMarket', 'marketStatsLong', 'CC2', 0, 45, -1000000000.0000000000),
	('mathArenaMarket', 'marketStatsLong', 'CC2', 1, 45, -1000000000.0000000000),
	('mathArenaMarket', 'marketStatsLong', 'CC2', 0, 46, -1000000000.0000000000),
	('mathArenaMarket', 'marketStatsLong', 'CC2', 1, 46, -1000000000.0000000000),
	('mathArenaMarket', 'marketStatsLong', 'CC2', 0, 47, -1000000000.0000000000),
	('mathArenaMarket', 'marketStatsLong', 'CC2', 1, 47, -1000000000.0000000000),
	('mathArenaMarket', 'marketStatsLong', 'CC2', 0, 48, -1000000000.0000000000),
	('mathArenaMarket', 'marketStatsLong', 'CC2', 1, 48, -1000000000.0000000000),
	('mathArenaMarket', 'marketStatsLong', 'CC2', 0, 49, -1000000000.0000000000),
	('mathArenaMarket', 'marketStatsLong', 'CC2', 1, 49, -1000000000.0000000000),
	('mathArenaMarket', 'marketStatsLong', 'CC3', 0, 0, -1000000000.0000000000),
	('mathArenaMarket', 'marketStatsLong', 'CC3', 1, 0, -1000000000.0000000000),
	('mathArenaMarket', 'marketStatsLong', 'CC3', 0, 1, -1000000000.0000000000),
	('mathArenaMarket', 'marketStatsLong', 'CC3', 1, 1, -1000000000.0000000000),
	('mathArenaMarket', 'marketStatsLong', 'CC3', 0, 2, -1000000000.0000000000),
	('mathArenaMarket', 'marketStatsLong', 'CC3', 1, 2, -1000000000.0000000000),
	('mathArenaMarket', 'marketStatsLong', 'CC3', 0, 3, -1000000000.0000000000),
	('mathArenaMarket', 'marketStatsLong', 'CC3', 1, 3, -1000000000.0000000000),
	('mathArenaMarket', 'marketStatsLong', 'CC3', 0, 4, -1000000000.0000000000),
	('mathArenaMarket', 'marketStatsLong', 'CC3', 1, 4, -1000000000.0000000000),
	('mathArenaMarket', 'marketStatsLong', 'CC3', 0, 5, -1000000000.0000000000),
	('mathArenaMarket', 'marketStatsLong', 'CC3', 1, 5, -1000000000.0000000000),
	('mathArenaMarket', 'marketStatsLong', 'CC3', 0, 6, -1000000000.0000000000),
	('mathArenaMarket', 'marketStatsLong', 'CC3', 1, 6, -1000000000.0000000000),
	('mathArenaMarket', 'marketStatsLong', 'CC3', 0, 7, -1000000000.0000000000),
	('mathArenaMarket', 'marketStatsLong', 'CC3', 1, 7, -1000000000.0000000000),
	('mathArenaMarket', 'marketStatsLong', 'CC3', 0, 8, -1000000000.0000000000),
	('mathArenaMarket', 'marketStatsLong', 'CC3', 1, 8, -1000000000.0000000000),
	('mathArenaMarket', 'marketStatsLong', 'CC3', 0, 9, -1000000000.0000000000),
	('mathArenaMarket', 'marketStatsLong', 'CC3', 1, 9, -1000000000.0000000000),
	('mathArenaMarket', 'marketStatsLong', 'CC3', 0, 10, -1000000000.0000000000),
	('mathArenaMarket', 'marketStatsLong', 'CC3', 1, 10, -1000000000.0000000000),
	('mathArenaMarket', 'marketStatsLong', 'CC3', 0, 11, -1000000000.0000000000),
	('mathArenaMarket', 'marketStatsLong', 'CC3', 1, 11, -1000000000.0000000000),
	('mathArenaMarket', 'marketStatsLong', 'CC3', 0, 12, -1000000000.0000000000),
	('mathArenaMarket', 'marketStatsLong', 'CC3', 1, 12, -1000000000.0000000000),
	('mathArenaMarket', 'marketStatsLong', 'CC3', 0, 13, -1000000000.0000000000),
	('mathArenaMarket', 'marketStatsLong', 'CC3', 1, 13, -1000000000.0000000000),
	('mathArenaMarket', 'marketStatsLong', 'CC3', 0, 14, -1000000000.0000000000),
	('mathArenaMarket', 'marketStatsLong', 'CC3', 1, 14, -1000000000.0000000000),
	('mathArenaMarket', 'marketStatsLong', 'CC3', 0, 15, -1000000000.0000000000),
	('mathArenaMarket', 'marketStatsLong', 'CC3', 1, 15, -1000000000.0000000000),
	('mathArenaMarket', 'marketStatsLong', 'CC3', 0, 16, -1000000000.0000000000),
	('mathArenaMarket', 'marketStatsLong', 'CC3', 1, 16, -1000000000.0000000000),
	('mathArenaMarket', 'marketStatsLong', 'CC3', 0, 17, -1000000000.0000000000),
	('mathArenaMarket', 'marketStatsLong', 'CC3', 1, 17, -1000000000.0000000000),
	('mathArenaMarket', 'marketStatsLong', 'CC3', 0, 18, -1000000000.0000000000),
	('mathArenaMarket', 'marketStatsLong', 'CC3', 1, 18, -1000000000.0000000000),
	('mathArenaMarket', 'marketStatsLong', 'CC3', 0, 19, -1000000000.0000000000),
	('mathArenaMarket', 'marketStatsLong', 'CC3', 1, 19, -1000000000.0000000000),
	('mathArenaMarket', 'marketStatsLong', 'CC3', 0, 20, -1000000000.0000000000),
	('mathArenaMarket', 'marketStatsLong', 'CC3', 1, 20, -1000000000.0000000000),
	('mathArenaMarket', 'marketStatsLong', 'CC3', 0, 21, -1000000000.0000000000),
	('mathArenaMarket', 'marketStatsLong', 'CC3', 1, 21, -1000000000.0000000000),
	('mathArenaMarket', 'marketStatsLong', 'CC3', 0, 22, -1000000000.0000000000),
	('mathArenaMarket', 'marketStatsLong', 'CC3', 1, 22, -1000000000.0000000000),
	('mathArenaMarket', 'marketStatsLong', 'CC3', 0, 23, -1000000000.0000000000),
	('mathArenaMarket', 'marketStatsLong', 'CC3', 1, 23, -1000000000.0000000000),
	('mathArenaMarket', 'marketStatsLong', 'CC3', 0, 24, -1000000000.0000000000),
	('mathArenaMarket', 'marketStatsLong', 'CC3', 1, 24, -1000000000.0000000000),
	('mathArenaMarket', 'marketStatsLong', 'CC3', 0, 25, -1000000000.0000000000),
	('mathArenaMarket', 'marketStatsLong', 'CC3', 1, 25, -1000000000.0000000000),
	('mathArenaMarket', 'marketStatsLong', 'CC3', 0, 26, -1000000000.0000000000),
	('mathArenaMarket', 'marketStatsLong', 'CC3', 1, 26, -1000000000.0000000000),
	('mathArenaMarket', 'marketStatsLong', 'CC3', 0, 27, -1000000000.0000000000),
	('mathArenaMarket', 'marketStatsLong', 'CC3', 1, 27, -1000000000.0000000000),
	('mathArenaMarket', 'marketStatsLong', 'CC3', 0, 28, -1000000000.0000000000),
	('mathArenaMarket', 'marketStatsLong', 'CC3', 1, 28, -1000000000.0000000000),
	('mathArenaMarket', 'marketStatsLong', 'CC3', 0, 29, -1000000000.0000000000),
	('mathArenaMarket', 'marketStatsLong', 'CC3', 1, 29, -1000000000.0000000000),
	('mathArenaMarket', 'marketStatsLong', 'CC3', 0, 30, -1000000000.0000000000),
	('mathArenaMarket', 'marketStatsLong', 'CC3', 1, 30, -1000000000.0000000000),
	('mathArenaMarket', 'marketStatsLong', 'CC3', 0, 31, -1000000000.0000000000),
	('mathArenaMarket', 'marketStatsLong', 'CC3', 1, 31, -1000000000.0000000000),
	('mathArenaMarket', 'marketStatsLong', 'CC3', 0, 32, -1000000000.0000000000),
	('mathArenaMarket', 'marketStatsLong', 'CC3', 1, 32, -1000000000.0000000000),
	('mathArenaMarket', 'marketStatsLong', 'CC3', 0, 33, -1000000000.0000000000),
	('mathArenaMarket', 'marketStatsLong', 'CC3', 1, 33, -1000000000.0000000000),
	('mathArenaMarket', 'marketStatsLong', 'CC3', 0, 34, -1000000000.0000000000),
	('mathArenaMarket', 'marketStatsLong', 'CC3', 1, 34, -1000000000.0000000000),
	('mathArenaMarket', 'marketStatsLong', 'CC3', 0, 35, -1000000000.0000000000),
	('mathArenaMarket', 'marketStatsLong', 'CC3', 1, 35, -1000000000.0000000000),
	('mathArenaMarket', 'marketStatsLong', 'CC3', 0, 36, -1000000000.0000000000),
	('mathArenaMarket', 'marketStatsLong', 'CC3', 1, 36, -1000000000.0000000000),
	('mathArenaMarket', 'marketStatsLong', 'CC3', 0, 37, -1000000000.0000000000),
	('mathArenaMarket', 'marketStatsLong', 'CC3', 1, 37, -1000000000.0000000000),
	('mathArenaMarket', 'marketStatsLong', 'CC3', 0, 38, -1000000000.0000000000),
	('mathArenaMarket', 'marketStatsLong', 'CC3', 1, 38, -1000000000.0000000000),
	('mathArenaMarket', 'marketStatsLong', 'CC3', 0, 39, -1000000000.0000000000),
	('mathArenaMarket', 'marketStatsLong', 'CC3', 1, 39, -1000000000.0000000000),
	('mathArenaMarket', 'marketStatsLong', 'CC3', 0, 40, -1000000000.0000000000),
	('mathArenaMarket', 'marketStatsLong', 'CC3', 1, 40, -1000000000.0000000000),
	('mathArenaMarket', 'marketStatsLong', 'CC3', 0, 41, -1000000000.0000000000),
	('mathArenaMarket', 'marketStatsLong', 'CC3', 1, 41, -1000000000.0000000000),
	('mathArenaMarket', 'marketStatsLong', 'CC3', 0, 42, -1000000000.0000000000),
	('mathArenaMarket', 'marketStatsLong', 'CC3', 1, 42, -1000000000.0000000000),
	('mathArenaMarket', 'marketStatsLong', 'CC3', 0, 43, -1000000000.0000000000),
	('mathArenaMarket', 'marketStatsLong', 'CC3', 1, 43, -1000000000.0000000000),
	('mathArenaMarket', 'marketStatsLong', 'CC3', 0, 44, -1000000000.0000000000),
	('mathArenaMarket', 'marketStatsLong', 'CC3', 1, 44, -1000000000.0000000000),
	('mathArenaMarket', 'marketStatsLong', 'CC3', 0, 45, -1000000000.0000000000),
	('mathArenaMarket', 'marketStatsLong', 'CC3', 1, 45, -1000000000.0000000000),
	('mathArenaMarket', 'marketStatsLong', 'CC3', 0, 46, -1000000000.0000000000),
	('mathArenaMarket', 'marketStatsLong', 'CC3', 1, 46, -1000000000.0000000000),
	('mathArenaMarket', 'marketStatsLong', 'CC3', 0, 47, -1000000000.0000000000),
	('mathArenaMarket', 'marketStatsLong', 'CC3', 1, 47, -1000000000.0000000000),
	('mathArenaMarket', 'marketStatsLong', 'CC3', 0, 48, -1000000000.0000000000),
	('mathArenaMarket', 'marketStatsLong', 'CC3', 1, 48, -1000000000.0000000000),
	('mathArenaMarket', 'marketStatsLong', 'CC3', 0, 49, -1000000000.0000000000),
	('mathArenaMarket', 'marketStatsLong', 'CC3', 1, 49, -1000000000.0000000000),
	('mathArenaMarket', 'marketStatsLong', 'CC4', 0, 0, -1000000000.0000000000),
	('mathArenaMarket', 'marketStatsLong', 'CC4', 1, 0, -1000000000.0000000000),
	('mathArenaMarket', 'marketStatsLong', 'CC4', 0, 1, -1000000000.0000000000),
	('mathArenaMarket', 'marketStatsLong', 'CC4', 1, 1, -1000000000.0000000000),
	('mathArenaMarket', 'marketStatsLong', 'CC4', 0, 2, -1000000000.0000000000),
	('mathArenaMarket', 'marketStatsLong', 'CC4', 1, 2, -1000000000.0000000000),
	('mathArenaMarket', 'marketStatsLong', 'CC4', 0, 3, -1000000000.0000000000),
	('mathArenaMarket', 'marketStatsLong', 'CC4', 1, 3, -1000000000.0000000000),
	('mathArenaMarket', 'marketStatsLong', 'CC4', 0, 4, -1000000000.0000000000),
	('mathArenaMarket', 'marketStatsLong', 'CC4', 1, 4, -1000000000.0000000000),
	('mathArenaMarket', 'marketStatsLong', 'CC4', 0, 5, -1000000000.0000000000),
	('mathArenaMarket', 'marketStatsLong', 'CC4', 1, 5, -1000000000.0000000000),
	('mathArenaMarket', 'marketStatsLong', 'CC4', 0, 6, -1000000000.0000000000),
	('mathArenaMarket', 'marketStatsLong', 'CC4', 1, 6, -1000000000.0000000000),
	('mathArenaMarket', 'marketStatsLong', 'CC4', 0, 7, -1000000000.0000000000),
	('mathArenaMarket', 'marketStatsLong', 'CC4', 1, 7, -1000000000.0000000000),
	('mathArenaMarket', 'marketStatsLong', 'CC4', 0, 8, -1000000000.0000000000),
	('mathArenaMarket', 'marketStatsLong', 'CC4', 1, 8, -1000000000.0000000000),
	('mathArenaMarket', 'marketStatsLong', 'CC4', 0, 9, -1000000000.0000000000),
	('mathArenaMarket', 'marketStatsLong', 'CC4', 1, 9, -1000000000.0000000000),
	('mathArenaMarket', 'marketStatsLong', 'CC4', 0, 10, -1000000000.0000000000),
	('mathArenaMarket', 'marketStatsLong', 'CC4', 1, 10, -1000000000.0000000000),
	('mathArenaMarket', 'marketStatsLong', 'CC4', 0, 11, -1000000000.0000000000),
	('mathArenaMarket', 'marketStatsLong', 'CC4', 1, 11, -1000000000.0000000000),
	('mathArenaMarket', 'marketStatsLong', 'CC4', 0, 12, -1000000000.0000000000),
	('mathArenaMarket', 'marketStatsLong', 'CC4', 1, 12, -1000000000.0000000000),
	('mathArenaMarket', 'marketStatsLong', 'CC4', 0, 13, -1000000000.0000000000),
	('mathArenaMarket', 'marketStatsLong', 'CC4', 1, 13, -1000000000.0000000000),
	('mathArenaMarket', 'marketStatsLong', 'CC4', 0, 14, -1000000000.0000000000),
	('mathArenaMarket', 'marketStatsLong', 'CC4', 1, 14, -1000000000.0000000000),
	('mathArenaMarket', 'marketStatsLong', 'CC4', 0, 15, -1000000000.0000000000),
	('mathArenaMarket', 'marketStatsLong', 'CC4', 1, 15, -1000000000.0000000000),
	('mathArenaMarket', 'marketStatsLong', 'CC4', 0, 16, -1000000000.0000000000),
	('mathArenaMarket', 'marketStatsLong', 'CC4', 1, 16, -1000000000.0000000000),
	('mathArenaMarket', 'marketStatsLong', 'CC4', 0, 17, -1000000000.0000000000),
	('mathArenaMarket', 'marketStatsLong', 'CC4', 1, 17, -1000000000.0000000000),
	('mathArenaMarket', 'marketStatsLong', 'CC4', 0, 18, -1000000000.0000000000),
	('mathArenaMarket', 'marketStatsLong', 'CC4', 1, 18, -1000000000.0000000000),
	('mathArenaMarket', 'marketStatsLong', 'CC4', 0, 19, -1000000000.0000000000),
	('mathArenaMarket', 'marketStatsLong', 'CC4', 1, 19, -1000000000.0000000000),
	('mathArenaMarket', 'marketStatsLong', 'CC4', 0, 20, -1000000000.0000000000),
	('mathArenaMarket', 'marketStatsLong', 'CC4', 1, 20, -1000000000.0000000000),
	('mathArenaMarket', 'marketStatsLong', 'CC4', 0, 21, -1000000000.0000000000),
	('mathArenaMarket', 'marketStatsLong', 'CC4', 1, 21, -1000000000.0000000000),
	('mathArenaMarket', 'marketStatsLong', 'CC4', 0, 22, -1000000000.0000000000),
	('mathArenaMarket', 'marketStatsLong', 'CC4', 1, 22, -1000000000.0000000000),
	('mathArenaMarket', 'marketStatsLong', 'CC4', 0, 23, -1000000000.0000000000),
	('mathArenaMarket', 'marketStatsLong', 'CC4', 1, 23, -1000000000.0000000000),
	('mathArenaMarket', 'marketStatsLong', 'CC4', 0, 24, -1000000000.0000000000),
	('mathArenaMarket', 'marketStatsLong', 'CC4', 1, 24, -1000000000.0000000000),
	('mathArenaMarket', 'marketStatsLong', 'CC4', 0, 25, -1000000000.0000000000),
	('mathArenaMarket', 'marketStatsLong', 'CC4', 1, 25, -1000000000.0000000000),
	('mathArenaMarket', 'marketStatsLong', 'CC4', 0, 26, -1000000000.0000000000),
	('mathArenaMarket', 'marketStatsLong', 'CC4', 1, 26, -1000000000.0000000000),
	('mathArenaMarket', 'marketStatsLong', 'CC4', 0, 27, -1000000000.0000000000),
	('mathArenaMarket', 'marketStatsLong', 'CC4', 1, 27, -1000000000.0000000000),
	('mathArenaMarket', 'marketStatsLong', 'CC4', 0, 28, -1000000000.0000000000),
	('mathArenaMarket', 'marketStatsLong', 'CC4', 1, 28, -1000000000.0000000000),
	('mathArenaMarket', 'marketStatsLong', 'CC4', 0, 29, -1000000000.0000000000),
	('mathArenaMarket', 'marketStatsLong', 'CC4', 1, 29, -1000000000.0000000000),
	('mathArenaMarket', 'marketStatsLong', 'CC4', 0, 30, -1000000000.0000000000),
	('mathArenaMarket', 'marketStatsLong', 'CC4', 1, 30, -1000000000.0000000000),
	('mathArenaMarket', 'marketStatsLong', 'CC4', 0, 31, -1000000000.0000000000),
	('mathArenaMarket', 'marketStatsLong', 'CC4', 1, 31, -1000000000.0000000000),
	('mathArenaMarket', 'marketStatsLong', 'CC4', 0, 32, -1000000000.0000000000),
	('mathArenaMarket', 'marketStatsLong', 'CC4', 1, 32, -1000000000.0000000000),
	('mathArenaMarket', 'marketStatsLong', 'CC4', 0, 33, -1000000000.0000000000),
	('mathArenaMarket', 'marketStatsLong', 'CC4', 1, 33, -1000000000.0000000000),
	('mathArenaMarket', 'marketStatsLong', 'CC4', 0, 34, -1000000000.0000000000),
	('mathArenaMarket', 'marketStatsLong', 'CC4', 1, 34, -1000000000.0000000000),
	('mathArenaMarket', 'marketStatsLong', 'CC4', 0, 35, -1000000000.0000000000),
	('mathArenaMarket', 'marketStatsLong', 'CC4', 1, 35, -1000000000.0000000000),
	('mathArenaMarket', 'marketStatsLong', 'CC4', 0, 36, -1000000000.0000000000),
	('mathArenaMarket', 'marketStatsLong', 'CC4', 1, 36, -1000000000.0000000000),
	('mathArenaMarket', 'marketStatsLong', 'CC4', 0, 37, -1000000000.0000000000),
	('mathArenaMarket', 'marketStatsLong', 'CC4', 1, 37, -1000000000.0000000000),
	('mathArenaMarket', 'marketStatsLong', 'CC4', 0, 38, -1000000000.0000000000),
	('mathArenaMarket', 'marketStatsLong', 'CC4', 1, 38, -1000000000.0000000000),
	('mathArenaMarket', 'marketStatsLong', 'CC4', 0, 39, -1000000000.0000000000),
	('mathArenaMarket', 'marketStatsLong', 'CC4', 1, 39, -1000000000.0000000000),
	('mathArenaMarket', 'marketStatsLong', 'CC4', 0, 40, -1000000000.0000000000),
	('mathArenaMarket', 'marketStatsLong', 'CC4', 1, 40, -1000000000.0000000000),
	('mathArenaMarket', 'marketStatsLong', 'CC4', 0, 41, -1000000000.0000000000),
	('mathArenaMarket', 'marketStatsLong', 'CC4', 1, 41, -1000000000.0000000000),
	('mathArenaMarket', 'marketStatsLong', 'CC4', 0, 42, -1000000000.0000000000),
	('mathArenaMarket', 'marketStatsLong', 'CC4', 1, 42, -1000000000.0000000000),
	('mathArenaMarket', 'marketStatsLong', 'CC4', 0, 43, -1000000000.0000000000),
	('mathArenaMarket', 'marketStatsLong', 'CC4', 1, 43, -1000000000.0000000000),
	('mathArenaMarket', 'marketStatsLong', 'CC4', 0, 44, -1000000000.0000000000),
	('mathArenaMarket', 'marketStatsLong', 'CC4', 1, 44, -1000000000.0000000000),
	('mathArenaMarket', 'marketStatsLong', 'CC4', 0, 45, -1000000000.0000000000),
	('mathArenaMarket', 'marketStatsLong', 'CC4', 1, 45, -1000000000.0000000000),
	('mathArenaMarket', 'marketStatsLong', 'CC4', 0, 46, -1000000000.0000000000),
	('mathArenaMarket', 'marketStatsLong', 'CC4', 1, 46, -1000000000.0000000000),
	('mathArenaMarket', 'marketStatsLong', 'CC4', 0, 47, -1000000000.0000000000),
	('mathArenaMarket', 'marketStatsLong', 'CC4', 1, 47, -1000000000.0000000000),
	('mathArenaMarket', 'marketStatsLong', 'CC4', 0, 48, -1000000000.0000000000),
	('mathArenaMarket', 'marketStatsLong', 'CC4', 1, 48, -1000000000.0000000000),
	('mathArenaMarket', 'marketStatsLong', 'CC4', 0, 49, -1000000000.0000000000),
	('mathArenaMarket', 'marketStatsLong', 'CC4', 1, 49, -1000000000.0000000000),
	('mathArenaMarket', 'marketStatsLong', 'CC5', 0, 0, -1000000000.0000000000),
	('mathArenaMarket', 'marketStatsLong', 'CC5', 1, 0, -1000000000.0000000000),
	('mathArenaMarket', 'marketStatsLong', 'CC5', 0, 1, -1000000000.0000000000),
	('mathArenaMarket', 'marketStatsLong', 'CC5', 1, 1, -1000000000.0000000000),
	('mathArenaMarket', 'marketStatsLong', 'CC5', 0, 2, -1000000000.0000000000),
	('mathArenaMarket', 'marketStatsLong', 'CC5', 1, 2, -1000000000.0000000000),
	('mathArenaMarket', 'marketStatsLong', 'CC5', 0, 3, -1000000000.0000000000),
	('mathArenaMarket', 'marketStatsLong', 'CC5', 1, 3, -1000000000.0000000000),
	('mathArenaMarket', 'marketStatsLong', 'CC5', 0, 4, -1000000000.0000000000),
	('mathArenaMarket', 'marketStatsLong', 'CC5', 1, 4, -1000000000.0000000000),
	('mathArenaMarket', 'marketStatsLong', 'CC5', 0, 5, -1000000000.0000000000),
	('mathArenaMarket', 'marketStatsLong', 'CC5', 1, 5, -1000000000.0000000000),
	('mathArenaMarket', 'marketStatsLong', 'CC5', 0, 6, -1000000000.0000000000),
	('mathArenaMarket', 'marketStatsLong', 'CC5', 1, 6, -1000000000.0000000000),
	('mathArenaMarket', 'marketStatsLong', 'CC5', 0, 7, -1000000000.0000000000),
	('mathArenaMarket', 'marketStatsLong', 'CC5', 1, 7, -1000000000.0000000000),
	('mathArenaMarket', 'marketStatsLong', 'CC5', 0, 8, -1000000000.0000000000),
	('mathArenaMarket', 'marketStatsLong', 'CC5', 1, 8, -1000000000.0000000000),
	('mathArenaMarket', 'marketStatsLong', 'CC5', 0, 9, -1000000000.0000000000),
	('mathArenaMarket', 'marketStatsLong', 'CC5', 1, 9, -1000000000.0000000000),
	('mathArenaMarket', 'marketStatsLong', 'CC5', 0, 10, -1000000000.0000000000),
	('mathArenaMarket', 'marketStatsLong', 'CC5', 1, 10, -1000000000.0000000000),
	('mathArenaMarket', 'marketStatsLong', 'CC5', 0, 11, -1000000000.0000000000),
	('mathArenaMarket', 'marketStatsLong', 'CC5', 1, 11, -1000000000.0000000000),
	('mathArenaMarket', 'marketStatsLong', 'CC5', 0, 12, -1000000000.0000000000),
	('mathArenaMarket', 'marketStatsLong', 'CC5', 1, 12, -1000000000.0000000000),
	('mathArenaMarket', 'marketStatsLong', 'CC5', 0, 13, -1000000000.0000000000),
	('mathArenaMarket', 'marketStatsLong', 'CC5', 1, 13, -1000000000.0000000000),
	('mathArenaMarket', 'marketStatsLong', 'CC5', 0, 14, -1000000000.0000000000),
	('mathArenaMarket', 'marketStatsLong', 'CC5', 1, 14, -1000000000.0000000000),
	('mathArenaMarket', 'marketStatsLong', 'CC5', 0, 15, -1000000000.0000000000),
	('mathArenaMarket', 'marketStatsLong', 'CC5', 1, 15, -1000000000.0000000000),
	('mathArenaMarket', 'marketStatsLong', 'CC5', 0, 16, -1000000000.0000000000),
	('mathArenaMarket', 'marketStatsLong', 'CC5', 1, 16, -1000000000.0000000000),
	('mathArenaMarket', 'marketStatsLong', 'CC5', 0, 17, -1000000000.0000000000),
	('mathArenaMarket', 'marketStatsLong', 'CC5', 1, 17, -1000000000.0000000000),
	('mathArenaMarket', 'marketStatsLong', 'CC5', 0, 18, -1000000000.0000000000),
	('mathArenaMarket', 'marketStatsLong', 'CC5', 1, 18, -1000000000.0000000000),
	('mathArenaMarket', 'marketStatsLong', 'CC5', 0, 19, -1000000000.0000000000),
	('mathArenaMarket', 'marketStatsLong', 'CC5', 1, 19, -1000000000.0000000000),
	('mathArenaMarket', 'marketStatsLong', 'CC5', 0, 20, -1000000000.0000000000),
	('mathArenaMarket', 'marketStatsLong', 'CC5', 1, 20, -1000000000.0000000000),
	('mathArenaMarket', 'marketStatsLong', 'CC5', 0, 21, -1000000000.0000000000),
	('mathArenaMarket', 'marketStatsLong', 'CC5', 1, 21, -1000000000.0000000000),
	('mathArenaMarket', 'marketStatsLong', 'CC5', 0, 22, -1000000000.0000000000),
	('mathArenaMarket', 'marketStatsLong', 'CC5', 1, 22, -1000000000.0000000000),
	('mathArenaMarket', 'marketStatsLong', 'CC5', 0, 23, -1000000000.0000000000),
	('mathArenaMarket', 'marketStatsLong', 'CC5', 1, 23, -1000000000.0000000000),
	('mathArenaMarket', 'marketStatsLong', 'CC5', 0, 24, -1000000000.0000000000),
	('mathArenaMarket', 'marketStatsLong', 'CC5', 1, 24, -1000000000.0000000000),
	('mathArenaMarket', 'marketStatsLong', 'CC5', 0, 25, -1000000000.0000000000),
	('mathArenaMarket', 'marketStatsLong', 'CC5', 1, 25, -1000000000.0000000000),
	('mathArenaMarket', 'marketStatsLong', 'CC5', 0, 26, -1000000000.0000000000),
	('mathArenaMarket', 'marketStatsLong', 'CC5', 1, 26, -1000000000.0000000000),
	('mathArenaMarket', 'marketStatsLong', 'CC5', 0, 27, -1000000000.0000000000),
	('mathArenaMarket', 'marketStatsLong', 'CC5', 1, 27, -1000000000.0000000000),
	('mathArenaMarket', 'marketStatsLong', 'CC5', 0, 28, -1000000000.0000000000),
	('mathArenaMarket', 'marketStatsLong', 'CC5', 1, 28, -1000000000.0000000000),
	('mathArenaMarket', 'marketStatsLong', 'CC5', 0, 29, -1000000000.0000000000),
	('mathArenaMarket', 'marketStatsLong', 'CC5', 1, 29, -1000000000.0000000000),
	('mathArenaMarket', 'marketStatsLong', 'CC5', 0, 30, -1000000000.0000000000),
	('mathArenaMarket', 'marketStatsLong', 'CC5', 1, 30, -1000000000.0000000000),
	('mathArenaMarket', 'marketStatsLong', 'CC5', 0, 31, -1000000000.0000000000),
	('mathArenaMarket', 'marketStatsLong', 'CC5', 1, 31, -1000000000.0000000000),
	('mathArenaMarket', 'marketStatsLong', 'CC5', 0, 32, -1000000000.0000000000),
	('mathArenaMarket', 'marketStatsLong', 'CC5', 1, 32, -1000000000.0000000000),
	('mathArenaMarket', 'marketStatsLong', 'CC5', 0, 33, -1000000000.0000000000),
	('mathArenaMarket', 'marketStatsLong', 'CC5', 1, 33, -1000000000.0000000000),
	('mathArenaMarket', 'marketStatsLong', 'CC5', 0, 34, -1000000000.0000000000),
	('mathArenaMarket', 'marketStatsLong', 'CC5', 1, 34, -1000000000.0000000000),
	('mathArenaMarket', 'marketStatsLong', 'CC5', 0, 35, -1000000000.0000000000),
	('mathArenaMarket', 'marketStatsLong', 'CC5', 1, 35, -1000000000.0000000000),
	('mathArenaMarket', 'marketStatsLong', 'CC5', 0, 36, -1000000000.0000000000),
	('mathArenaMarket', 'marketStatsLong', 'CC5', 1, 36, -1000000000.0000000000),
	('mathArenaMarket', 'marketStatsLong', 'CC5', 0, 37, -1000000000.0000000000),
	('mathArenaMarket', 'marketStatsLong', 'CC5', 1, 37, -1000000000.0000000000),
	('mathArenaMarket', 'marketStatsLong', 'CC5', 0, 38, -1000000000.0000000000),
	('mathArenaMarket', 'marketStatsLong', 'CC5', 1, 38, -1000000000.0000000000),
	('mathArenaMarket', 'marketStatsLong', 'CC5', 0, 39, -1000000000.0000000000),
	('mathArenaMarket', 'marketStatsLong', 'CC5', 1, 39, -1000000000.0000000000),
	('mathArenaMarket', 'marketStatsLong', 'CC5', 0, 40, -1000000000.0000000000),
	('mathArenaMarket', 'marketStatsLong', 'CC5', 1, 40, -1000000000.0000000000),
	('mathArenaMarket', 'marketStatsLong', 'CC5', 0, 41, -1000000000.0000000000),
	('mathArenaMarket', 'marketStatsLong', 'CC5', 1, 41, -1000000000.0000000000),
	('mathArenaMarket', 'marketStatsLong', 'CC5', 0, 42, -1000000000.0000000000),
	('mathArenaMarket', 'marketStatsLong', 'CC5', 1, 42, -1000000000.0000000000),
	('mathArenaMarket', 'marketStatsLong', 'CC5', 0, 43, -1000000000.0000000000),
	('mathArenaMarket', 'marketStatsLong', 'CC5', 1, 43, -1000000000.0000000000),
	('mathArenaMarket', 'marketStatsLong', 'CC5', 0, 44, -1000000000.0000000000),
	('mathArenaMarket', 'marketStatsLong', 'CC5', 1, 44, -1000000000.0000000000),
	('mathArenaMarket', 'marketStatsLong', 'CC5', 0, 45, -1000000000.0000000000),
	('mathArenaMarket', 'marketStatsLong', 'CC5', 1, 45, -1000000000.0000000000),
	('mathArenaMarket', 'marketStatsLong', 'CC5', 0, 46, -1000000000.0000000000),
	('mathArenaMarket', 'marketStatsLong', 'CC5', 1, 46, -1000000000.0000000000),
	('mathArenaMarket', 'marketStatsLong', 'CC5', 0, 47, -1000000000.0000000000),
	('mathArenaMarket', 'marketStatsLong', 'CC5', 1, 47, -1000000000.0000000000),
	('mathArenaMarket', 'marketStatsLong', 'CC5', 0, 48, -1000000000.0000000000),
	('mathArenaMarket', 'marketStatsLong', 'CC5', 1, 48, -1000000000.0000000000),
	('mathArenaMarket', 'marketStatsLong', 'CC5', 0, 49, -1000000000.0000000000),
	('mathArenaMarket', 'marketStatsLong', 'CC5', 1, 49, -1000000000.0000000000),
	('mathArenaMarket', 'marketStatsLong', 'USD', 0, 0, -1000000000.0000000000),
	('mathArenaMarket', 'marketStatsLong', 'USD', 1, 0, -1000000000.0000000000),
	('mathArenaMarket', 'marketStatsLong', 'USD', 0, 1, -1000000000.0000000000),
	('mathArenaMarket', 'marketStatsLong', 'USD', 1, 1, -1000000000.0000000000),
	('mathArenaMarket', 'marketStatsLong', 'USD', 0, 2, -1000000000.0000000000),
	('mathArenaMarket', 'marketStatsLong', 'USD', 1, 2, -1000000000.0000000000),
	('mathArenaMarket', 'marketStatsLong', 'USD', 0, 3, -1000000000.0000000000),
	('mathArenaMarket', 'marketStatsLong', 'USD', 1, 3, -1000000000.0000000000),
	('mathArenaMarket', 'marketStatsLong', 'USD', 0, 4, -1000000000.0000000000),
	('mathArenaMarket', 'marketStatsLong', 'USD', 1, 4, -1000000000.0000000000),
	('mathArenaMarket', 'marketStatsLong', 'USD', 0, 5, -1000000000.0000000000),
	('mathArenaMarket', 'marketStatsLong', 'USD', 1, 5, -1000000000.0000000000),
	('mathArenaMarket', 'marketStatsLong', 'USD', 0, 6, -1000000000.0000000000),
	('mathArenaMarket', 'marketStatsLong', 'USD', 1, 6, -1000000000.0000000000),
	('mathArenaMarket', 'marketStatsLong', 'USD', 0, 7, -1000000000.0000000000),
	('mathArenaMarket', 'marketStatsLong', 'USD', 1, 7, -1000000000.0000000000),
	('mathArenaMarket', 'marketStatsLong', 'USD', 0, 8, -1000000000.0000000000),
	('mathArenaMarket', 'marketStatsLong', 'USD', 1, 8, -1000000000.0000000000),
	('mathArenaMarket', 'marketStatsLong', 'USD', 0, 9, -1000000000.0000000000),
	('mathArenaMarket', 'marketStatsLong', 'USD', 1, 9, -1000000000.0000000000),
	('mathArenaMarket', 'marketStatsLong', 'USD', 0, 10, -1000000000.0000000000),
	('mathArenaMarket', 'marketStatsLong', 'USD', 1, 10, -1000000000.0000000000),
	('mathArenaMarket', 'marketStatsLong', 'USD', 0, 11, -1000000000.0000000000),
	('mathArenaMarket', 'marketStatsLong', 'USD', 1, 11, -1000000000.0000000000),
	('mathArenaMarket', 'marketStatsLong', 'USD', 0, 12, -1000000000.0000000000),
	('mathArenaMarket', 'marketStatsLong', 'USD', 1, 12, -1000000000.0000000000),
	('mathArenaMarket', 'marketStatsLong', 'USD', 0, 13, -1000000000.0000000000),
	('mathArenaMarket', 'marketStatsLong', 'USD', 1, 13, -1000000000.0000000000),
	('mathArenaMarket', 'marketStatsLong', 'USD', 0, 14, -1000000000.0000000000),
	('mathArenaMarket', 'marketStatsLong', 'USD', 1, 14, -1000000000.0000000000),
	('mathArenaMarket', 'marketStatsLong', 'USD', 0, 15, -1000000000.0000000000),
	('mathArenaMarket', 'marketStatsLong', 'USD', 1, 15, -1000000000.0000000000),
	('mathArenaMarket', 'marketStatsLong', 'USD', 0, 16, -1000000000.0000000000),
	('mathArenaMarket', 'marketStatsLong', 'USD', 1, 16, -1000000000.0000000000),
	('mathArenaMarket', 'marketStatsLong', 'USD', 0, 17, -1000000000.0000000000),
	('mathArenaMarket', 'marketStatsLong', 'USD', 1, 17, -1000000000.0000000000),
	('mathArenaMarket', 'marketStatsLong', 'USD', 0, 18, -1000000000.0000000000),
	('mathArenaMarket', 'marketStatsLong', 'USD', 1, 18, -1000000000.0000000000),
	('mathArenaMarket', 'marketStatsLong', 'USD', 0, 19, -1000000000.0000000000),
	('mathArenaMarket', 'marketStatsLong', 'USD', 1, 19, -1000000000.0000000000),
	('mathArenaMarket', 'marketStatsLong', 'USD', 0, 20, -1000000000.0000000000),
	('mathArenaMarket', 'marketStatsLong', 'USD', 1, 20, -1000000000.0000000000),
	('mathArenaMarket', 'marketStatsLong', 'USD', 0, 21, -1000000000.0000000000),
	('mathArenaMarket', 'marketStatsLong', 'USD', 1, 21, -1000000000.0000000000),
	('mathArenaMarket', 'marketStatsLong', 'USD', 0, 22, -1000000000.0000000000),
	('mathArenaMarket', 'marketStatsLong', 'USD', 1, 22, -1000000000.0000000000),
	('mathArenaMarket', 'marketStatsLong', 'USD', 0, 23, -1000000000.0000000000),
	('mathArenaMarket', 'marketStatsLong', 'USD', 1, 23, -1000000000.0000000000),
	('mathArenaMarket', 'marketStatsLong', 'USD', 0, 24, -1000000000.0000000000),
	('mathArenaMarket', 'marketStatsLong', 'USD', 1, 24, -1000000000.0000000000),
	('mathArenaMarket', 'marketStatsLong', 'USD', 0, 25, -1000000000.0000000000),
	('mathArenaMarket', 'marketStatsLong', 'USD', 1, 25, -1000000000.0000000000),
	('mathArenaMarket', 'marketStatsLong', 'USD', 0, 26, -1000000000.0000000000),
	('mathArenaMarket', 'marketStatsLong', 'USD', 1, 26, -1000000000.0000000000),
	('mathArenaMarket', 'marketStatsLong', 'USD', 0, 27, -1000000000.0000000000),
	('mathArenaMarket', 'marketStatsLong', 'USD', 1, 27, -1000000000.0000000000),
	('mathArenaMarket', 'marketStatsLong', 'USD', 0, 28, -1000000000.0000000000),
	('mathArenaMarket', 'marketStatsLong', 'USD', 1, 28, -1000000000.0000000000),
	('mathArenaMarket', 'marketStatsLong', 'USD', 0, 29, -1000000000.0000000000),
	('mathArenaMarket', 'marketStatsLong', 'USD', 1, 29, -1000000000.0000000000),
	('mathArenaMarket', 'marketStatsLong', 'USD', 0, 30, -1000000000.0000000000),
	('mathArenaMarket', 'marketStatsLong', 'USD', 1, 30, -1000000000.0000000000),
	('mathArenaMarket', 'marketStatsLong', 'USD', 0, 31, -1000000000.0000000000),
	('mathArenaMarket', 'marketStatsLong', 'USD', 1, 31, -1000000000.0000000000),
	('mathArenaMarket', 'marketStatsLong', 'USD', 0, 32, -1000000000.0000000000),
	('mathArenaMarket', 'marketStatsLong', 'USD', 1, 32, -1000000000.0000000000),
	('mathArenaMarket', 'marketStatsLong', 'USD', 0, 33, -1000000000.0000000000),
	('mathArenaMarket', 'marketStatsLong', 'USD', 1, 33, -1000000000.0000000000),
	('mathArenaMarket', 'marketStatsLong', 'USD', 0, 34, -1000000000.0000000000),
	('mathArenaMarket', 'marketStatsLong', 'USD', 1, 34, -1000000000.0000000000),
	('mathArenaMarket', 'marketStatsLong', 'USD', 0, 35, -1000000000.0000000000),
	('mathArenaMarket', 'marketStatsLong', 'USD', 1, 35, -1000000000.0000000000),
	('mathArenaMarket', 'marketStatsLong', 'USD', 0, 36, -1000000000.0000000000),
	('mathArenaMarket', 'marketStatsLong', 'USD', 1, 36, -1000000000.0000000000),
	('mathArenaMarket', 'marketStatsLong', 'USD', 0, 37, -1000000000.0000000000),
	('mathArenaMarket', 'marketStatsLong', 'USD', 1, 37, -1000000000.0000000000),
	('mathArenaMarket', 'marketStatsLong', 'USD', 0, 38, -1000000000.0000000000),
	('mathArenaMarket', 'marketStatsLong', 'USD', 1, 38, -1000000000.0000000000),
	('mathArenaMarket', 'marketStatsLong', 'USD', 0, 39, -1000000000.0000000000),
	('mathArenaMarket', 'marketStatsLong', 'USD', 1, 39, -1000000000.0000000000),
	('mathArenaMarket', 'marketStatsLong', 'USD', 0, 40, -1000000000.0000000000),
	('mathArenaMarket', 'marketStatsLong', 'USD', 1, 40, -1000000000.0000000000),
	('mathArenaMarket', 'marketStatsLong', 'USD', 0, 41, -1000000000.0000000000),
	('mathArenaMarket', 'marketStatsLong', 'USD', 1, 41, -1000000000.0000000000),
	('mathArenaMarket', 'marketStatsLong', 'USD', 0, 42, -1000000000.0000000000),
	('mathArenaMarket', 'marketStatsLong', 'USD', 1, 42, -1000000000.0000000000),
	('mathArenaMarket', 'marketStatsLong', 'USD', 0, 43, -1000000000.0000000000),
	('mathArenaMarket', 'marketStatsLong', 'USD', 1, 43, -1000000000.0000000000),
	('mathArenaMarket', 'marketStatsLong', 'USD', 0, 44, -1000000000.0000000000),
	('mathArenaMarket', 'marketStatsLong', 'USD', 1, 44, -1000000000.0000000000),
	('mathArenaMarket', 'marketStatsLong', 'USD', 0, 45, -1000000000.0000000000),
	('mathArenaMarket', 'marketStatsLong', 'USD', 1, 45, -1000000000.0000000000),
	('mathArenaMarket', 'marketStatsLong', 'USD', 0, 46, -1000000000.0000000000),
	('mathArenaMarket', 'marketStatsLong', 'USD', 1, 46, -1000000000.0000000000),
	('mathArenaMarket', 'marketStatsLong', 'USD', 0, 47, -1000000000.0000000000),
	('mathArenaMarket', 'marketStatsLong', 'USD', 1, 47, -1000000000.0000000000),
	('mathArenaMarket', 'marketStatsLong', 'USD', 0, 48, -1000000000.0000000000),
	('mathArenaMarket', 'marketStatsLong', 'USD', 1, 48, -1000000000.0000000000),
	('mathArenaMarket', 'marketStatsLong', 'USD', 0, 49, -1000000000.0000000000),
	('mathArenaMarket', 'marketStatsLong', 'USD', 1, 49, -1000000000.0000000000),
	('mathArenaMarket', 'marketStatsMedium', 'CC1', 7, NULL, -1000000000.0000000000),
	('mathArenaMarket', 'marketStatsMedium', 'CC1', 8, NULL, -1000000000.0000000000),
	('mathArenaMarket', 'marketStatsMedium', 'CC1', 9, NULL, -1000000000.0000000000),
	('mathArenaMarket', 'marketStatsMedium', 'CC2', 7, NULL, -1000000000.0000000000),
	('mathArenaMarket', 'marketStatsMedium', 'CC2', 8, NULL, -1000000000.0000000000),
	('mathArenaMarket', 'marketStatsMedium', 'CC2', 9, NULL, -1000000000.0000000000),
	('mathArenaMarket', 'marketStatsMedium', 'CC3', 7, NULL, -1000000000.0000000000),
	('mathArenaMarket', 'marketStatsMedium', 'CC3', 8, NULL, -1000000000.0000000000),
	('mathArenaMarket', 'marketStatsMedium', 'CC3', 9, NULL, -1000000000.0000000000),
	('mathArenaMarket', 'marketStatsMedium', 'CC4', 7, NULL, -1000000000.0000000000),
	('mathArenaMarket', 'marketStatsMedium', 'CC4', 8, NULL, -1000000000.0000000000),
	('mathArenaMarket', 'marketStatsMedium', 'CC4', 9, NULL, -1000000000.0000000000),
	('mathArenaMarket', 'marketStatsMedium', 'CC5', 7, NULL, -1000000000.0000000000),
	('mathArenaMarket', 'marketStatsMedium', 'CC5', 8, NULL, -1000000000.0000000000),
	('mathArenaMarket', 'marketStatsMedium', 'CC5', 9, NULL, -1000000000.0000000000),
	('mathArenaMarket', 'marketStatsMedium', 'USD', 7, NULL, -1000000000.0000000000),
	('mathArenaMarket', 'marketStatsMedium', 'USD', 8, NULL, -1000000000.0000000000),
	('mathArenaMarket', 'marketStatsMedium', 'USD', 9, NULL, -1000000000.0000000000),
	('mathArenaMarket', 'marketStatsMedium', 'CC1', 0, 0, -1000000000.0000000000),
	('mathArenaMarket', 'marketStatsMedium', 'CC1', 1, 0, -1000000000.0000000000),
	('mathArenaMarket', 'marketStatsMedium', 'CC1', 0, 1, -1000000000.0000000000),
	('mathArenaMarket', 'marketStatsMedium', 'CC1', 1, 1, -1000000000.0000000000),
	('mathArenaMarket', 'marketStatsMedium', 'CC1', 0, 2, -1000000000.0000000000),
	('mathArenaMarket', 'marketStatsMedium', 'CC1', 1, 2, -1000000000.0000000000),
	('mathArenaMarket', 'marketStatsMedium', 'CC1', 0, 3, -1000000000.0000000000),
	('mathArenaMarket', 'marketStatsMedium', 'CC1', 1, 3, -1000000000.0000000000),
	('mathArenaMarket', 'marketStatsMedium', 'CC1', 0, 4, -1000000000.0000000000),
	('mathArenaMarket', 'marketStatsMedium', 'CC1', 1, 4, -1000000000.0000000000),
	('mathArenaMarket', 'marketStatsMedium', 'CC1', 0, 5, -1000000000.0000000000),
	('mathArenaMarket', 'marketStatsMedium', 'CC1', 1, 5, -1000000000.0000000000),
	('mathArenaMarket', 'marketStatsMedium', 'CC1', 0, 6, -1000000000.0000000000),
	('mathArenaMarket', 'marketStatsMedium', 'CC1', 1, 6, -1000000000.0000000000),
	('mathArenaMarket', 'marketStatsMedium', 'CC1', 0, 7, -1000000000.0000000000),
	('mathArenaMarket', 'marketStatsMedium', 'CC1', 1, 7, -1000000000.0000000000),
	('mathArenaMarket', 'marketStatsMedium', 'CC1', 0, 8, -1000000000.0000000000),
	('mathArenaMarket', 'marketStatsMedium', 'CC1', 1, 8, -1000000000.0000000000),
	('mathArenaMarket', 'marketStatsMedium', 'CC1', 0, 9, -1000000000.0000000000),
	('mathArenaMarket', 'marketStatsMedium', 'CC1', 1, 9, -1000000000.0000000000),
	('mathArenaMarket', 'marketStatsMedium', 'CC1', 0, 10, -1000000000.0000000000),
	('mathArenaMarket', 'marketStatsMedium', 'CC1', 1, 10, -1000000000.0000000000),
	('mathArenaMarket', 'marketStatsMedium', 'CC1', 0, 11, -1000000000.0000000000),
	('mathArenaMarket', 'marketStatsMedium', 'CC1', 1, 11, -1000000000.0000000000),
	('mathArenaMarket', 'marketStatsMedium', 'CC1', 0, 12, -1000000000.0000000000),
	('mathArenaMarket', 'marketStatsMedium', 'CC1', 1, 12, -1000000000.0000000000),
	('mathArenaMarket', 'marketStatsMedium', 'CC1', 0, 13, -1000000000.0000000000),
	('mathArenaMarket', 'marketStatsMedium', 'CC1', 1, 13, -1000000000.0000000000),
	('mathArenaMarket', 'marketStatsMedium', 'CC1', 0, 14, -1000000000.0000000000),
	('mathArenaMarket', 'marketStatsMedium', 'CC1', 1, 14, -1000000000.0000000000),
	('mathArenaMarket', 'marketStatsMedium', 'CC1', 0, 15, -1000000000.0000000000),
	('mathArenaMarket', 'marketStatsMedium', 'CC1', 1, 15, -1000000000.0000000000),
	('mathArenaMarket', 'marketStatsMedium', 'CC1', 0, 16, -1000000000.0000000000),
	('mathArenaMarket', 'marketStatsMedium', 'CC1', 1, 16, -1000000000.0000000000),
	('mathArenaMarket', 'marketStatsMedium', 'CC1', 0, 17, -1000000000.0000000000),
	('mathArenaMarket', 'marketStatsMedium', 'CC1', 1, 17, -1000000000.0000000000),
	('mathArenaMarket', 'marketStatsMedium', 'CC1', 0, 18, -1000000000.0000000000),
	('mathArenaMarket', 'marketStatsMedium', 'CC1', 1, 18, -1000000000.0000000000),
	('mathArenaMarket', 'marketStatsMedium', 'CC1', 0, 19, -1000000000.0000000000),
	('mathArenaMarket', 'marketStatsMedium', 'CC1', 1, 19, -1000000000.0000000000),
	('mathArenaMarket', 'marketStatsMedium', 'CC1', 0, 20, -1000000000.0000000000),
	('mathArenaMarket', 'marketStatsMedium', 'CC1', 1, 20, -1000000000.0000000000),
	('mathArenaMarket', 'marketStatsMedium', 'CC1', 0, 21, -1000000000.0000000000),
	('mathArenaMarket', 'marketStatsMedium', 'CC1', 1, 21, -1000000000.0000000000),
	('mathArenaMarket', 'marketStatsMedium', 'CC1', 0, 22, -1000000000.0000000000),
	('mathArenaMarket', 'marketStatsMedium', 'CC1', 1, 22, -1000000000.0000000000),
	('mathArenaMarket', 'marketStatsMedium', 'CC1', 0, 23, -1000000000.0000000000),
	('mathArenaMarket', 'marketStatsMedium', 'CC1', 1, 23, -1000000000.0000000000),
	('mathArenaMarket', 'marketStatsMedium', 'CC1', 0, 24, -1000000000.0000000000),
	('mathArenaMarket', 'marketStatsMedium', 'CC1', 1, 24, -1000000000.0000000000),
	('mathArenaMarket', 'marketStatsMedium', 'CC1', 0, 25, -1000000000.0000000000),
	('mathArenaMarket', 'marketStatsMedium', 'CC1', 1, 25, -1000000000.0000000000),
	('mathArenaMarket', 'marketStatsMedium', 'CC1', 0, 26, -1000000000.0000000000),
	('mathArenaMarket', 'marketStatsMedium', 'CC1', 1, 26, -1000000000.0000000000),
	('mathArenaMarket', 'marketStatsMedium', 'CC1', 0, 27, -1000000000.0000000000),
	('mathArenaMarket', 'marketStatsMedium', 'CC1', 1, 27, -1000000000.0000000000),
	('mathArenaMarket', 'marketStatsMedium', 'CC1', 0, 28, -1000000000.0000000000),
	('mathArenaMarket', 'marketStatsMedium', 'CC1', 1, 28, -1000000000.0000000000),
	('mathArenaMarket', 'marketStatsMedium', 'CC1', 0, 29, -1000000000.0000000000),
	('mathArenaMarket', 'marketStatsMedium', 'CC1', 1, 29, -1000000000.0000000000),
	('mathArenaMarket', 'marketStatsMedium', 'CC1', 0, 30, -1000000000.0000000000),
	('mathArenaMarket', 'marketStatsMedium', 'CC1', 1, 30, -1000000000.0000000000),
	('mathArenaMarket', 'marketStatsMedium', 'CC1', 0, 31, -1000000000.0000000000),
	('mathArenaMarket', 'marketStatsMedium', 'CC1', 1, 31, -1000000000.0000000000),
	('mathArenaMarket', 'marketStatsMedium', 'CC1', 0, 32, -1000000000.0000000000),
	('mathArenaMarket', 'marketStatsMedium', 'CC1', 1, 32, -1000000000.0000000000),
	('mathArenaMarket', 'marketStatsMedium', 'CC1', 0, 33, -1000000000.0000000000),
	('mathArenaMarket', 'marketStatsMedium', 'CC1', 1, 33, -1000000000.0000000000),
	('mathArenaMarket', 'marketStatsMedium', 'CC1', 0, 34, -1000000000.0000000000),
	('mathArenaMarket', 'marketStatsMedium', 'CC1', 1, 34, -1000000000.0000000000),
	('mathArenaMarket', 'marketStatsMedium', 'CC1', 0, 35, -1000000000.0000000000),
	('mathArenaMarket', 'marketStatsMedium', 'CC1', 1, 35, -1000000000.0000000000),
	('mathArenaMarket', 'marketStatsMedium', 'CC1', 0, 36, -1000000000.0000000000),
	('mathArenaMarket', 'marketStatsMedium', 'CC1', 1, 36, -1000000000.0000000000),
	('mathArenaMarket', 'marketStatsMedium', 'CC1', 0, 37, -1000000000.0000000000),
	('mathArenaMarket', 'marketStatsMedium', 'CC1', 1, 37, -1000000000.0000000000),
	('mathArenaMarket', 'marketStatsMedium', 'CC1', 0, 38, -1000000000.0000000000),
	('mathArenaMarket', 'marketStatsMedium', 'CC1', 1, 38, -1000000000.0000000000),
	('mathArenaMarket', 'marketStatsMedium', 'CC1', 0, 39, -1000000000.0000000000),
	('mathArenaMarket', 'marketStatsMedium', 'CC1', 1, 39, -1000000000.0000000000),
	('mathArenaMarket', 'marketStatsMedium', 'CC1', 0, 40, -1000000000.0000000000),
	('mathArenaMarket', 'marketStatsMedium', 'CC1', 1, 40, -1000000000.0000000000),
	('mathArenaMarket', 'marketStatsMedium', 'CC1', 0, 41, -1000000000.0000000000),
	('mathArenaMarket', 'marketStatsMedium', 'CC1', 1, 41, -1000000000.0000000000),
	('mathArenaMarket', 'marketStatsMedium', 'CC1', 0, 42, -1000000000.0000000000),
	('mathArenaMarket', 'marketStatsMedium', 'CC1', 1, 42, -1000000000.0000000000),
	('mathArenaMarket', 'marketStatsMedium', 'CC1', 0, 43, -1000000000.0000000000),
	('mathArenaMarket', 'marketStatsMedium', 'CC1', 1, 43, -1000000000.0000000000),
	('mathArenaMarket', 'marketStatsMedium', 'CC1', 0, 44, -1000000000.0000000000),
	('mathArenaMarket', 'marketStatsMedium', 'CC1', 1, 44, -1000000000.0000000000),
	('mathArenaMarket', 'marketStatsMedium', 'CC1', 0, 45, -1000000000.0000000000),
	('mathArenaMarket', 'marketStatsMedium', 'CC1', 1, 45, -1000000000.0000000000),
	('mathArenaMarket', 'marketStatsMedium', 'CC1', 0, 46, -1000000000.0000000000),
	('mathArenaMarket', 'marketStatsMedium', 'CC1', 1, 46, -1000000000.0000000000),
	('mathArenaMarket', 'marketStatsMedium', 'CC1', 0, 47, -1000000000.0000000000),
	('mathArenaMarket', 'marketStatsMedium', 'CC1', 1, 47, -1000000000.0000000000),
	('mathArenaMarket', 'marketStatsMedium', 'CC1', 0, 48, -1000000000.0000000000),
	('mathArenaMarket', 'marketStatsMedium', 'CC1', 1, 48, -1000000000.0000000000),
	('mathArenaMarket', 'marketStatsMedium', 'CC1', 0, 49, -1000000000.0000000000),
	('mathArenaMarket', 'marketStatsMedium', 'CC1', 1, 49, -1000000000.0000000000),
	('mathArenaMarket', 'marketStatsMedium', 'CC2', 0, 0, -1000000000.0000000000),
	('mathArenaMarket', 'marketStatsMedium', 'CC2', 1, 0, -1000000000.0000000000),
	('mathArenaMarket', 'marketStatsMedium', 'CC2', 0, 1, -1000000000.0000000000),
	('mathArenaMarket', 'marketStatsMedium', 'CC2', 1, 1, -1000000000.0000000000),
	('mathArenaMarket', 'marketStatsMedium', 'CC2', 0, 2, -1000000000.0000000000),
	('mathArenaMarket', 'marketStatsMedium', 'CC2', 1, 2, -1000000000.0000000000),
	('mathArenaMarket', 'marketStatsMedium', 'CC2', 0, 3, -1000000000.0000000000),
	('mathArenaMarket', 'marketStatsMedium', 'CC2', 1, 3, -1000000000.0000000000),
	('mathArenaMarket', 'marketStatsMedium', 'CC2', 0, 4, -1000000000.0000000000),
	('mathArenaMarket', 'marketStatsMedium', 'CC2', 1, 4, -1000000000.0000000000),
	('mathArenaMarket', 'marketStatsMedium', 'CC2', 0, 5, -1000000000.0000000000),
	('mathArenaMarket', 'marketStatsMedium', 'CC2', 1, 5, -1000000000.0000000000),
	('mathArenaMarket', 'marketStatsMedium', 'CC2', 0, 6, -1000000000.0000000000),
	('mathArenaMarket', 'marketStatsMedium', 'CC2', 1, 6, -1000000000.0000000000),
	('mathArenaMarket', 'marketStatsMedium', 'CC2', 0, 7, -1000000000.0000000000),
	('mathArenaMarket', 'marketStatsMedium', 'CC2', 1, 7, -1000000000.0000000000),
	('mathArenaMarket', 'marketStatsMedium', 'CC2', 0, 8, -1000000000.0000000000),
	('mathArenaMarket', 'marketStatsMedium', 'CC2', 1, 8, -1000000000.0000000000),
	('mathArenaMarket', 'marketStatsMedium', 'CC2', 0, 9, -1000000000.0000000000),
	('mathArenaMarket', 'marketStatsMedium', 'CC2', 1, 9, -1000000000.0000000000),
	('mathArenaMarket', 'marketStatsMedium', 'CC2', 0, 10, -1000000000.0000000000),
	('mathArenaMarket', 'marketStatsMedium', 'CC2', 1, 10, -1000000000.0000000000),
	('mathArenaMarket', 'marketStatsMedium', 'CC2', 0, 11, -1000000000.0000000000),
	('mathArenaMarket', 'marketStatsMedium', 'CC2', 1, 11, -1000000000.0000000000),
	('mathArenaMarket', 'marketStatsMedium', 'CC2', 0, 12, -1000000000.0000000000),
	('mathArenaMarket', 'marketStatsMedium', 'CC2', 1, 12, -1000000000.0000000000),
	('mathArenaMarket', 'marketStatsMedium', 'CC2', 0, 13, -1000000000.0000000000),
	('mathArenaMarket', 'marketStatsMedium', 'CC2', 1, 13, -1000000000.0000000000),
	('mathArenaMarket', 'marketStatsMedium', 'CC2', 0, 14, -1000000000.0000000000),
	('mathArenaMarket', 'marketStatsMedium', 'CC2', 1, 14, -1000000000.0000000000),
	('mathArenaMarket', 'marketStatsMedium', 'CC2', 0, 15, -1000000000.0000000000),
	('mathArenaMarket', 'marketStatsMedium', 'CC2', 1, 15, -1000000000.0000000000),
	('mathArenaMarket', 'marketStatsMedium', 'CC2', 0, 16, -1000000000.0000000000),
	('mathArenaMarket', 'marketStatsMedium', 'CC2', 1, 16, -1000000000.0000000000),
	('mathArenaMarket', 'marketStatsMedium', 'CC2', 0, 17, -1000000000.0000000000),
	('mathArenaMarket', 'marketStatsMedium', 'CC2', 1, 17, -1000000000.0000000000),
	('mathArenaMarket', 'marketStatsMedium', 'CC2', 0, 18, -1000000000.0000000000),
	('mathArenaMarket', 'marketStatsMedium', 'CC2', 1, 18, -1000000000.0000000000),
	('mathArenaMarket', 'marketStatsMedium', 'CC2', 0, 19, -1000000000.0000000000),
	('mathArenaMarket', 'marketStatsMedium', 'CC2', 1, 19, -1000000000.0000000000),
	('mathArenaMarket', 'marketStatsMedium', 'CC2', 0, 20, -1000000000.0000000000),
	('mathArenaMarket', 'marketStatsMedium', 'CC2', 1, 20, -1000000000.0000000000),
	('mathArenaMarket', 'marketStatsMedium', 'CC2', 0, 21, -1000000000.0000000000),
	('mathArenaMarket', 'marketStatsMedium', 'CC2', 1, 21, -1000000000.0000000000),
	('mathArenaMarket', 'marketStatsMedium', 'CC2', 0, 22, -1000000000.0000000000),
	('mathArenaMarket', 'marketStatsMedium', 'CC2', 1, 22, -1000000000.0000000000),
	('mathArenaMarket', 'marketStatsMedium', 'CC2', 0, 23, -1000000000.0000000000),
	('mathArenaMarket', 'marketStatsMedium', 'CC2', 1, 23, -1000000000.0000000000),
	('mathArenaMarket', 'marketStatsMedium', 'CC2', 0, 24, -1000000000.0000000000),
	('mathArenaMarket', 'marketStatsMedium', 'CC2', 1, 24, -1000000000.0000000000),
	('mathArenaMarket', 'marketStatsMedium', 'CC2', 0, 25, -1000000000.0000000000),
	('mathArenaMarket', 'marketStatsMedium', 'CC2', 1, 25, -1000000000.0000000000),
	('mathArenaMarket', 'marketStatsMedium', 'CC2', 0, 26, -1000000000.0000000000),
	('mathArenaMarket', 'marketStatsMedium', 'CC2', 1, 26, -1000000000.0000000000),
	('mathArenaMarket', 'marketStatsMedium', 'CC2', 0, 27, -1000000000.0000000000),
	('mathArenaMarket', 'marketStatsMedium', 'CC2', 1, 27, -1000000000.0000000000),
	('mathArenaMarket', 'marketStatsMedium', 'CC2', 0, 28, -1000000000.0000000000),
	('mathArenaMarket', 'marketStatsMedium', 'CC2', 1, 28, -1000000000.0000000000),
	('mathArenaMarket', 'marketStatsMedium', 'CC2', 0, 29, -1000000000.0000000000),
	('mathArenaMarket', 'marketStatsMedium', 'CC2', 1, 29, -1000000000.0000000000),
	('mathArenaMarket', 'marketStatsMedium', 'CC2', 0, 30, -1000000000.0000000000),
	('mathArenaMarket', 'marketStatsMedium', 'CC2', 1, 30, -1000000000.0000000000),
	('mathArenaMarket', 'marketStatsMedium', 'CC2', 0, 31, -1000000000.0000000000),
	('mathArenaMarket', 'marketStatsMedium', 'CC2', 1, 31, -1000000000.0000000000),
	('mathArenaMarket', 'marketStatsMedium', 'CC2', 0, 32, -1000000000.0000000000),
	('mathArenaMarket', 'marketStatsMedium', 'CC2', 1, 32, -1000000000.0000000000),
	('mathArenaMarket', 'marketStatsMedium', 'CC2', 0, 33, -1000000000.0000000000),
	('mathArenaMarket', 'marketStatsMedium', 'CC2', 1, 33, -1000000000.0000000000),
	('mathArenaMarket', 'marketStatsMedium', 'CC2', 0, 34, -1000000000.0000000000),
	('mathArenaMarket', 'marketStatsMedium', 'CC2', 1, 34, -1000000000.0000000000),
	('mathArenaMarket', 'marketStatsMedium', 'CC2', 0, 35, -1000000000.0000000000),
	('mathArenaMarket', 'marketStatsMedium', 'CC2', 1, 35, -1000000000.0000000000),
	('mathArenaMarket', 'marketStatsMedium', 'CC2', 0, 36, -1000000000.0000000000),
	('mathArenaMarket', 'marketStatsMedium', 'CC2', 1, 36, -1000000000.0000000000),
	('mathArenaMarket', 'marketStatsMedium', 'CC2', 0, 37, -1000000000.0000000000),
	('mathArenaMarket', 'marketStatsMedium', 'CC2', 1, 37, -1000000000.0000000000),
	('mathArenaMarket', 'marketStatsMedium', 'CC2', 0, 38, -1000000000.0000000000),
	('mathArenaMarket', 'marketStatsMedium', 'CC2', 1, 38, -1000000000.0000000000),
	('mathArenaMarket', 'marketStatsMedium', 'CC2', 0, 39, -1000000000.0000000000),
	('mathArenaMarket', 'marketStatsMedium', 'CC2', 1, 39, -1000000000.0000000000),
	('mathArenaMarket', 'marketStatsMedium', 'CC2', 0, 40, -1000000000.0000000000),
	('mathArenaMarket', 'marketStatsMedium', 'CC2', 1, 40, -1000000000.0000000000),
	('mathArenaMarket', 'marketStatsMedium', 'CC2', 0, 41, -1000000000.0000000000),
	('mathArenaMarket', 'marketStatsMedium', 'CC2', 1, 41, -1000000000.0000000000),
	('mathArenaMarket', 'marketStatsMedium', 'CC2', 0, 42, -1000000000.0000000000),
	('mathArenaMarket', 'marketStatsMedium', 'CC2', 1, 42, -1000000000.0000000000),
	('mathArenaMarket', 'marketStatsMedium', 'CC2', 0, 43, -1000000000.0000000000),
	('mathArenaMarket', 'marketStatsMedium', 'CC2', 1, 43, -1000000000.0000000000),
	('mathArenaMarket', 'marketStatsMedium', 'CC2', 0, 44, -1000000000.0000000000),
	('mathArenaMarket', 'marketStatsMedium', 'CC2', 1, 44, -1000000000.0000000000),
	('mathArenaMarket', 'marketStatsMedium', 'CC2', 0, 45, -1000000000.0000000000),
	('mathArenaMarket', 'marketStatsMedium', 'CC2', 1, 45, -1000000000.0000000000),
	('mathArenaMarket', 'marketStatsMedium', 'CC2', 0, 46, -1000000000.0000000000),
	('mathArenaMarket', 'marketStatsMedium', 'CC2', 1, 46, -1000000000.0000000000),
	('mathArenaMarket', 'marketStatsMedium', 'CC2', 0, 47, -1000000000.0000000000),
	('mathArenaMarket', 'marketStatsMedium', 'CC2', 1, 47, -1000000000.0000000000),
	('mathArenaMarket', 'marketStatsMedium', 'CC2', 0, 48, -1000000000.0000000000),
	('mathArenaMarket', 'marketStatsMedium', 'CC2', 1, 48, -1000000000.0000000000),
	('mathArenaMarket', 'marketStatsMedium', 'CC2', 0, 49, -1000000000.0000000000),
	('mathArenaMarket', 'marketStatsMedium', 'CC2', 1, 49, -1000000000.0000000000),
	('mathArenaMarket', 'marketStatsMedium', 'CC3', 0, 0, -1000000000.0000000000),
	('mathArenaMarket', 'marketStatsMedium', 'CC3', 1, 0, -1000000000.0000000000),
	('mathArenaMarket', 'marketStatsMedium', 'CC3', 0, 1, -1000000000.0000000000),
	('mathArenaMarket', 'marketStatsMedium', 'CC3', 1, 1, -1000000000.0000000000),
	('mathArenaMarket', 'marketStatsMedium', 'CC3', 0, 2, -1000000000.0000000000),
	('mathArenaMarket', 'marketStatsMedium', 'CC3', 1, 2, -1000000000.0000000000),
	('mathArenaMarket', 'marketStatsMedium', 'CC3', 0, 3, -1000000000.0000000000),
	('mathArenaMarket', 'marketStatsMedium', 'CC3', 1, 3, -1000000000.0000000000),
	('mathArenaMarket', 'marketStatsMedium', 'CC3', 0, 4, -1000000000.0000000000),
	('mathArenaMarket', 'marketStatsMedium', 'CC3', 1, 4, -1000000000.0000000000),
	('mathArenaMarket', 'marketStatsMedium', 'CC3', 0, 5, -1000000000.0000000000),
	('mathArenaMarket', 'marketStatsMedium', 'CC3', 1, 5, -1000000000.0000000000),
	('mathArenaMarket', 'marketStatsMedium', 'CC3', 0, 6, -1000000000.0000000000),
	('mathArenaMarket', 'marketStatsMedium', 'CC3', 1, 6, -1000000000.0000000000),
	('mathArenaMarket', 'marketStatsMedium', 'CC3', 0, 7, -1000000000.0000000000),
	('mathArenaMarket', 'marketStatsMedium', 'CC3', 1, 7, -1000000000.0000000000),
	('mathArenaMarket', 'marketStatsMedium', 'CC3', 0, 8, -1000000000.0000000000),
	('mathArenaMarket', 'marketStatsMedium', 'CC3', 1, 8, -1000000000.0000000000),
	('mathArenaMarket', 'marketStatsMedium', 'CC3', 0, 9, -1000000000.0000000000),
	('mathArenaMarket', 'marketStatsMedium', 'CC3', 1, 9, -1000000000.0000000000),
	('mathArenaMarket', 'marketStatsMedium', 'CC3', 0, 10, -1000000000.0000000000),
	('mathArenaMarket', 'marketStatsMedium', 'CC3', 1, 10, -1000000000.0000000000),
	('mathArenaMarket', 'marketStatsMedium', 'CC3', 0, 11, -1000000000.0000000000),
	('mathArenaMarket', 'marketStatsMedium', 'CC3', 1, 11, -1000000000.0000000000),
	('mathArenaMarket', 'marketStatsMedium', 'CC3', 0, 12, -1000000000.0000000000),
	('mathArenaMarket', 'marketStatsMedium', 'CC3', 1, 12, -1000000000.0000000000),
	('mathArenaMarket', 'marketStatsMedium', 'CC3', 0, 13, -1000000000.0000000000),
	('mathArenaMarket', 'marketStatsMedium', 'CC3', 1, 13, -1000000000.0000000000),
	('mathArenaMarket', 'marketStatsMedium', 'CC3', 0, 14, -1000000000.0000000000),
	('mathArenaMarket', 'marketStatsMedium', 'CC3', 1, 14, -1000000000.0000000000),
	('mathArenaMarket', 'marketStatsMedium', 'CC3', 0, 15, -1000000000.0000000000),
	('mathArenaMarket', 'marketStatsMedium', 'CC3', 1, 15, -1000000000.0000000000),
	('mathArenaMarket', 'marketStatsMedium', 'CC3', 0, 16, -1000000000.0000000000),
	('mathArenaMarket', 'marketStatsMedium', 'CC3', 1, 16, -1000000000.0000000000),
	('mathArenaMarket', 'marketStatsMedium', 'CC3', 0, 17, -1000000000.0000000000),
	('mathArenaMarket', 'marketStatsMedium', 'CC3', 1, 17, -1000000000.0000000000),
	('mathArenaMarket', 'marketStatsMedium', 'CC3', 0, 18, -1000000000.0000000000),
	('mathArenaMarket', 'marketStatsMedium', 'CC3', 1, 18, -1000000000.0000000000),
	('mathArenaMarket', 'marketStatsMedium', 'CC3', 0, 19, -1000000000.0000000000),
	('mathArenaMarket', 'marketStatsMedium', 'CC3', 1, 19, -1000000000.0000000000),
	('mathArenaMarket', 'marketStatsMedium', 'CC3', 0, 20, -1000000000.0000000000),
	('mathArenaMarket', 'marketStatsMedium', 'CC3', 1, 20, -1000000000.0000000000),
	('mathArenaMarket', 'marketStatsMedium', 'CC3', 0, 21, -1000000000.0000000000),
	('mathArenaMarket', 'marketStatsMedium', 'CC3', 1, 21, -1000000000.0000000000),
	('mathArenaMarket', 'marketStatsMedium', 'CC3', 0, 22, -1000000000.0000000000),
	('mathArenaMarket', 'marketStatsMedium', 'CC3', 1, 22, -1000000000.0000000000),
	('mathArenaMarket', 'marketStatsMedium', 'CC3', 0, 23, -1000000000.0000000000),
	('mathArenaMarket', 'marketStatsMedium', 'CC3', 1, 23, -1000000000.0000000000),
	('mathArenaMarket', 'marketStatsMedium', 'CC3', 0, 24, -1000000000.0000000000),
	('mathArenaMarket', 'marketStatsMedium', 'CC3', 1, 24, -1000000000.0000000000),
	('mathArenaMarket', 'marketStatsMedium', 'CC3', 0, 25, -1000000000.0000000000),
	('mathArenaMarket', 'marketStatsMedium', 'CC3', 1, 25, -1000000000.0000000000),
	('mathArenaMarket', 'marketStatsMedium', 'CC3', 0, 26, -1000000000.0000000000),
	('mathArenaMarket', 'marketStatsMedium', 'CC3', 1, 26, -1000000000.0000000000),
	('mathArenaMarket', 'marketStatsMedium', 'CC3', 0, 27, -1000000000.0000000000),
	('mathArenaMarket', 'marketStatsMedium', 'CC3', 1, 27, -1000000000.0000000000),
	('mathArenaMarket', 'marketStatsMedium', 'CC3', 0, 28, -1000000000.0000000000),
	('mathArenaMarket', 'marketStatsMedium', 'CC3', 1, 28, -1000000000.0000000000),
	('mathArenaMarket', 'marketStatsMedium', 'CC3', 0, 29, -1000000000.0000000000),
	('mathArenaMarket', 'marketStatsMedium', 'CC3', 1, 29, -1000000000.0000000000),
	('mathArenaMarket', 'marketStatsMedium', 'CC3', 0, 30, -1000000000.0000000000),
	('mathArenaMarket', 'marketStatsMedium', 'CC3', 1, 30, -1000000000.0000000000),
	('mathArenaMarket', 'marketStatsMedium', 'CC3', 0, 31, -1000000000.0000000000),
	('mathArenaMarket', 'marketStatsMedium', 'CC3', 1, 31, -1000000000.0000000000),
	('mathArenaMarket', 'marketStatsMedium', 'CC3', 0, 32, -1000000000.0000000000),
	('mathArenaMarket', 'marketStatsMedium', 'CC3', 1, 32, -1000000000.0000000000),
	('mathArenaMarket', 'marketStatsMedium', 'CC3', 0, 33, -1000000000.0000000000),
	('mathArenaMarket', 'marketStatsMedium', 'CC3', 1, 33, -1000000000.0000000000),
	('mathArenaMarket', 'marketStatsMedium', 'CC3', 0, 34, -1000000000.0000000000),
	('mathArenaMarket', 'marketStatsMedium', 'CC3', 1, 34, -1000000000.0000000000),
	('mathArenaMarket', 'marketStatsMedium', 'CC3', 0, 35, -1000000000.0000000000),
	('mathArenaMarket', 'marketStatsMedium', 'CC3', 1, 35, -1000000000.0000000000),
	('mathArenaMarket', 'marketStatsMedium', 'CC3', 0, 36, -1000000000.0000000000),
	('mathArenaMarket', 'marketStatsMedium', 'CC3', 1, 36, -1000000000.0000000000),
	('mathArenaMarket', 'marketStatsMedium', 'CC3', 0, 37, -1000000000.0000000000),
	('mathArenaMarket', 'marketStatsMedium', 'CC3', 1, 37, -1000000000.0000000000),
	('mathArenaMarket', 'marketStatsMedium', 'CC3', 0, 38, -1000000000.0000000000),
	('mathArenaMarket', 'marketStatsMedium', 'CC3', 1, 38, -1000000000.0000000000),
	('mathArenaMarket', 'marketStatsMedium', 'CC3', 0, 39, -1000000000.0000000000),
	('mathArenaMarket', 'marketStatsMedium', 'CC3', 1, 39, -1000000000.0000000000),
	('mathArenaMarket', 'marketStatsMedium', 'CC3', 0, 40, -1000000000.0000000000),
	('mathArenaMarket', 'marketStatsMedium', 'CC3', 1, 40, -1000000000.0000000000),
	('mathArenaMarket', 'marketStatsMedium', 'CC3', 0, 41, -1000000000.0000000000),
	('mathArenaMarket', 'marketStatsMedium', 'CC3', 1, 41, -1000000000.0000000000),
	('mathArenaMarket', 'marketStatsMedium', 'CC3', 0, 42, -1000000000.0000000000),
	('mathArenaMarket', 'marketStatsMedium', 'CC3', 1, 42, -1000000000.0000000000),
	('mathArenaMarket', 'marketStatsMedium', 'CC3', 0, 43, -1000000000.0000000000),
	('mathArenaMarket', 'marketStatsMedium', 'CC3', 1, 43, -1000000000.0000000000),
	('mathArenaMarket', 'marketStatsMedium', 'CC3', 0, 44, -1000000000.0000000000),
	('mathArenaMarket', 'marketStatsMedium', 'CC3', 1, 44, -1000000000.0000000000),
	('mathArenaMarket', 'marketStatsMedium', 'CC3', 0, 45, -1000000000.0000000000),
	('mathArenaMarket', 'marketStatsMedium', 'CC3', 1, 45, -1000000000.0000000000),
	('mathArenaMarket', 'marketStatsMedium', 'CC3', 0, 46, -1000000000.0000000000),
	('mathArenaMarket', 'marketStatsMedium', 'CC3', 1, 46, -1000000000.0000000000),
	('mathArenaMarket', 'marketStatsMedium', 'CC3', 0, 47, -1000000000.0000000000),
	('mathArenaMarket', 'marketStatsMedium', 'CC3', 1, 47, -1000000000.0000000000),
	('mathArenaMarket', 'marketStatsMedium', 'CC3', 0, 48, -1000000000.0000000000),
	('mathArenaMarket', 'marketStatsMedium', 'CC3', 1, 48, -1000000000.0000000000),
	('mathArenaMarket', 'marketStatsMedium', 'CC3', 0, 49, -1000000000.0000000000),
	('mathArenaMarket', 'marketStatsMedium', 'CC3', 1, 49, -1000000000.0000000000),
	('mathArenaMarket', 'marketStatsMedium', 'CC4', 0, 0, -1000000000.0000000000),
	('mathArenaMarket', 'marketStatsMedium', 'CC4', 1, 0, -1000000000.0000000000),
	('mathArenaMarket', 'marketStatsMedium', 'CC4', 0, 1, -1000000000.0000000000),
	('mathArenaMarket', 'marketStatsMedium', 'CC4', 1, 1, -1000000000.0000000000),
	('mathArenaMarket', 'marketStatsMedium', 'CC4', 0, 2, -1000000000.0000000000),
	('mathArenaMarket', 'marketStatsMedium', 'CC4', 1, 2, -1000000000.0000000000),
	('mathArenaMarket', 'marketStatsMedium', 'CC4', 0, 3, -1000000000.0000000000),
	('mathArenaMarket', 'marketStatsMedium', 'CC4', 1, 3, -1000000000.0000000000),
	('mathArenaMarket', 'marketStatsMedium', 'CC4', 0, 4, -1000000000.0000000000),
	('mathArenaMarket', 'marketStatsMedium', 'CC4', 1, 4, -1000000000.0000000000),
	('mathArenaMarket', 'marketStatsMedium', 'CC4', 0, 5, -1000000000.0000000000),
	('mathArenaMarket', 'marketStatsMedium', 'CC4', 1, 5, -1000000000.0000000000),
	('mathArenaMarket', 'marketStatsMedium', 'CC4', 0, 6, -1000000000.0000000000),
	('mathArenaMarket', 'marketStatsMedium', 'CC4', 1, 6, -1000000000.0000000000),
	('mathArenaMarket', 'marketStatsMedium', 'CC4', 0, 7, -1000000000.0000000000),
	('mathArenaMarket', 'marketStatsMedium', 'CC4', 1, 7, -1000000000.0000000000),
	('mathArenaMarket', 'marketStatsMedium', 'CC4', 0, 8, -1000000000.0000000000),
	('mathArenaMarket', 'marketStatsMedium', 'CC4', 1, 8, -1000000000.0000000000),
	('mathArenaMarket', 'marketStatsMedium', 'CC4', 0, 9, -1000000000.0000000000),
	('mathArenaMarket', 'marketStatsMedium', 'CC4', 1, 9, -1000000000.0000000000),
	('mathArenaMarket', 'marketStatsMedium', 'CC4', 0, 10, -1000000000.0000000000),
	('mathArenaMarket', 'marketStatsMedium', 'CC4', 1, 10, -1000000000.0000000000),
	('mathArenaMarket', 'marketStatsMedium', 'CC4', 0, 11, -1000000000.0000000000),
	('mathArenaMarket', 'marketStatsMedium', 'CC4', 1, 11, -1000000000.0000000000),
	('mathArenaMarket', 'marketStatsMedium', 'CC4', 0, 12, -1000000000.0000000000),
	('mathArenaMarket', 'marketStatsMedium', 'CC4', 1, 12, -1000000000.0000000000),
	('mathArenaMarket', 'marketStatsMedium', 'CC4', 0, 13, -1000000000.0000000000),
	('mathArenaMarket', 'marketStatsMedium', 'CC4', 1, 13, -1000000000.0000000000),
	('mathArenaMarket', 'marketStatsMedium', 'CC4', 0, 14, -1000000000.0000000000),
	('mathArenaMarket', 'marketStatsMedium', 'CC4', 1, 14, -1000000000.0000000000),
	('mathArenaMarket', 'marketStatsMedium', 'CC4', 0, 15, -1000000000.0000000000),
	('mathArenaMarket', 'marketStatsMedium', 'CC4', 1, 15, -1000000000.0000000000),
	('mathArenaMarket', 'marketStatsMedium', 'CC4', 0, 16, -1000000000.0000000000),
	('mathArenaMarket', 'marketStatsMedium', 'CC4', 1, 16, -1000000000.0000000000),
	('mathArenaMarket', 'marketStatsMedium', 'CC4', 0, 17, -1000000000.0000000000),
	('mathArenaMarket', 'marketStatsMedium', 'CC4', 1, 17, -1000000000.0000000000),
	('mathArenaMarket', 'marketStatsMedium', 'CC4', 0, 18, -1000000000.0000000000),
	('mathArenaMarket', 'marketStatsMedium', 'CC4', 1, 18, -1000000000.0000000000),
	('mathArenaMarket', 'marketStatsMedium', 'CC4', 0, 19, -1000000000.0000000000),
	('mathArenaMarket', 'marketStatsMedium', 'CC4', 1, 19, -1000000000.0000000000),
	('mathArenaMarket', 'marketStatsMedium', 'CC4', 0, 20, -1000000000.0000000000),
	('mathArenaMarket', 'marketStatsMedium', 'CC4', 1, 20, -1000000000.0000000000),
	('mathArenaMarket', 'marketStatsMedium', 'CC4', 0, 21, -1000000000.0000000000),
	('mathArenaMarket', 'marketStatsMedium', 'CC4', 1, 21, -1000000000.0000000000),
	('mathArenaMarket', 'marketStatsMedium', 'CC4', 0, 22, -1000000000.0000000000),
	('mathArenaMarket', 'marketStatsMedium', 'CC4', 1, 22, -1000000000.0000000000),
	('mathArenaMarket', 'marketStatsMedium', 'CC4', 0, 23, -1000000000.0000000000),
	('mathArenaMarket', 'marketStatsMedium', 'CC4', 1, 23, -1000000000.0000000000),
	('mathArenaMarket', 'marketStatsMedium', 'CC4', 0, 24, -1000000000.0000000000),
	('mathArenaMarket', 'marketStatsMedium', 'CC4', 1, 24, -1000000000.0000000000),
	('mathArenaMarket', 'marketStatsMedium', 'CC4', 0, 25, -1000000000.0000000000),
	('mathArenaMarket', 'marketStatsMedium', 'CC4', 1, 25, -1000000000.0000000000),
	('mathArenaMarket', 'marketStatsMedium', 'CC4', 0, 26, -1000000000.0000000000),
	('mathArenaMarket', 'marketStatsMedium', 'CC4', 1, 26, -1000000000.0000000000),
	('mathArenaMarket', 'marketStatsMedium', 'CC4', 0, 27, -1000000000.0000000000),
	('mathArenaMarket', 'marketStatsMedium', 'CC4', 1, 27, -1000000000.0000000000),
	('mathArenaMarket', 'marketStatsMedium', 'CC4', 0, 28, -1000000000.0000000000),
	('mathArenaMarket', 'marketStatsMedium', 'CC4', 1, 28, -1000000000.0000000000),
	('mathArenaMarket', 'marketStatsMedium', 'CC4', 0, 29, -1000000000.0000000000),
	('mathArenaMarket', 'marketStatsMedium', 'CC4', 1, 29, -1000000000.0000000000),
	('mathArenaMarket', 'marketStatsMedium', 'CC4', 0, 30, -1000000000.0000000000),
	('mathArenaMarket', 'marketStatsMedium', 'CC4', 1, 30, -1000000000.0000000000),
	('mathArenaMarket', 'marketStatsMedium', 'CC4', 0, 31, -1000000000.0000000000),
	('mathArenaMarket', 'marketStatsMedium', 'CC4', 1, 31, -1000000000.0000000000),
	('mathArenaMarket', 'marketStatsMedium', 'CC4', 0, 32, -1000000000.0000000000),
	('mathArenaMarket', 'marketStatsMedium', 'CC4', 1, 32, -1000000000.0000000000),
	('mathArenaMarket', 'marketStatsMedium', 'CC4', 0, 33, -1000000000.0000000000),
	('mathArenaMarket', 'marketStatsMedium', 'CC4', 1, 33, -1000000000.0000000000),
	('mathArenaMarket', 'marketStatsMedium', 'CC4', 0, 34, -1000000000.0000000000),
	('mathArenaMarket', 'marketStatsMedium', 'CC4', 1, 34, -1000000000.0000000000),
	('mathArenaMarket', 'marketStatsMedium', 'CC4', 0, 35, -1000000000.0000000000),
	('mathArenaMarket', 'marketStatsMedium', 'CC4', 1, 35, -1000000000.0000000000),
	('mathArenaMarket', 'marketStatsMedium', 'CC4', 0, 36, -1000000000.0000000000),
	('mathArenaMarket', 'marketStatsMedium', 'CC4', 1, 36, -1000000000.0000000000),
	('mathArenaMarket', 'marketStatsMedium', 'CC4', 0, 37, -1000000000.0000000000),
	('mathArenaMarket', 'marketStatsMedium', 'CC4', 1, 37, -1000000000.0000000000),
	('mathArenaMarket', 'marketStatsMedium', 'CC4', 0, 38, -1000000000.0000000000),
	('mathArenaMarket', 'marketStatsMedium', 'CC4', 1, 38, -1000000000.0000000000),
	('mathArenaMarket', 'marketStatsMedium', 'CC4', 0, 39, -1000000000.0000000000),
	('mathArenaMarket', 'marketStatsMedium', 'CC4', 1, 39, -1000000000.0000000000),
	('mathArenaMarket', 'marketStatsMedium', 'CC4', 0, 40, -1000000000.0000000000),
	('mathArenaMarket', 'marketStatsMedium', 'CC4', 1, 40, -1000000000.0000000000),
	('mathArenaMarket', 'marketStatsMedium', 'CC4', 0, 41, -1000000000.0000000000),
	('mathArenaMarket', 'marketStatsMedium', 'CC4', 1, 41, -1000000000.0000000000),
	('mathArenaMarket', 'marketStatsMedium', 'CC4', 0, 42, -1000000000.0000000000),
	('mathArenaMarket', 'marketStatsMedium', 'CC4', 1, 42, -1000000000.0000000000),
	('mathArenaMarket', 'marketStatsMedium', 'CC4', 0, 43, -1000000000.0000000000),
	('mathArenaMarket', 'marketStatsMedium', 'CC4', 1, 43, -1000000000.0000000000),
	('mathArenaMarket', 'marketStatsMedium', 'CC4', 0, 44, -1000000000.0000000000),
	('mathArenaMarket', 'marketStatsMedium', 'CC4', 1, 44, -1000000000.0000000000),
	('mathArenaMarket', 'marketStatsMedium', 'CC4', 0, 45, -1000000000.0000000000),
	('mathArenaMarket', 'marketStatsMedium', 'CC4', 1, 45, -1000000000.0000000000),
	('mathArenaMarket', 'marketStatsMedium', 'CC4', 0, 46, -1000000000.0000000000),
	('mathArenaMarket', 'marketStatsMedium', 'CC4', 1, 46, -1000000000.0000000000),
	('mathArenaMarket', 'marketStatsMedium', 'CC4', 0, 47, -1000000000.0000000000),
	('mathArenaMarket', 'marketStatsMedium', 'CC4', 1, 47, -1000000000.0000000000),
	('mathArenaMarket', 'marketStatsMedium', 'CC4', 0, 48, -1000000000.0000000000),
	('mathArenaMarket', 'marketStatsMedium', 'CC4', 1, 48, -1000000000.0000000000),
	('mathArenaMarket', 'marketStatsMedium', 'CC4', 0, 49, -1000000000.0000000000),
	('mathArenaMarket', 'marketStatsMedium', 'CC4', 1, 49, -1000000000.0000000000),
	('mathArenaMarket', 'marketStatsMedium', 'CC5', 0, 0, -1000000000.0000000000),
	('mathArenaMarket', 'marketStatsMedium', 'CC5', 1, 0, -1000000000.0000000000),
	('mathArenaMarket', 'marketStatsMedium', 'CC5', 0, 1, -1000000000.0000000000),
	('mathArenaMarket', 'marketStatsMedium', 'CC5', 1, 1, -1000000000.0000000000),
	('mathArenaMarket', 'marketStatsMedium', 'CC5', 0, 2, -1000000000.0000000000),
	('mathArenaMarket', 'marketStatsMedium', 'CC5', 1, 2, -1000000000.0000000000),
	('mathArenaMarket', 'marketStatsMedium', 'CC5', 0, 3, -1000000000.0000000000),
	('mathArenaMarket', 'marketStatsMedium', 'CC5', 1, 3, -1000000000.0000000000),
	('mathArenaMarket', 'marketStatsMedium', 'CC5', 0, 4, -1000000000.0000000000),
	('mathArenaMarket', 'marketStatsMedium', 'CC5', 1, 4, -1000000000.0000000000),
	('mathArenaMarket', 'marketStatsMedium', 'CC5', 0, 5, -1000000000.0000000000),
	('mathArenaMarket', 'marketStatsMedium', 'CC5', 1, 5, -1000000000.0000000000),
	('mathArenaMarket', 'marketStatsMedium', 'CC5', 0, 6, -1000000000.0000000000),
	('mathArenaMarket', 'marketStatsMedium', 'CC5', 1, 6, -1000000000.0000000000),
	('mathArenaMarket', 'marketStatsMedium', 'CC5', 0, 7, -1000000000.0000000000),
	('mathArenaMarket', 'marketStatsMedium', 'CC5', 1, 7, -1000000000.0000000000),
	('mathArenaMarket', 'marketStatsMedium', 'CC5', 0, 8, -1000000000.0000000000),
	('mathArenaMarket', 'marketStatsMedium', 'CC5', 1, 8, -1000000000.0000000000),
	('mathArenaMarket', 'marketStatsMedium', 'CC5', 0, 9, -1000000000.0000000000),
	('mathArenaMarket', 'marketStatsMedium', 'CC5', 1, 9, -1000000000.0000000000),
	('mathArenaMarket', 'marketStatsMedium', 'CC5', 0, 10, -1000000000.0000000000),
	('mathArenaMarket', 'marketStatsMedium', 'CC5', 1, 10, -1000000000.0000000000),
	('mathArenaMarket', 'marketStatsMedium', 'CC5', 0, 11, -1000000000.0000000000),
	('mathArenaMarket', 'marketStatsMedium', 'CC5', 1, 11, -1000000000.0000000000),
	('mathArenaMarket', 'marketStatsMedium', 'CC5', 0, 12, -1000000000.0000000000),
	('mathArenaMarket', 'marketStatsMedium', 'CC5', 1, 12, -1000000000.0000000000),
	('mathArenaMarket', 'marketStatsMedium', 'CC5', 0, 13, -1000000000.0000000000),
	('mathArenaMarket', 'marketStatsMedium', 'CC5', 1, 13, -1000000000.0000000000),
	('mathArenaMarket', 'marketStatsMedium', 'CC5', 0, 14, -1000000000.0000000000),
	('mathArenaMarket', 'marketStatsMedium', 'CC5', 1, 14, -1000000000.0000000000),
	('mathArenaMarket', 'marketStatsMedium', 'CC5', 0, 15, -1000000000.0000000000),
	('mathArenaMarket', 'marketStatsMedium', 'CC5', 1, 15, -1000000000.0000000000),
	('mathArenaMarket', 'marketStatsMedium', 'CC5', 0, 16, -1000000000.0000000000),
	('mathArenaMarket', 'marketStatsMedium', 'CC5', 1, 16, -1000000000.0000000000),
	('mathArenaMarket', 'marketStatsMedium', 'CC5', 0, 17, -1000000000.0000000000),
	('mathArenaMarket', 'marketStatsMedium', 'CC5', 1, 17, -1000000000.0000000000),
	('mathArenaMarket', 'marketStatsMedium', 'CC5', 0, 18, -1000000000.0000000000),
	('mathArenaMarket', 'marketStatsMedium', 'CC5', 1, 18, -1000000000.0000000000),
	('mathArenaMarket', 'marketStatsMedium', 'CC5', 0, 19, -1000000000.0000000000),
	('mathArenaMarket', 'marketStatsMedium', 'CC5', 1, 19, -1000000000.0000000000),
	('mathArenaMarket', 'marketStatsMedium', 'CC5', 0, 20, -1000000000.0000000000),
	('mathArenaMarket', 'marketStatsMedium', 'CC5', 1, 20, -1000000000.0000000000),
	('mathArenaMarket', 'marketStatsMedium', 'CC5', 0, 21, -1000000000.0000000000),
	('mathArenaMarket', 'marketStatsMedium', 'CC5', 1, 21, -1000000000.0000000000),
	('mathArenaMarket', 'marketStatsMedium', 'CC5', 0, 22, -1000000000.0000000000),
	('mathArenaMarket', 'marketStatsMedium', 'CC5', 1, 22, -1000000000.0000000000),
	('mathArenaMarket', 'marketStatsMedium', 'CC5', 0, 23, -1000000000.0000000000),
	('mathArenaMarket', 'marketStatsMedium', 'CC5', 1, 23, -1000000000.0000000000),
	('mathArenaMarket', 'marketStatsMedium', 'CC5', 0, 24, -1000000000.0000000000),
	('mathArenaMarket', 'marketStatsMedium', 'CC5', 1, 24, -1000000000.0000000000),
	('mathArenaMarket', 'marketStatsMedium', 'CC5', 0, 25, -1000000000.0000000000),
	('mathArenaMarket', 'marketStatsMedium', 'CC5', 1, 25, -1000000000.0000000000),
	('mathArenaMarket', 'marketStatsMedium', 'CC5', 0, 26, -1000000000.0000000000),
	('mathArenaMarket', 'marketStatsMedium', 'CC5', 1, 26, -1000000000.0000000000),
	('mathArenaMarket', 'marketStatsMedium', 'CC5', 0, 27, -1000000000.0000000000),
	('mathArenaMarket', 'marketStatsMedium', 'CC5', 1, 27, -1000000000.0000000000),
	('mathArenaMarket', 'marketStatsMedium', 'CC5', 0, 28, -1000000000.0000000000),
	('mathArenaMarket', 'marketStatsMedium', 'CC5', 1, 28, -1000000000.0000000000),
	('mathArenaMarket', 'marketStatsMedium', 'CC5', 0, 29, -1000000000.0000000000),
	('mathArenaMarket', 'marketStatsMedium', 'CC5', 1, 29, -1000000000.0000000000),
	('mathArenaMarket', 'marketStatsMedium', 'CC5', 0, 30, -1000000000.0000000000),
	('mathArenaMarket', 'marketStatsMedium', 'CC5', 1, 30, -1000000000.0000000000),
	('mathArenaMarket', 'marketStatsMedium', 'CC5', 0, 31, -1000000000.0000000000),
	('mathArenaMarket', 'marketStatsMedium', 'CC5', 1, 31, -1000000000.0000000000),
	('mathArenaMarket', 'marketStatsMedium', 'CC5', 0, 32, -1000000000.0000000000),
	('mathArenaMarket', 'marketStatsMedium', 'CC5', 1, 32, -1000000000.0000000000),
	('mathArenaMarket', 'marketStatsMedium', 'CC5', 0, 33, -1000000000.0000000000),
	('mathArenaMarket', 'marketStatsMedium', 'CC5', 1, 33, -1000000000.0000000000),
	('mathArenaMarket', 'marketStatsMedium', 'CC5', 0, 34, -1000000000.0000000000),
	('mathArenaMarket', 'marketStatsMedium', 'CC5', 1, 34, -1000000000.0000000000),
	('mathArenaMarket', 'marketStatsMedium', 'CC5', 0, 35, -1000000000.0000000000),
	('mathArenaMarket', 'marketStatsMedium', 'CC5', 1, 35, -1000000000.0000000000),
	('mathArenaMarket', 'marketStatsMedium', 'CC5', 0, 36, -1000000000.0000000000),
	('mathArenaMarket', 'marketStatsMedium', 'CC5', 1, 36, -1000000000.0000000000),
	('mathArenaMarket', 'marketStatsMedium', 'CC5', 0, 37, -1000000000.0000000000),
	('mathArenaMarket', 'marketStatsMedium', 'CC5', 1, 37, -1000000000.0000000000),
	('mathArenaMarket', 'marketStatsMedium', 'CC5', 0, 38, -1000000000.0000000000),
	('mathArenaMarket', 'marketStatsMedium', 'CC5', 1, 38, -1000000000.0000000000),
	('mathArenaMarket', 'marketStatsMedium', 'CC5', 0, 39, -1000000000.0000000000),
	('mathArenaMarket', 'marketStatsMedium', 'CC5', 1, 39, -1000000000.0000000000),
	('mathArenaMarket', 'marketStatsMedium', 'CC5', 0, 40, -1000000000.0000000000),
	('mathArenaMarket', 'marketStatsMedium', 'CC5', 1, 40, -1000000000.0000000000),
	('mathArenaMarket', 'marketStatsMedium', 'CC5', 0, 41, -1000000000.0000000000),
	('mathArenaMarket', 'marketStatsMedium', 'CC5', 1, 41, -1000000000.0000000000),
	('mathArenaMarket', 'marketStatsMedium', 'CC5', 0, 42, -1000000000.0000000000),
	('mathArenaMarket', 'marketStatsMedium', 'CC5', 1, 42, -1000000000.0000000000),
	('mathArenaMarket', 'marketStatsMedium', 'CC5', 0, 43, -1000000000.0000000000),
	('mathArenaMarket', 'marketStatsMedium', 'CC5', 1, 43, -1000000000.0000000000),
	('mathArenaMarket', 'marketStatsMedium', 'CC5', 0, 44, -1000000000.0000000000),
	('mathArenaMarket', 'marketStatsMedium', 'CC5', 1, 44, -1000000000.0000000000),
	('mathArenaMarket', 'marketStatsMedium', 'CC5', 0, 45, -1000000000.0000000000),
	('mathArenaMarket', 'marketStatsMedium', 'CC5', 1, 45, -1000000000.0000000000),
	('mathArenaMarket', 'marketStatsMedium', 'CC5', 0, 46, -1000000000.0000000000),
	('mathArenaMarket', 'marketStatsMedium', 'CC5', 1, 46, -1000000000.0000000000),
	('mathArenaMarket', 'marketStatsMedium', 'CC5', 0, 47, -1000000000.0000000000),
	('mathArenaMarket', 'marketStatsMedium', 'CC5', 1, 47, -1000000000.0000000000),
	('mathArenaMarket', 'marketStatsMedium', 'CC5', 0, 48, -1000000000.0000000000),
	('mathArenaMarket', 'marketStatsMedium', 'CC5', 1, 48, -1000000000.0000000000),
	('mathArenaMarket', 'marketStatsMedium', 'CC5', 0, 49, -1000000000.0000000000),
	('mathArenaMarket', 'marketStatsMedium', 'CC5', 1, 49, -1000000000.0000000000),
	('mathArenaMarket', 'marketStatsMedium', 'USD', 0, 0, -1000000000.0000000000),
	('mathArenaMarket', 'marketStatsMedium', 'USD', 1, 0, -1000000000.0000000000),
	('mathArenaMarket', 'marketStatsMedium', 'USD', 0, 1, -1000000000.0000000000),
	('mathArenaMarket', 'marketStatsMedium', 'USD', 1, 1, -1000000000.0000000000),
	('mathArenaMarket', 'marketStatsMedium', 'USD', 0, 2, -1000000000.0000000000),
	('mathArenaMarket', 'marketStatsMedium', 'USD', 1, 2, -1000000000.0000000000),
	('mathArenaMarket', 'marketStatsMedium', 'USD', 0, 3, -1000000000.0000000000),
	('mathArenaMarket', 'marketStatsMedium', 'USD', 1, 3, -1000000000.0000000000),
	('mathArenaMarket', 'marketStatsMedium', 'USD', 0, 4, -1000000000.0000000000),
	('mathArenaMarket', 'marketStatsMedium', 'USD', 1, 4, -1000000000.0000000000),
	('mathArenaMarket', 'marketStatsMedium', 'USD', 0, 5, -1000000000.0000000000),
	('mathArenaMarket', 'marketStatsMedium', 'USD', 1, 5, -1000000000.0000000000),
	('mathArenaMarket', 'marketStatsMedium', 'USD', 0, 6, -1000000000.0000000000),
	('mathArenaMarket', 'marketStatsMedium', 'USD', 1, 6, -1000000000.0000000000),
	('mathArenaMarket', 'marketStatsMedium', 'USD', 0, 7, -1000000000.0000000000),
	('mathArenaMarket', 'marketStatsMedium', 'USD', 1, 7, -1000000000.0000000000),
	('mathArenaMarket', 'marketStatsMedium', 'USD', 0, 8, -1000000000.0000000000),
	('mathArenaMarket', 'marketStatsMedium', 'USD', 1, 8, -1000000000.0000000000),
	('mathArenaMarket', 'marketStatsMedium', 'USD', 0, 9, -1000000000.0000000000),
	('mathArenaMarket', 'marketStatsMedium', 'USD', 1, 9, -1000000000.0000000000),
	('mathArenaMarket', 'marketStatsMedium', 'USD', 0, 10, -1000000000.0000000000),
	('mathArenaMarket', 'marketStatsMedium', 'USD', 1, 10, -1000000000.0000000000),
	('mathArenaMarket', 'marketStatsMedium', 'USD', 0, 11, -1000000000.0000000000),
	('mathArenaMarket', 'marketStatsMedium', 'USD', 1, 11, -1000000000.0000000000),
	('mathArenaMarket', 'marketStatsMedium', 'USD', 0, 12, -1000000000.0000000000),
	('mathArenaMarket', 'marketStatsMedium', 'USD', 1, 12, -1000000000.0000000000),
	('mathArenaMarket', 'marketStatsMedium', 'USD', 0, 13, -1000000000.0000000000),
	('mathArenaMarket', 'marketStatsMedium', 'USD', 1, 13, -1000000000.0000000000),
	('mathArenaMarket', 'marketStatsMedium', 'USD', 0, 14, -1000000000.0000000000),
	('mathArenaMarket', 'marketStatsMedium', 'USD', 1, 14, -1000000000.0000000000),
	('mathArenaMarket', 'marketStatsMedium', 'USD', 0, 15, -1000000000.0000000000),
	('mathArenaMarket', 'marketStatsMedium', 'USD', 1, 15, -1000000000.0000000000),
	('mathArenaMarket', 'marketStatsMedium', 'USD', 0, 16, -1000000000.0000000000),
	('mathArenaMarket', 'marketStatsMedium', 'USD', 1, 16, -1000000000.0000000000),
	('mathArenaMarket', 'marketStatsMedium', 'USD', 0, 17, -1000000000.0000000000),
	('mathArenaMarket', 'marketStatsMedium', 'USD', 1, 17, -1000000000.0000000000),
	('mathArenaMarket', 'marketStatsMedium', 'USD', 0, 18, -1000000000.0000000000),
	('mathArenaMarket', 'marketStatsMedium', 'USD', 1, 18, -1000000000.0000000000),
	('mathArenaMarket', 'marketStatsMedium', 'USD', 0, 19, -1000000000.0000000000),
	('mathArenaMarket', 'marketStatsMedium', 'USD', 1, 19, -1000000000.0000000000),
	('mathArenaMarket', 'marketStatsMedium', 'USD', 0, 20, -1000000000.0000000000),
	('mathArenaMarket', 'marketStatsMedium', 'USD', 1, 20, -1000000000.0000000000),
	('mathArenaMarket', 'marketStatsMedium', 'USD', 0, 21, -1000000000.0000000000),
	('mathArenaMarket', 'marketStatsMedium', 'USD', 1, 21, -1000000000.0000000000),
	('mathArenaMarket', 'marketStatsMedium', 'USD', 0, 22, -1000000000.0000000000),
	('mathArenaMarket', 'marketStatsMedium', 'USD', 1, 22, -1000000000.0000000000),
	('mathArenaMarket', 'marketStatsMedium', 'USD', 0, 23, -1000000000.0000000000),
	('mathArenaMarket', 'marketStatsMedium', 'USD', 1, 23, -1000000000.0000000000),
	('mathArenaMarket', 'marketStatsMedium', 'USD', 0, 24, -1000000000.0000000000),
	('mathArenaMarket', 'marketStatsMedium', 'USD', 1, 24, -1000000000.0000000000),
	('mathArenaMarket', 'marketStatsMedium', 'USD', 0, 25, -1000000000.0000000000),
	('mathArenaMarket', 'marketStatsMedium', 'USD', 1, 25, -1000000000.0000000000),
	('mathArenaMarket', 'marketStatsMedium', 'USD', 0, 26, -1000000000.0000000000),
	('mathArenaMarket', 'marketStatsMedium', 'USD', 1, 26, -1000000000.0000000000),
	('mathArenaMarket', 'marketStatsMedium', 'USD', 0, 27, -1000000000.0000000000),
	('mathArenaMarket', 'marketStatsMedium', 'USD', 1, 27, -1000000000.0000000000),
	('mathArenaMarket', 'marketStatsMedium', 'USD', 0, 28, -1000000000.0000000000),
	('mathArenaMarket', 'marketStatsMedium', 'USD', 1, 28, -1000000000.0000000000),
	('mathArenaMarket', 'marketStatsMedium', 'USD', 0, 29, -1000000000.0000000000),
	('mathArenaMarket', 'marketStatsMedium', 'USD', 1, 29, -1000000000.0000000000),
	('mathArenaMarket', 'marketStatsMedium', 'USD', 0, 30, -1000000000.0000000000),
	('mathArenaMarket', 'marketStatsMedium', 'USD', 1, 30, -1000000000.0000000000),
	('mathArenaMarket', 'marketStatsMedium', 'USD', 0, 31, -1000000000.0000000000),
	('mathArenaMarket', 'marketStatsMedium', 'USD', 1, 31, -1000000000.0000000000),
	('mathArenaMarket', 'marketStatsMedium', 'USD', 0, 32, -1000000000.0000000000),
	('mathArenaMarket', 'marketStatsMedium', 'USD', 1, 32, -1000000000.0000000000),
	('mathArenaMarket', 'marketStatsMedium', 'USD', 0, 33, -1000000000.0000000000),
	('mathArenaMarket', 'marketStatsMedium', 'USD', 1, 33, -1000000000.0000000000),
	('mathArenaMarket', 'marketStatsMedium', 'USD', 0, 34, -1000000000.0000000000),
	('mathArenaMarket', 'marketStatsMedium', 'USD', 1, 34, -1000000000.0000000000),
	('mathArenaMarket', 'marketStatsMedium', 'USD', 0, 35, -1000000000.0000000000),
	('mathArenaMarket', 'marketStatsMedium', 'USD', 1, 35, -1000000000.0000000000),
	('mathArenaMarket', 'marketStatsMedium', 'USD', 0, 36, -1000000000.0000000000),
	('mathArenaMarket', 'marketStatsMedium', 'USD', 1, 36, -1000000000.0000000000),
	('mathArenaMarket', 'marketStatsMedium', 'USD', 0, 37, -1000000000.0000000000),
	('mathArenaMarket', 'marketStatsMedium', 'USD', 1, 37, -1000000000.0000000000),
	('mathArenaMarket', 'marketStatsMedium', 'USD', 0, 38, -1000000000.0000000000),
	('mathArenaMarket', 'marketStatsMedium', 'USD', 1, 38, -1000000000.0000000000),
	('mathArenaMarket', 'marketStatsMedium', 'USD', 0, 39, -1000000000.0000000000),
	('mathArenaMarket', 'marketStatsMedium', 'USD', 1, 39, -1000000000.0000000000),
	('mathArenaMarket', 'marketStatsMedium', 'USD', 0, 40, -1000000000.0000000000),
	('mathArenaMarket', 'marketStatsMedium', 'USD', 1, 40, -1000000000.0000000000),
	('mathArenaMarket', 'marketStatsMedium', 'USD', 0, 41, -1000000000.0000000000),
	('mathArenaMarket', 'marketStatsMedium', 'USD', 1, 41, -1000000000.0000000000),
	('mathArenaMarket', 'marketStatsMedium', 'USD', 0, 42, -1000000000.0000000000),
	('mathArenaMarket', 'marketStatsMedium', 'USD', 1, 42, -1000000000.0000000000),
	('mathArenaMarket', 'marketStatsMedium', 'USD', 0, 43, -1000000000.0000000000),
	('mathArenaMarket', 'marketStatsMedium', 'USD', 1, 43, -1000000000.0000000000),
	('mathArenaMarket', 'marketStatsMedium', 'USD', 0, 44, -1000000000.0000000000),
	('mathArenaMarket', 'marketStatsMedium', 'USD', 1, 44, -1000000000.0000000000),
	('mathArenaMarket', 'marketStatsMedium', 'USD', 0, 45, -1000000000.0000000000),
	('mathArenaMarket', 'marketStatsMedium', 'USD', 1, 45, -1000000000.0000000000),
	('mathArenaMarket', 'marketStatsMedium', 'USD', 0, 46, -1000000000.0000000000),
	('mathArenaMarket', 'marketStatsMedium', 'USD', 1, 46, -1000000000.0000000000),
	('mathArenaMarket', 'marketStatsMedium', 'USD', 0, 47, -1000000000.0000000000),
	('mathArenaMarket', 'marketStatsMedium', 'USD', 1, 47, -1000000000.0000000000),
	('mathArenaMarket', 'marketStatsMedium', 'USD', 0, 48, -1000000000.0000000000),
	('mathArenaMarket', 'marketStatsMedium', 'USD', 1, 48, -1000000000.0000000000),
	('mathArenaMarket', 'marketStatsMedium', 'USD', 0, 49, -1000000000.0000000000),
	('mathArenaMarket', 'marketStatsMedium', 'USD', 1, 49, -1000000000.0000000000),
	('mathArenaMarket', 'marketStatsShort', 'CC1', 0, -1, -1000000000.0000000000),
	('mathArenaMarket', 'marketStatsShort', 'CC2', 0, -1, -1000000000.0000000000),
	('mathArenaMarket', 'marketStatsShort', 'CC3', 0, -1, -1000000000.0000000000),
	('mathArenaMarket', 'marketStatsShort', 'CC4', 0, -1, -1000000000.0000000000),
	('mathArenaMarket', 'marketStatsShort', 'CC5', 0, -1, -1000000000.0000000000),
	('mathArenaMarket', 'marketStatsShort', 'USD', 0, -1, -1000000000.0000000000),
	('mathArenaMarket', 'marketStatsMedium', 'CC1', 0, 0, 54.1539237783),
	('mathArenaMarket', 'marketStatsMedium', 'CC1', 0, NULL, 54.1539237783),
	('mathArenaMarket', 'marketStatsMedium', 'CC1', 4, NULL, 54.1539237783),
	('mathArenaMarket', 'marketStatsMedium', 'CC1', 10, NULL, 0.0000000000),
	('mathArenaMarket', 'marketStatsMedium', 'CC1', 3, NULL, 1.0830784756),
	('mathArenaMarket', 'marketStatsMedium', 'CC1', 1, NULL, 0.0000000000),
	('mathArenaMarket', 'marketStatsMedium', 'CC1', 2, NULL, -1000000000.0000000000),
	('mathArenaMarket', 'marketStatsMedium', 'CC1', 6, NULL, -1.0000001083),
	('mathArenaMarket', 'marketStatsMedium', 'CC1', 5, NULL, -500000000.0000000000),
	('mathArenaMarket', 'marketStatsMedium', 'CC2', 0, 0, 43.9102140214),
	('mathArenaMarket', 'marketStatsMedium', 'CC2', 0, NULL, 43.9102140214),
	('mathArenaMarket', 'marketStatsMedium', 'CC2', 4, NULL, 43.9102140214),
	('mathArenaMarket', 'marketStatsMedium', 'CC2', 10, NULL, 0.0000000000),
	('mathArenaMarket', 'marketStatsMedium', 'CC2', 3, NULL, 0.8782042804),
	('mathArenaMarket', 'marketStatsMedium', 'CC2', 1, NULL, 0.0000000000),
	('mathArenaMarket', 'marketStatsMedium', 'CC2', 2, NULL, -1000000000.0000000000),
	('mathArenaMarket', 'marketStatsMedium', 'CC2', 6, NULL, -1.0000000878),
	('mathArenaMarket', 'marketStatsMedium', 'CC2', 5, NULL, -500000000.0000000000),
	('mathArenaMarket', 'marketStatsMedium', 'CC3', 0, 0, 14.3997212772),
	('mathArenaMarket', 'marketStatsMedium', 'CC3', 0, NULL, 14.3997212772),
	('mathArenaMarket', 'marketStatsMedium', 'CC3', 4, NULL, 14.3997212772),
	('mathArenaMarket', 'marketStatsMedium', 'CC3', 10, NULL, 0.0000000000),
	('mathArenaMarket', 'marketStatsMedium', 'CC3', 3, NULL, 0.2879944255),
	('mathArenaMarket', 'marketStatsMedium', 'CC3', 1, NULL, 0.0000000000),
	('mathArenaMarket', 'marketStatsMedium', 'CC3', 2, NULL, -1000000000.0000000000),
	('mathArenaMarket', 'marketStatsMedium', 'CC3', 6, NULL, -1.0000000288),
	('mathArenaMarket', 'marketStatsMedium', 'CC3', 5, NULL, -500000000.0000000000),
	('mathArenaMarket', 'marketStatsMedium', 'CC4', 0, 0, 106.6608575414),
	('mathArenaMarket', 'marketStatsMedium', 'CC4', 0, NULL, 106.6608575414),
	('mathArenaMarket', 'marketStatsMedium', 'CC4', 4, NULL, 106.6608575414),
	('mathArenaMarket', 'marketStatsMedium', 'CC4', 10, NULL, 0.0000000000),
	('mathArenaMarket', 'marketStatsMedium', 'CC4', 3, NULL, 2.1332171508),
	('mathArenaMarket', 'marketStatsMedium', 'CC4', 1, NULL, 0.0000000000),
	('mathArenaMarket', 'marketStatsMedium', 'CC4', 2, NULL, -1000000000.0000000000),
	('mathArenaMarket', 'marketStatsMedium', 'CC4', 6, NULL, -1.0000002133),
	('mathArenaMarket', 'marketStatsMedium', 'CC4', 5, NULL, -500000000.0000000000),
	('mathArenaMarket', 'marketStatsMedium', 'CC5', 0, 0, 64.2717405167),
	('mathArenaMarket', 'marketStatsMedium', 'CC5', 0, NULL, 64.2717405167),
	('mathArenaMarket', 'marketStatsMedium', 'CC5', 4, NULL, 64.2717405167),
	('mathArenaMarket', 'marketStatsMedium', 'CC5', 10, NULL, 0.0000000000),
	('mathArenaMarket', 'marketStatsMedium', 'CC5', 3, NULL, 1.2854348103),
	('mathArenaMarket', 'marketStatsMedium', 'CC5', 1, NULL, 0.0000000000),
	('mathArenaMarket', 'marketStatsMedium', 'CC5', 2, NULL, -1000000000.0000000000),
	('mathArenaMarket', 'marketStatsMedium', 'CC5', 6, NULL, -1.0000001285),
	('mathArenaMarket', 'marketStatsMedium', 'CC5', 5, NULL, -500000000.0000000000),
	('mathArenaMarket', 'marketStatsMedium', 'USD', 0, 0, 1.0000000000),
	('mathArenaMarket', 'marketStatsMedium', 'USD', 0, NULL, 1.0000000000),
	('mathArenaMarket', 'marketStatsMedium', 'USD', 4, NULL, 1.0000000000),
	('mathArenaMarket', 'marketStatsMedium', 'USD', 10, NULL, 0.0000000000),
	('mathArenaMarket', 'marketStatsMedium', 'USD', 3, NULL, 0.0200000000),
	('mathArenaMarket', 'marketStatsMedium', 'USD', 1, NULL, 0.0000000000),
	('mathArenaMarket', 'marketStatsMedium', 'USD', 2, NULL, -1000000000.0000000000),
	('mathArenaMarket', 'marketStatsMedium', 'USD', 6, NULL, -1.0000000020),
	('mathArenaMarket', 'marketStatsMedium', 'USD', 5, NULL, -500000000.0000000000),
	('mathArenaMarket', 'marketStatsShort', 'CC1', 0, 0, 51.5543203307),
	('mathArenaMarket', 'marketStatsShort', 'CC1', 0, 1, 51.7031510273),
	('mathArenaMarket', 'marketStatsShort', 'CC1', 0, 2, 51.8527236918),
	('mathArenaMarket', 'marketStatsShort', 'CC1', 0, 3, 52.0026644704),
	('mathArenaMarket', 'marketStatsShort', 'CC1', 0, 4, 52.1525985892),
	('mathArenaMarket', 'marketStatsShort', 'CC1', 0, 5, 52.3021512910),
	('mathArenaMarket', 'marketStatsShort', 'CC1', 0, 6, 52.4509487719),
	('mathArenaMarket', 'marketStatsShort', 'CC1', 0, 7, 52.5986191157),
	('mathArenaMarket', 'marketStatsShort', 'CC1', 0, 8, 52.7447932235),
	('mathArenaMarket', 'marketStatsShort', 'CC1', 0, 9, 52.8891057361),
	('mathArenaMarket', 'marketStatsShort', 'CC1', 0, 10, 53.0311959474),
	('mathArenaMarket', 'marketStatsShort', 'CC1', 0, 11, 53.1707087059),
	('mathArenaMarket', 'marketStatsShort', 'CC1', 0, 12, 53.3072953023),
	('mathArenaMarket', 'marketStatsShort', 'CC1', 0, 13, 53.4406143413),
	('mathArenaMarket', 'marketStatsShort', 'CC1', 0, 14, 53.5703325947),
	('mathArenaMarket', 'marketStatsShort', 'CC1', 0, 15, 53.6961258344),
	('mathArenaMarket', 'marketStatsShort', 'CC1', 0, 16, 53.8176796429),
	('mathArenaMarket', 'marketStatsShort', 'CC1', 0, 17, 53.9346901988),
	('mathArenaMarket', 'marketStatsShort', 'CC1', 0, 18, 54.0468650369),
	('mathArenaMarket', 'marketStatsShort', 'CC1', 0, 19, 54.1539237783),
	('mathArenaMarket', 'marketStatsShort', 'CC1', 0, 20, 54.2555988320),
	('mathArenaMarket', 'marketStatsShort', 'CC1', 0, 21, 54.3516360634),
	('mathArenaMarket', 'marketStatsShort', 'CC1', 0, 22, 54.4417954293),
	('mathArenaMarket', 'marketStatsShort', 'CC1', 0, 23, 54.5258515783),
	('mathArenaMarket', 'marketStatsShort', 'CC1', 0, 24, 54.6035944138),
	('mathArenaMarket', 'marketStatsShort', 'CC1', 0, 25, 54.6748296191),
	('mathArenaMarket', 'marketStatsShort', 'CC1', 0, 26, 54.7393791435),
	('mathArenaMarket', 'marketStatsShort', 'CC1', 0, 27, 54.7970816466),
	('mathArenaMarket', 'marketStatsShort', 'CC1', 0, 28, 54.8477929023),
	('mathArenaMarket', 'marketStatsShort', 'CC1', 0, 29, 54.8913861589),
	('mathArenaMarket', 'marketStatsShort', 'CC1', 0, 30, 54.9277524558),
	('mathArenaMarket', 'marketStatsShort', 'CC1', 0, 31, 54.9568008964),
	('mathArenaMarket', 'marketStatsShort', 'CC1', 0, 32, 54.9784588746),
	('mathArenaMarket', 'marketStatsShort', 'CC1', 0, 33, 54.9926722567),
	('mathArenaMarket', 'marketStatsShort', 'CC1', 0, 34, 54.9994055168),
	('mathArenaMarket', 'marketStatsShort', 'CC1', 0, 35, 54.9986418251),
	('mathArenaMarket', 'marketStatsShort', 'CC1', 0, 36, 54.9903830906),
	('mathArenaMarket', 'marketStatsShort', 'CC1', 0, 37, 54.9746499556),
	('mathArenaMarket', 'marketStatsShort', 'CC1', 0, 38, 54.9514817450),
	('mathArenaMarket', 'marketStatsShort', 'CC1', 0, 39, 54.9209363671),
	('mathArenaMarket', 'marketStatsShort', 'CC1', 0, 40, 54.8830901695),
	('mathArenaMarket', 'marketStatsShort', 'CC1', 0, 41, 54.8380377479),
	('mathArenaMarket', 'marketStatsShort', 'CC1', 0, 42, 54.7858917100),
	('mathArenaMarket', 'marketStatsShort', 'CC1', 0, 43, 54.7267823936),
	('mathArenaMarket', 'marketStatsShort', 'CC1', 0, 44, 54.6608575414),
	('mathArenaMarket', 'marketStatsShort', 'CC1', 0, 45, 54.5882819311),
	('mathArenaMarket', 'marketStatsShort', 'CC1', 0, 46, 54.5092369638),
	('mathArenaMarket', 'marketStatsShort', 'CC1', 0, 47, 54.4239202110),
	('mathArenaMarket', 'marketStatsShort', 'CC1', 0, 48, 54.3325449200),
	('mathArenaMarket', 'marketStatsShort', 'CC1', 0, 49, 54.2353394814),
	('mathArenaMarket', 'marketStatsShort', 'CC1', 0, NULL, 54.2353394814),
	('mathArenaMarket', 'marketStatsShort', 'CC1', 4, NULL, 2700.2246194711),
	('mathArenaMarket', 'marketStatsShort', 'CC1', 10, NULL, 0.0000000000),
	('mathArenaMarket', 'marketStatsShort', 'CC1', 3, NULL, 54.0044923894),
	('mathArenaMarket', 'marketStatsShort', 'CC1', 1, NULL, 0.0000000000),
	('mathArenaMarket', 'marketStatsShort', 'CC1', 2, NULL, -1000000000.0000000000),
	('mathArenaMarket', 'marketStatsShort', 'CC1', 6, NULL, -1.0000001085),
	('mathArenaMarket', 'marketStatsShort', 'CC1', 5, NULL, -500000000.0000000000),
	('mathArenaMarket', 'marketStatsShort', 'CC2', 0, 0, 44.9927650199),
	('mathArenaMarket', 'marketStatsShort', 'CC2', 0, 1, 44.9994317417),
	('mathArenaMarket', 'marketStatsShort', 'CC2', 0, 2, 44.9986014461),
	('mathArenaMarket', 'marketStatsShort', 'CC2', 0, 3, 44.9902762086),
	('mathArenaMarket', 'marketStatsShort', 'CC2', 0, 4, 44.9744768378),
	('mathArenaMarket', 'marketStatsShort', 'CC2', 0, 5, 44.9512428241),
	('mathArenaMarket', 'marketStatsShort', 'CC2', 0, 6, 44.9206322402),
	('mathArenaMarket', 'marketStatsShort', 'CC2', 0, 7, 44.8827215968),
	('mathArenaMarket', 'marketStatsShort', 'CC2', 0, 8, 44.8376056507),
	('mathArenaMarket', 'marketStatsShort', 'CC2', 0, 9, 44.7853971683),
	('mathArenaMarket', 'marketStatsShort', 'CC2', 0, 10, 44.7262266435),
	('mathArenaMarket', 'marketStatsShort', 'CC2', 0, 11, 44.6602419720),
	('mathArenaMarket', 'marketStatsShort', 'CC2', 0, 12, 44.5876080809),
	('mathArenaMarket', 'marketStatsShort', 'CC2', 0, 13, 44.5085065172),
	('mathArenaMarket', 'marketStatsShort', 'CC2', 0, 14, 44.4231349937),
	('mathArenaMarket', 'marketStatsShort', 'CC2', 0, 15, 44.3317068946),
	('mathArenaMarket', 'marketStatsShort', 'CC2', 0, 16, 44.2344507426),
	('mathArenaMarket', 'marketStatsShort', 'CC2', 0, 17, 44.1316096274),
	('mathArenaMarket', 'marketStatsShort', 'CC2', 0, 18, 44.0234405983),
	('mathArenaMarket', 'marketStatsShort', 'CC2', 0, 19, 43.9102140214),
	('mathArenaMarket', 'marketStatsShort', 'CC2', 0, 20, 43.7922129043),
	('mathArenaMarket', 'marketStatsShort', 'CC2', 0, 21, 43.6697321884),
	('mathArenaMarket', 'marketStatsShort', 'CC2', 0, 22, 43.5430780115),
	('mathArenaMarket', 'marketStatsShort', 'CC2', 0, 23, 43.4125669433),
	('mathArenaMarket', 'marketStatsShort', 'CC2', 0, 24, 43.2785251933),
	('mathArenaMarket', 'marketStatsShort', 'CC2', 0, 25, 43.1412877962),
	('mathArenaMarket', 'marketStatsShort', 'CC2', 0, 26, 43.0011977739),
	('mathArenaMarket', 'marketStatsShort', 'CC2', 0, 27, 42.8586052787),
	('mathArenaMarket', 'marketStatsShort', 'CC2', 0, 28, 42.7138667174),
	('mathArenaMarket', 'marketStatsShort', 'CC2', 0, 29, 42.5673438611),
	('mathArenaMarket', 'marketStatsShort', 'CC2', 0, 30, 42.4194029405),
	('mathArenaMarket', 'marketStatsShort', 'CC2', 0, 31, 42.2704137311),
	('mathArenaMarket', 'marketStatsShort', 'CC2', 0, 32, 42.1207486282),
	('mathArenaMarket', 'marketStatsShort', 'CC2', 0, 33, 41.9707817166),
	('mathArenaMarket', 'marketStatsShort', 'CC2', 0, 34, 41.8208878354),
	('mathArenaMarket', 'marketStatsShort', 'CC2', 0, 35, 41.6714416414),
	('mathArenaMarket', 'marketStatsShort', 'CC2', 0, 36, 41.5228166722),
	('mathArenaMarket', 'marketStatsShort', 'CC2', 0, 37, 41.3753844128),
	('mathArenaMarket', 'marketStatsShort', 'CC2', 0, 38, 41.2295133671),
	('mathArenaMarket', 'marketStatsShort', 'CC2', 0, 39, 41.0855681367),
	('mathArenaMarket', 'marketStatsShort', 'CC2', 0, 40, 40.9439085097),
	('mathArenaMarket', 'marketStatsShort', 'CC2', 0, 41, 40.8048885615),
	('mathArenaMarket', 'marketStatsShort', 'CC2', 0, 42, 40.6688557694),
	('mathArenaMarket', 'marketStatsShort', 'CC2', 0, 43, 40.5361501447),
	('mathArenaMarket', 'marketStatsShort', 'CC2', 0, 44, 40.4071033822),
	('mathArenaMarket', 'marketStatsShort', 'CC2', 0, 45, 40.2820380318),
	('mathArenaMarket', 'marketStatsShort', 'CC2', 0, 46, 40.1612666915),
	('mathArenaMarket', 'marketStatsShort', 'CC2', 0, 47, 40.0450912270),
	('mathArenaMarket', 'marketStatsShort', 'CC2', 0, 48, 39.9338020162),
	('mathArenaMarket', 'marketStatsShort', 'CC2', 0, 49, 39.8276772244),
	('mathArenaMarket', 'marketStatsShort', 'CC2', 0, NULL, 39.8276772244),
	('mathArenaMarket', 'marketStatsShort', 'CC2', 4, NULL, 2145.9464481343),
	('mathArenaMarket', 'marketStatsShort', 'CC2', 10, NULL, 0.0000000000),
	('mathArenaMarket', 'marketStatsShort', 'CC2', 3, NULL, 42.9189289627),
	('mathArenaMarket', 'marketStatsShort', 'CC2', 1, NULL, 0.0000000000),
	('mathArenaMarket', 'marketStatsShort', 'CC2', 2, NULL, -1000000000.0000000000),
	('mathArenaMarket', 'marketStatsShort', 'CC2', 6, NULL, -1.0000000797),
	('mathArenaMarket', 'marketStatsShort', 'CC2', 5, NULL, -500000000.0000000000),
	('mathArenaMarket', 'marketStatsShort', 'CC3', 0, 0, 14.2704469242),
	('mathArenaMarket', 'marketStatsShort', 'CC3', 0, 1, 14.2116438246),
	('mathArenaMarket', 'marketStatsShort', 'CC3', 0, 2, 14.1598101632),
	('mathArenaMarket', 'marketStatsShort', 'CC3', 0, 3, 14.1150754973),
	('mathArenaMarket', 'marketStatsShort', 'CC3', 0, 4, 14.0775516403),
	('mathArenaMarket', 'marketStatsShort', 'CC3', 0, 5, 14.0473323821),
	('mathArenaMarket', 'marketStatsShort', 'CC3', 0, 6, 14.0244932553),
	('mathArenaMarket', 'marketStatsShort', 'CC3', 0, 7, 14.0090913457),
	('mathArenaMarket', 'marketStatsShort', 'CC3', 0, 8, 14.0011651501),
	('mathArenaMarket', 'marketStatsShort', 'CC3', 0, 9, 14.0007344799),
	('mathArenaMarket', 'marketStatsShort', 'CC3', 0, 10, 14.0078004115),
	('mathArenaMarket', 'marketStatsShort', 'CC3', 0, 11, 14.0223452838),
	('mathArenaMarket', 'marketStatsShort', 'CC3', 0, 12, 14.0443327421),
	('mathArenaMarket', 'marketStatsShort', 'CC3', 0, 13, 14.0737078293),
	('mathArenaMarket', 'marketStatsShort', 'CC3', 0, 14, 14.1103971229),
	('mathArenaMarket', 'marketStatsShort', 'CC3', 0, 15, 14.1543089188),
	('mathArenaMarket', 'marketStatsShort', 'CC3', 0, 16, 14.2053334605),
	('mathArenaMarket', 'marketStatsShort', 'CC3', 0, 17, 14.2633432130),
	('mathArenaMarket', 'marketStatsShort', 'CC3', 0, 18, 14.3281931823),
	('mathArenaMarket', 'marketStatsShort', 'CC3', 0, 19, 14.3997212772),
	('mathArenaMarket', 'marketStatsShort', 'CC3', 0, 20, 14.4777487147),
	('mathArenaMarket', 'marketStatsShort', 'CC3', 0, 21, 14.5620804669),
	('mathArenaMarket', 'marketStatsShort', 'CC3', 0, 22, 14.6525057482),
	('mathArenaMarket', 'marketStatsShort', 'CC3', 0, 23, 14.7487985426),
	('mathArenaMarket', 'marketStatsShort', 'CC3', 0, 24, 14.8507181683),
	('mathArenaMarket', 'marketStatsShort', 'CC3', 0, 25, 14.9580098792),
	('mathArenaMarket', 'marketStatsShort', 'CC3', 0, 26, 15.0704055019),
	('mathArenaMarket', 'marketStatsShort', 'CC3', 0, 27, 15.1876241060),
	('mathArenaMarket', 'marketStatsShort', 'CC3', 0, 28, 15.3093727060),
	('mathArenaMarket', 'marketStatsShort', 'CC3', 0, 29, 15.4353469937),
	('mathArenaMarket', 'marketStatsShort', 'CC3', 0, 30, 15.5652320991),
	('mathArenaMarket', 'marketStatsShort', 'CC3', 0, 31, 15.6987033771),
	('mathArenaMarket', 'marketStatsShort', 'CC3', 0, 32, 15.8354272189),
	('mathArenaMarket', 'marketStatsShort', 'CC3', 0, 33, 15.9750618861),
	('mathArenaMarket', 'marketStatsShort', 'CC3', 0, 34, 16.1172583649),
	('mathArenaMarket', 'marketStatsShort', 'CC3', 0, 35, 16.2616612380),
	('mathArenaMarket', 'marketStatsShort', 'CC3', 0, 36, 16.4079095735),
	('mathArenaMarket', 'marketStatsShort', 'CC3', 0, 37, 16.5556378267),
	('mathArenaMarket', 'marketStatsShort', 'CC3', 0, 38, 16.7044767539),
	('mathArenaMarket', 'marketStatsShort', 'CC3', 0, 39, 16.8540543354),
	('mathArenaMarket', 'marketStatsShort', 'CC3', 0, 40, 17.0039967050),
	('mathArenaMarket', 'marketStatsShort', 'CC3', 0, 41, 17.1539290849),
	('mathArenaMarket', 'marketStatsShort', 'CC3', 0, 42, 17.3034767222),
	('mathArenaMarket', 'marketStatsShort', 'CC3', 0, 43, 17.4522658259),
	('mathArenaMarket', 'marketStatsShort', 'CC3', 0, 44, 17.5999245004),
	('mathArenaMarket', 'marketStatsShort', 'CC3', 0, 45, 17.7460836762),
	('mathArenaMarket', 'marketStatsShort', 'CC3', 0, 46, 17.8903780313),
	('mathArenaMarket', 'marketStatsShort', 'CC3', 0, 47, 18.0324469051),
	('mathArenaMarket', 'marketStatsShort', 'CC3', 0, 48, 18.1719351992),
	('mathArenaMarket', 'marketStatsShort', 'CC3', 0, 49, 18.3084942657),
	('mathArenaMarket', 'marketStatsShort', 'CC3', 0, NULL, 18.3084942657),
	('mathArenaMarket', 'marketStatsShort', 'CC3', 4, NULL, 770.4177925211),
	('mathArenaMarket', 'marketStatsShort', 'CC3', 10, NULL, 0.0000000000),
	('mathArenaMarket', 'marketStatsShort', 'CC3', 3, NULL, 15.4083558504),
	('mathArenaMarket', 'marketStatsShort', 'CC3', 1, NULL, 0.0000000000),
	('mathArenaMarket', 'marketStatsShort', 'CC3', 2, NULL, -1000000000.0000000000),
	('mathArenaMarket', 'marketStatsShort', 'CC3', 6, NULL, -1.0000000366),
	('mathArenaMarket', 'marketStatsShort', 'CC3', 5, NULL, -500000000.0000000000),
	('mathArenaMarket', 'marketStatsShort', 'CC4', 0, 0, 106.6748296191),
	('mathArenaMarket', 'marketStatsShort', 'CC4', 0, 1, 106.7393791435),
	('mathArenaMarket', 'marketStatsShort', 'CC4', 0, 2, 106.7970816466),
	('mathArenaMarket', 'marketStatsShort', 'CC4', 0, 3, 106.8477929023),
	('mathArenaMarket', 'marketStatsShort', 'CC4', 0, 4, 106.8913861589),
	('mathArenaMarket', 'marketStatsShort', 'CC4', 0, 5, 106.9277524558),
	('mathArenaMarket', 'marketStatsShort', 'CC4', 0, 6, 106.9568008964),
	('mathArenaMarket', 'marketStatsShort', 'CC4', 0, 7, 106.9784588746),
	('mathArenaMarket', 'marketStatsShort', 'CC4', 0, 8, 106.9926722567),
	('mathArenaMarket', 'marketStatsShort', 'CC4', 0, 9, 106.9994055168),
	('mathArenaMarket', 'marketStatsShort', 'CC4', 0, 10, 106.9986418251),
	('mathArenaMarket', 'marketStatsShort', 'CC4', 0, 11, 106.9903830906),
	('mathArenaMarket', 'marketStatsShort', 'CC4', 0, 12, 106.9746499556),
	('mathArenaMarket', 'marketStatsShort', 'CC4', 0, 13, 106.9514817450),
	('mathArenaMarket', 'marketStatsShort', 'CC4', 0, 14, 106.9209363671),
	('mathArenaMarket', 'marketStatsShort', 'CC4', 0, 15, 106.8830901695),
	('mathArenaMarket', 'marketStatsShort', 'CC4', 0, 16, 106.8380377479),
	('mathArenaMarket', 'marketStatsShort', 'CC4', 0, 17, 106.7858917100),
	('mathArenaMarket', 'marketStatsShort', 'CC4', 0, 18, 106.7267823936),
	('mathArenaMarket', 'marketStatsShort', 'CC4', 0, 19, 106.6608575414),
	('mathArenaMarket', 'marketStatsShort', 'CC4', 0, 20, 106.5882819311),
	('mathArenaMarket', 'marketStatsShort', 'CC4', 0, 21, 106.5092369638),
	('mathArenaMarket', 'marketStatsShort', 'CC4', 0, 22, 106.4239202110),
	('mathArenaMarket', 'marketStatsShort', 'CC4', 0, 23, 106.3325449200),
	('mathArenaMarket', 'marketStatsShort', 'CC4', 0, 24, 106.2353394814),
	('mathArenaMarket', 'marketStatsShort', 'CC4', 0, 25, 106.1325468583),
	('mathArenaMarket', 'marketStatsShort', 'CC4', 0, 26, 106.0244239787),
	('mathArenaMarket', 'marketStatsShort', 'CC4', 0, 27, 105.9112410934),
	('mathArenaMarket', 'marketStatsShort', 'CC4', 0, 28, 105.7932811007),
	('mathArenaMarket', 'marketStatsShort', 'CC4', 0, 29, 105.6708388392),
	('mathArenaMarket', 'marketStatsShort', 'CC4', 0, 30, 105.5442203508),
	('mathArenaMarket', 'marketStatsShort', 'CC4', 0, 31, 105.4137421157),
	('mathArenaMarket', 'marketStatsShort', 'CC4', 0, 32, 105.2797302615),
	('mathArenaMarket', 'marketStatsShort', 'CC4', 0, 33, 105.1425197482),
	('mathArenaMarket', 'marketStatsShort', 'CC4', 0, 34, 105.0024535305),
	('mathArenaMarket', 'marketStatsShort', 'CC4', 0, 35, 104.8598817011),
	('mathArenaMarket', 'marketStatsShort', 'CC4', 0, 36, 104.7151606152),
	('mathArenaMarket', 'marketStatsShort', 'CC4', 0, 37, 104.5686520003),
	('mathArenaMarket', 'marketStatsShort', 'CC4', 0, 38, 104.4207220515),
	('mathArenaMarket', 'marketStatsShort', 'CC4', 0, 39, 104.2717405167),
	('mathArenaMarket', 'marketStatsShort', 'CC4', 0, 40, 104.1220797721),
	('mathArenaMarket', 'marketStatsShort', 'CC4', 0, 41, 103.9721138916),
	('mathArenaMarket', 'marketStatsShort', 'CC4', 0, 42, 103.8222177119),
	('mathArenaMarket', 'marketStatsShort', 'CC4', 0, 43, 103.6727658953),
	('mathArenaMarket', 'marketStatsShort', 'CC4', 0, 44, 103.5241319936),
	('mathArenaMarket', 'marketStatsShort', 'CC4', 0, 45, 103.3766875140),
	('mathArenaMarket', 'marketStatsShort', 'CC4', 0, 46, 103.2308009911),
	('mathArenaMarket', 'marketStatsShort', 'CC4', 0, 47, 103.0868370651),
	('mathArenaMarket', 'marketStatsShort', 'CC4', 0, 48, 102.9451555709),
	('mathArenaMarket', 'marketStatsShort', 'CC4', 0, 49, 102.8061106383),
	('mathArenaMarket', 'marketStatsShort', 'CC4', 0, NULL, 102.8061106383),
	('mathArenaMarket', 'marketStatsShort', 'CC4', 4, NULL, 5282.9356913295),
	('mathArenaMarket', 'marketStatsShort', 'CC4', 10, NULL, 0.0000000000),
	('mathArenaMarket', 'marketStatsShort', 'CC4', 3, NULL, 105.6587138266),
	('mathArenaMarket', 'marketStatsShort', 'CC4', 1, NULL, 0.0000000000),
	('mathArenaMarket', 'marketStatsShort', 'CC4', 2, NULL, -1000000000.0000000000),
	('mathArenaMarket', 'marketStatsShort', 'CC4', 6, NULL, -1.0000002056),
	('mathArenaMarket', 'marketStatsShort', 'CC4', 5, NULL, -500000000.0000000000),
	('mathArenaMarket', 'marketStatsShort', 'CC5', 0, 0, 66.5882819311),
	('mathArenaMarket', 'marketStatsShort', 'CC5', 0, 1, 66.5092369638),
	('mathArenaMarket', 'marketStatsShort', 'CC5', 0, 2, 66.4239202110),
	('mathArenaMarket', 'marketStatsShort', 'CC5', 0, 3, 66.3325449200),
	('mathArenaMarket', 'marketStatsShort', 'CC5', 0, 4, 66.2353394814),
	('mathArenaMarket', 'marketStatsShort', 'CC5', 0, 5, 66.1325468583),
	('mathArenaMarket', 'marketStatsShort', 'CC5', 0, 6, 66.0244239787),
	('mathArenaMarket', 'marketStatsShort', 'CC5', 0, 7, 65.9112410934),
	('mathArenaMarket', 'marketStatsShort', 'CC5', 0, 8, 65.7932811007),
	('mathArenaMarket', 'marketStatsShort', 'CC5', 0, 9, 65.6708388392),
	('mathArenaMarket', 'marketStatsShort', 'CC5', 0, 10, 65.5442203508),
	('mathArenaMarket', 'marketStatsShort', 'CC5', 0, 11, 65.4137421157),
	('mathArenaMarket', 'marketStatsShort', 'CC5', 0, 12, 65.2797302615),
	('mathArenaMarket', 'marketStatsShort', 'CC5', 0, 13, 65.1425197482),
	('mathArenaMarket', 'marketStatsShort', 'CC5', 0, 14, 65.0024535305),
	('mathArenaMarket', 'marketStatsShort', 'CC5', 0, 15, 64.8598817011),
	('mathArenaMarket', 'marketStatsShort', 'CC5', 0, 16, 64.7151606152),
	('mathArenaMarket', 'marketStatsShort', 'CC5', 0, 17, 64.5686520003),
	('mathArenaMarket', 'marketStatsShort', 'CC5', 0, 18, 64.4207220515),
	('mathArenaMarket', 'marketStatsShort', 'CC5', 0, 19, 64.2717405167),
	('mathArenaMarket', 'marketStatsShort', 'CC5', 0, 20, 64.1220797720),
	('mathArenaMarket', 'marketStatsShort', 'CC5', 0, 21, 63.9721138916),
	('mathArenaMarket', 'marketStatsShort', 'CC5', 0, 22, 63.8222177119),
	('mathArenaMarket', 'marketStatsShort', 'CC5', 0, 23, 63.6727658953),
	('mathArenaMarket', 'marketStatsShort', 'CC5', 0, 24, 63.5241319936),
	('mathArenaMarket', 'marketStatsShort', 'CC5', 0, 25, 63.3766875140),
	('mathArenaMarket', 'marketStatsShort', 'CC5', 0, 26, 63.2308009911),
	('mathArenaMarket', 'marketStatsShort', 'CC5', 0, 27, 63.0868370651),
	('mathArenaMarket', 'marketStatsShort', 'CC5', 0, 28, 62.9451555708),
	('mathArenaMarket', 'marketStatsShort', 'CC5', 0, 29, 62.8061106383),
	('mathArenaMarket', 'marketStatsShort', 'CC5', 0, 30, 62.6700498074),
	('mathArenaMarket', 'marketStatsShort', 'CC5', 0, 31, 62.5373131594),
	('mathArenaMarket', 'marketStatsShort', 'CC5', 0, 32, 62.4082324667),
	('mathArenaMarket', 'marketStatsShort', 'CC5', 0, 33, 62.2831303639),
	('mathArenaMarket', 'marketStatsShort', 'CC5', 0, 34, 62.1623195411),
	('mathArenaMarket', 'marketStatsShort', 'CC5', 0, 35, 62.0461019623),
	('mathArenaMarket', 'marketStatsShort', 'CC5', 0, 36, 61.9347681111),
	('mathArenaMarket', 'marketStatsShort', 'CC5', 0, 37, 61.8285962640),
	('mathArenaMarket', 'marketStatsShort', 'CC5', 0, 38, 61.7278517955),
	('mathArenaMarket', 'marketStatsShort', 'CC5', 0, 39, 61.6327865141),
	('mathArenaMarket', 'marketStatsShort', 'CC5', 0, 40, 61.5436380336),
	('mathArenaMarket', 'marketStatsShort', 'CC5', 0, 41, 61.4606291788),
	('mathArenaMarket', 'marketStatsShort', 'CC5', 0, 42, 61.3839674286),
	('mathArenaMarket', 'marketStatsShort', 'CC5', 0, 43, 61.3138443974),
	('mathArenaMarket', 'marketStatsShort', 'CC5', 0, 44, 61.2504353563),
	('mathArenaMarket', 'marketStatsShort', 'CC5', 0, 45, 61.1938987948),
	('mathArenaMarket', 'marketStatsShort', 'CC5', 0, 46, 61.1443760250),
	('mathArenaMarket', 'marketStatsShort', 'CC5', 0, 47, 61.1019908279),
	('mathArenaMarket', 'marketStatsShort', 'CC5', 0, 48, 61.0668491445),
	('mathArenaMarket', 'marketStatsShort', 'CC5', 0, 49, 61.0390388107),
	('mathArenaMarket', 'marketStatsShort', 'CC5', 0, NULL, 61.0390388107),
	('mathArenaMarket', 'marketStatsShort', 'CC5', 4, NULL, 3179.1291972959),
	('mathArenaMarket', 'marketStatsShort', 'CC5', 10, NULL, 0.0000000000),
	('mathArenaMarket', 'marketStatsShort', 'CC5', 3, NULL, 63.5825839459),
	('mathArenaMarket', 'marketStatsShort', 'CC5', 1, NULL, 0.0000000000),
	('mathArenaMarket', 'marketStatsShort', 'CC5', 2, NULL, -1000000000.0000000000),
	('mathArenaMarket', 'marketStatsShort', 'CC5', 6, NULL, -1.0000001221),
	('mathArenaMarket', 'marketStatsShort', 'CC5', 5, NULL, -500000000.0000000000),
	('mathArenaMarket', 'marketStatsShort', 'USD', 0, 0, 1.0000000000),
	('mathArenaMarket', 'marketStatsShort', 'USD', 0, 1, 1.0000000000),
	('mathArenaMarket', 'marketStatsShort', 'USD', 0, 2, 1.0000000000),
	('mathArenaMarket', 'marketStatsShort', 'USD', 0, 3, 1.0000000000),
	('mathArenaMarket', 'marketStatsShort', 'USD', 0, 4, 1.0000000000),
	('mathArenaMarket', 'marketStatsShort', 'USD', 0, 5, 1.0000000000),
	('mathArenaMarket', 'marketStatsShort', 'USD', 0, 6, 1.0000000000),
	('mathArenaMarket', 'marketStatsShort', 'USD', 0, 7, 1.0000000000),
	('mathArenaMarket', 'marketStatsShort', 'USD', 0, 8, 1.0000000000),
	('mathArenaMarket', 'marketStatsShort', 'USD', 0, 9, 1.0000000000),
	('mathArenaMarket', 'marketStatsShort', 'USD', 0, 10, 1.0000000000),
	('mathArenaMarket', 'marketStatsShort', 'USD', 0, 11, 1.0000000000),
	('mathArenaMarket', 'marketStatsShort', 'USD', 0, 12, 1.0000000000),
	('mathArenaMarket', 'marketStatsShort', 'USD', 0, 13, 1.0000000000),
	('mathArenaMarket', 'marketStatsShort', 'USD', 0, 14, 1.0000000000),
	('mathArenaMarket', 'marketStatsShort', 'USD', 0, 15, 1.0000000000),
	('mathArenaMarket', 'marketStatsShort', 'USD', 0, 16, 1.0000000000),
	('mathArenaMarket', 'marketStatsShort', 'USD', 0, 17, 1.0000000000),
	('mathArenaMarket', 'marketStatsShort', 'USD', 0, 18, 1.0000000000),
	('mathArenaMarket', 'marketStatsShort', 'USD', 0, 19, 1.0000000000),
	('mathArenaMarket', 'marketStatsShort', 'USD', 0, 20, 1.0000000000),
	('mathArenaMarket', 'marketStatsShort', 'USD', 0, 21, 1.0000000000),
	('mathArenaMarket', 'marketStatsShort', 'USD', 0, 22, 1.0000000000),
	('mathArenaMarket', 'marketStatsShort', 'USD', 0, 23, 1.0000000000),
	('mathArenaMarket', 'marketStatsShort', 'USD', 0, 24, 1.0000000000),
	('mathArenaMarket', 'marketStatsShort', 'USD', 0, 25, 1.0000000000),
	('mathArenaMarket', 'marketStatsShort', 'USD', 0, 26, 1.0000000000),
	('mathArenaMarket', 'marketStatsShort', 'USD', 0, 27, 1.0000000000),
	('mathArenaMarket', 'marketStatsShort', 'USD', 0, 28, 1.0000000000),
	('mathArenaMarket', 'marketStatsShort', 'USD', 0, 29, 1.0000000000),
	('mathArenaMarket', 'marketStatsShort', 'USD', 0, 30, 1.0000000000),
	('mathArenaMarket', 'marketStatsShort', 'USD', 0, 31, 1.0000000000),
	('mathArenaMarket', 'marketStatsShort', 'USD', 0, 32, 1.0000000000),
	('mathArenaMarket', 'marketStatsShort', 'USD', 0, 33, 1.0000000000),
	('mathArenaMarket', 'marketStatsShort', 'USD', 0, 34, 1.0000000000),
	('mathArenaMarket', 'marketStatsShort', 'USD', 0, 35, 1.0000000000),
	('mathArenaMarket', 'marketStatsShort', 'USD', 0, 36, 1.0000000000),
	('mathArenaMarket', 'marketStatsShort', 'USD', 0, 37, 1.0000000000),
	('mathArenaMarket', 'marketStatsShort', 'USD', 0, 38, 1.0000000000),
	('mathArenaMarket', 'marketStatsShort', 'USD', 0, 39, 1.0000000000),
	('mathArenaMarket', 'marketStatsShort', 'USD', 0, 40, 1.0000000000),
	('mathArenaMarket', 'marketStatsShort', 'USD', 0, 41, 1.0000000000),
	('mathArenaMarket', 'marketStatsShort', 'USD', 0, 42, 1.0000000000),
	('mathArenaMarket', 'marketStatsShort', 'USD', 0, 43, 1.0000000000),
	('mathArenaMarket', 'marketStatsShort', 'USD', 0, 44, 1.0000000000),
	('mathArenaMarket', 'marketStatsShort', 'USD', 0, 45, 1.0000000000),
	('mathArenaMarket', 'marketStatsShort', 'USD', 0, 46, 1.0000000000),
	('mathArenaMarket', 'marketStatsShort', 'USD', 0, 47, 1.0000000000),
	('mathArenaMarket', 'marketStatsShort', 'USD', 0, 48, 1.0000000000),
	('mathArenaMarket', 'marketStatsShort', 'USD', 0, 49, 1.0000000000),
	('mathArenaMarket', 'marketStatsShort', 'USD', 0, NULL, 1.0000000000),
	('mathArenaMarket', 'marketStatsShort', 'USD', 4, NULL, 50.0000000000),
	('mathArenaMarket', 'marketStatsShort', 'USD', 10, NULL, 0.0000000000),
	('mathArenaMarket', 'marketStatsShort', 'USD', 3, NULL, 1.0000000000),
	('mathArenaMarket', 'marketStatsShort', 'USD', 1, NULL, 0.0000000000),
	('mathArenaMarket', 'marketStatsShort', 'USD', 2, NULL, -1000000000.0000000000),
	('mathArenaMarket', 'marketStatsShort', 'USD', 6, NULL, -1.0000000020),
	('mathArenaMarket', 'marketStatsShort', 'USD', 5, NULL, -500000000.0000000000);
/*!40000 ALTER TABLE `marketstatslog` ENABLE KEYS */;

-- Volcando estructura para tabla horus_t.markettrader
CREATE TABLE IF NOT EXISTS `markettrader` (
  `botArenaId` varchar(50) DEFAULT NULL,
  `traderId` varchar(50) DEFAULT NULL,
  `traderTitle` varchar(50) DEFAULT NULL,
  `portfolioId` varchar(50) DEFAULT NULL,
  `nextQueueId` bigint(20) DEFAULT NULL,
  `autoApprove` int(11) DEFAULT NULL,
  `waitBeats` int(11) DEFAULT NULL,
  `minFlushBeats` int(11) DEFAULT NULL,
  `settingBuyUnits` int(11) DEFAULT NULL,
  `settingBuyMinimum` decimal(20,8) DEFAULT NULL,
  `minEarn` int(11) DEFAULT NULL,
  `notificationsEnabled` int(11) DEFAULT NULL,
  `autoCancelBuyBeats` int(11) DEFAULT NULL,
  `isSuspended` int(11) DEFAULT NULL,
  `dailyWaitFromMarketOpen` int(11) DEFAULT NULL,
  `dailyWaitFromMarketClose` int(11) DEFAULT NULL,
  `telegramChatId` varchar(50) DEFAULT NULL
) ENGINE=InnoDB DEFAULT CHARSET=utf8mb4;

-- Volcando datos para la tabla horus_t.markettrader: ~38 rows (aproximadamente)
/*!40000 ALTER TABLE `markettrader` DISABLE KEYS */;
INSERT INTO `markettrader` (`botArenaId`, `traderId`, `traderTitle`, `portfolioId`, `nextQueueId`, `autoApprove`, `waitBeats`, `minFlushBeats`, `settingBuyUnits`, `settingBuyMinimum`, `minEarn`, `notificationsEnabled`, `autoCancelBuyBeats`, `isSuspended`, `dailyWaitFromMarketOpen`, `dailyWaitFromMarketClose`, `telegramChatId`) VALUES
	('mathArena', 'botMath1', 'Bot Prueba 1', 'botMath1Portfolio', 1, 0, 25, 1, 1, 0.10000000, 5, 0, 8, 1, 0, 0, '1639383990'),
	('mathArena', 'botMath2', 'Bot Prueba 2', 'botMath2Portfolio', 1, 0, 25, 1, 1, 0.10000000, 5, 0, 8, 0, 0, 0, '1639383990'),
	('mathArenaMarket', 'botMath3', 'Bot Prueba 3', 'botMath3Portfolio', 1, 1, 25, 1, 1, 0.10000000, 5, 0, 8, 0, 0, 0, '1639383990'),
	('cryptosLiveArena', 'botLive1', NULL, 'botCryptosLive1Portfolio', 1, 1, 25, 1, 1, 0.10000000, 5, 0, 8, 0, 0, 0, '1639383990'),
	('cryptosLiveArena', 'botLive2', NULL, 'botCryptosLive2Portfolio', 1, 1, 25, 1, 1, 0.10000000, 5, 0, 8, 0, 0, 0, '1639383990'),
	('cryptosLiveArena', 'botLive3', NULL, 'botCryptosLive3Portfolio', 1, 0, 25, 1, 1, 0.10000000, 5, 0, 8, 0, 0, 0, '1639383990'),
	('mervalAccionesGeneralLiveArena', 'botLive1', NULL, 'botMervalAccionesGeneralLive1Portfolio', 1, 1, 25, 1, 1, 0.10000000, 5, 0, 8, 0, 0, 0, '1639383990'),
	('mervalAccionesGeneralLiveArena', 'botLive2', NULL, 'botMervalAccionesGeneralLive2Portfolio', 1, 1, 25, 1, 1, 0.10000000, 5, 0, 8, 0, 0, 0, '1639383990'),
	('mervalAccionesGeneralLiveArena', 'botLive3', NULL, 'botMervalAccionesGeneralLive3Portfolio', 1, 0, 25, 1, 1, 0.10000000, 5, 0, 8, 0, 0, 0, '1639383990'),
	('mervalAccionesLideresLiveArena', 'botLive1', NULL, 'botMervalAccionesLideresLive1Portfolio', 1, 1, 25, 1, 1, 0.10000000, 5, 0, 8, 0, 0, 0, '1639383990'),
	('mervalAccionesLideresLiveArena', 'botLive2', NULL, 'botMervalAccionesLideresLive2Portfolio', 1, 1, 25, 1, 1, 0.10000000, 5, 0, 8, 0, 0, 0, '1639383990'),
	('mervalAccionesLideresLiveArena', 'botLive3', NULL, 'botMervalAccionesLideresLive3Portfolio', 1, 0, 25, 1, 1, 0.10000000, 5, 0, 8, 0, 0, 0, '1639383990'),
	('mervalCedearsLiveArena', 'botLive1', NULL, 'botMervalCedearsLive1Portfolio', 1, 1, 25, 1, 1, 0.10000000, 5, 0, 8, 0, 0, 0, '1639383990'),
	('mervalCedearsLiveArena', 'botLive2', NULL, 'botMervalCedearsLive2Portfolio', 1, 1, 25, 1, 1, 0.10000000, 5, 0, 8, 0, 0, 0, '1639383990'),
	('mervalCedearsLiveArena', 'botLive3', NULL, 'botMervalCedearsLive3Portfolio', 1, 0, 25, 1, 1, 0.10000000, 5, 0, 8, 0, 0, 0, '1639383990'),
	('nasdaq100LiveArena', 'botLive1', NULL, 'botNasdaq100Live1Portfolio', 1, 1, 25, 1, 1, 0.10000000, 5, 0, 8, 0, 0, 0, '1639383990'),
	('nasdaq100LiveArena', 'botLive2', NULL, 'botNasdaq100Live2Portfolio', 1, 1, 25, 1, 1, 0.10000000, 5, 0, 8, 0, 0, 0, '1639383990'),
	('snP100LiveArena', 'botLive3', NULL, 'botSnP100Live3Portfolio', 1, 1, 25, 1, 1, 0.10000000, 5, 0, 8, 0, 0, 0, '1639383990'),
	('snP100LiveArena', 'botLive1', NULL, 'botSnP100Live1Portfolio', 1, 1, 25, 1, 1, 0.10000000, 5, 0, 8, 0, 0, 0, '1639383990'),
	('snP100LiveArena', 'botLive2', NULL, 'botSnP100Live2Portfolio', 1, 1, 25, 1, 1, 0.10000000, 5, 0, 8, 0, 0, 0, '1639383990'),
	('nasdaq100LiveArena', 'botLive3', NULL, 'botNasdaq100Live3Portfolio', 1, 1, 25, 1, 1, 0.10000000, 5, 0, 8, 0, 0, 0, '1639383990'),
	('yfForexUsdLiveArena', 'botLive1', NULL, 'botYfForexUsdLive1Portfolio', 1, 1, 25, 1, 1, 0.10000000, 5, 0, 8, 0, 0, 0, '1639383990'),
	('yfForexUsdLiveArena', 'botLive2', NULL, 'botYfForexUsdLive2Portfolio', 1, 1, 25, 1, 1, 0.10000000, 5, 0, 8, 0, 0, 0, '1639383990'),
	('yfForexUsdLiveArena', 'botLive3', NULL, 'botYfForexUsdLive3Portfolio', 1, 1, 25, 1, 1, 0.10000000, 5, 0, 8, 0, 0, 0, '1639383990'),
	('cryptosTestArena', 'botTest1', NULL, 'botCryptosTest1Portfolio', 1, 1, 25, 1, 1, 0.10000000, 5, 0, 8, 0, 0, 0, '1639383990'),
	('cryptosTestArena', 'botTest2', NULL, 'botCryptosTest1Portfolio', 1, 1, 25, 1, 1, 0.10000000, 5, 0, 8, 0, 0, 0, '1639383990'),
	('mervalAccionesGeneralTestArena', 'botTest1', NULL, 'botMervalAccionesGeneralTest1Portfolio', 1, 1, 25, 1, 1, 0.10000000, 5, 0, 8, 0, 0, 0, '1639383990'),
	('mervalAccionesGeneralTestArena', 'botTest2', NULL, 'botMervalAccionesGeneralTest2Portfolio', 1, 1, 25, 1, 1, 0.10000000, 5, 0, 8, 0, 0, 0, '1639383990'),
	('mervalCedearsTestArena', 'botTest1', NULL, 'botMervalCedearsTest1Portfolio', 1, 1, 25, 1, 1, 0.10000000, 5, 0, 8, 0, 0, 0, '1639383990'),
	('mervalAccionesLideresTestArena', 'botTest1', NULL, 'botMervalAccionesLideresTest1Portfolio', 1, 1, 25, 1, 1, 0.10000000, 5, 0, 8, 0, 0, 0, '1639383990'),
	('mervalAccionesLideresTestArena', 'botTest2', NULL, 'botMervalAccionesLideresTest2Portfolio', 1, 1, 25, 1, 1, 0.10000000, 5, 0, 8, 0, 0, 0, '1639383990'),
	('mervalCedearsTestArena', 'botTest2', NULL, 'botMervalCedearsTest2Portfolio', 1, 1, 25, 1, 1, 0.10000000, 5, 0, 8, 0, 0, 0, '1639383990'),
	('nasdaq100TestArena', 'botTest1', NULL, 'botNasdaq100Test1Portfolio', 1, 1, 25, 1, 1, 0.10000000, 5, 0, 8, 0, 0, 0, '1639383990'),
	('nasdaq100TestArena', 'botTest2', NULL, 'botNasdaq100Test2Portfolio', 1, 1, 25, 1, 1, 0.10000000, 5, 0, 8, 0, 0, 0, '1639383990'),
	('snP100TestArena', 'botTest1', NULL, 'botSnP100Test1Portfolio', 1, 1, 25, 1, 1, 0.10000000, 5, 0, 8, 0, 0, 0, '1639383990'),
	('snP100TestArena', 'botTest2', NULL, 'botSnP100Test2Portfolio', 1, 1, 25, 1, 1, 0.10000000, 5, 0, 8, 0, 0, 0, '1639383990'),
	('yfForexUsdTestArena', 'botTest1', NULL, 'botYfForexUsdTest1Portfolio', 1, 1, 25, 1, 1, 0.10000000, 5, 0, 8, 0, 0, 0, '1639383990'),
	('yfForexUsdTestArena', 'botTest2', NULL, 'botYfForexUsdTest2Portfolio', 1, 1, 25, 1, 1, 0.10000000, 5, 0, 8, 0, 0, 0, '1639383990');
/*!40000 ALTER TABLE `markettrader` ENABLE KEYS */;

-- Volcando estructura para tabla horus_t.mathmarket
CREATE TABLE IF NOT EXISTS `mathmarket` (
  `marketId` varchar(50) DEFAULT NULL,
  `assetCount` int(11) DEFAULT NULL
) ENGINE=InnoDB DEFAULT CHARSET=utf8mb4;

-- Volcando datos para la tabla horus_t.mathmarket: ~1 rows (aproximadamente)
/*!40000 ALTER TABLE `mathmarket` DISABLE KEYS */;
INSERT INTO `mathmarket` (`marketId`, `assetCount`) VALUES
	('mathArenaMarket', 5);
/*!40000 ALTER TABLE `mathmarket` ENABLE KEYS */;

-- Volcando estructura para tabla horus_t.portfolio
CREATE TABLE IF NOT EXISTS `portfolio` (
  `portfolioId` varchar(50) DEFAULT NULL,
  `lastDepositQuantity` decimal(20,8) DEFAULT NULL,
  `lastDepositTime` int(11) DEFAULT NULL
) ENGINE=InnoDB DEFAULT CHARSET=utf8mb4;

-- Volcando datos para la tabla horus_t.portfolio: ~38 rows (aproximadamente)
/*!40000 ALTER TABLE `portfolio` DISABLE KEYS */;
INSERT INTO `portfolio` (`portfolioId`, `lastDepositQuantity`, `lastDepositTime`) VALUES
	('botMath1Portfolio', 100000.00000000, 1661464800),
	('botMath2Portfolio', 100000.00000000, 1661464800),
	('botMath3Portfolio', 100000.00000000, 1661464800),
	('botCryptosLive1Portfolio', 100000.00000000, 1661464800),
	('botCryptosLive2Portfolio', 100000.00000000, 1661464800),
	('botCryptosLive3Portfolio', 100000.00000000, 1661464800),
	('botMervalAccionesGeneralLive1Portfolio', 100000.00000000, 1661464800),
	('botMervalAccionesGeneralLive2Portfolio', 100000.00000000, 1661464800),
	('botMervalAccionesGeneralLive3Portfolio', 100000.00000000, 1661464800),
	('botMervalAccionesLideresLive1Portfolio', 100000.00000000, 1661464800),
	('botMervalAccionesLideresLive2Portfolio', 100000.00000000, 1661464800),
	('botMervalAccionesLideresLive3Portfolio', 100000.00000000, 1661464800),
	('botMervalCedearsLive1Portfolio', 100000.00000000, 1661464800),
	('botMervalCedearsLive2Portfolio', 100000.00000000, 1661464800),
	('botMervalCedearsLive3Portfolio', 100000.00000000, 1661464800),
	('botNasdaq100Live1Portfolio', 100000.00000000, 1661464800),
	('botNasdaq100Live2Portfolio', 100000.00000000, 1661464800),
	('botSnP100Live3Portfolio', 100000.00000000, 1661464800),
	('botSnP100Live1Portfolio', 100000.00000000, 1661464800),
	('botSnP100Live2Portfolio', 100000.00000000, 1661464800),
	('botNasdaq100Live3Portfolio', 100000.00000000, 1661464800),
	('botYfForexUsdLive1Portfolio', 100000.00000000, 1661464800),
	('botYfForexUsdLive2Portfolio', 100000.00000000, 1661464800),
	('botYfForexUsdLive3Portfolio', 100000.00000000, 1661464800),
	('botCryptosTest1Portfolio', 100000.00000000, 1661464800),
	('botCryptosTest1Portfolio', 100000.00000000, 1661464800),
	('botMervalAccionesGeneralTest1Portfolio', 100000.00000000, 1661464800),
	('botMervalAccionesGeneralTest2Portfolio', 100000.00000000, 1661464800),
	('botMervalCedearsTest1Portfolio', 100000.00000000, 1661464800),
	('botMervalAccionesLideresTest1Portfolio', 100000.00000000, 1661464800),
	('botMervalAccionesLideresTest2Portfolio', 100000.00000000, 1661464800),
	('botMervalCedearsTest2Portfolio', 100000.00000000, 1661464800),
	('botNasdaq100Test1Portfolio', 100000.00000000, 1661464800),
	('botNasdaq100Test2Portfolio', 100000.00000000, 1661464800),
	('botSnP100Test1Portfolio', 100000.00000000, 1661464800),
	('botSnP100Test2Portfolio', 100000.00000000, 1661464800),
	('botYfForexUsdTest1Portfolio', 100000.00000000, 1661464800),
	('botYfForexUsdTest2Portfolio', 100000.00000000, 1661464800);
/*!40000 ALTER TABLE `portfolio` ENABLE KEYS */;

-- Volcando estructura para tabla horus_t.portfolioasset
CREATE TABLE IF NOT EXISTS `portfolioasset` (
  `portfolioId` varchar(50) DEFAULT NULL,
  `assetId` varchar(50) DEFAULT NULL,
  `assetQuantity` int(11) DEFAULT NULL
) ENGINE=InnoDB DEFAULT CHARSET=utf8mb4;

-- Volcando datos para la tabla horus_t.portfolioasset: ~38 rows (aproximadamente)
/*!40000 ALTER TABLE `portfolioasset` DISABLE KEYS */;
INSERT INTO `portfolioasset` (`portfolioId`, `assetId`, `assetQuantity`) VALUES
	('botMath1Portfolio', 'USD', 100000),
	('botMath2Portfolio', 'USD', 100000),
	('botMath3Portfolio', 'USD', 100000),
	('botCryptosLive1Portfolio', 'USD', 100000),
	('botCryptosLive2Portfolio', 'USD', 100000),
	('botCryptosLive3Portfolio', 'USD', 100000),
	('botMervalAccionesGeneralLive1Portfolio', '$AR', 100000),
	('botMervalAccionesGeneralLive2Portfolio', '$AR', 100000),
	('botMervalAccionesGeneralLive3Portfolio', '$AR', 100000),
	('botMervalAccionesLideresLive1Portfolio', '$AR', 100000),
	('botMervalAccionesLideresLive2Portfolio', '$AR', 100000),
	('botMervalAccionesLideresLive3Portfolio', '$AR', 100000),
	('botMervalCedearsLive1Portfolio', '$AR', 100000),
	('botMervalCedearsLive2Portfolio', '$AR', 100000),
	('botMervalCedearsLive3Portfolio', '$AR', 100000),
	('botNasdaq100Live1Portfolio', 'USD', 100000),
	('botNasdaq100Live2Portfolio', 'USD', 100000),
	('botSnP100Live3Portfolio', 'USD', 100000),
	('botSnP100Live1Portfolio', 'USD', 100000),
	('botSnP100Live2Portfolio', 'USD', 100000),
	('botNasdaq100Live3Portfolio', 'USD', 100000),
	('botYfForexUsdLive1Portfolio', 'USD', 100000),
	('botYfForexUsdLive2Portfolio', 'USD', 100000),
	('botYfForexUsdLive3Portfolio', 'USD', 100000),
	('botCryptosTest1Portfolio', 'USD', 100000),
	('botCryptosTest1Portfolio', 'USD', 100000),
	('botMervalAccionesGeneralTest1Portfolio', '$AR', 100000),
	('botMervalAccionesGeneralTest2Portfolio', '$AR', 100000),
	('botMervalCedearsTest1Portfolio', '$AR', 100000),
	('botMervalAccionesLideresTest1Portfolio', '$AR', 100000),
	('botMervalAccionesLideresTest2Portfolio', '$AR', 100000),
	('botMervalCedearsTest2Portfolio', '$AR', 100000),
	('botNasdaq100Test1Portfolio', 'USD', 100000),
	('botNasdaq100Test2Portfolio', 'USD', 100000),
	('botSnP100Test1Portfolio', 'USD', 100000),
	('botSnP100Test2Portfolio', 'USD', 100000),
	('botYfForexUsdTest1Portfolio', 'USD', 100000),
	('botYfForexUsdTest2Portfolio', 'USD', 100000);
/*!40000 ALTER TABLE `portfolioasset` ENABLE KEYS */;

-- Volcando estructura para tabla horus_t.simmarketpoll
CREATE TABLE IF NOT EXISTS `simmarketpoll` (
  `marketPollId` varchar(50) DEFAULT NULL,
  `assetCount` int(11) DEFAULT NULL,
  `marketId` varchar(50) DEFAULT NULL
) ENGINE=InnoDB DEFAULT CHARSET=utf8mb4;

-- Volcando datos para la tabla horus_t.simmarketpoll: ~1 rows (aproximadamente)
/*!40000 ALTER TABLE `simmarketpoll` DISABLE KEYS */;
INSERT INTO `simmarketpoll` (`marketPollId`, `assetCount`, `marketId`) VALUES
	('mathMarketPoll', 5, 'mathMarket');
/*!40000 ALTER TABLE `simmarketpoll` ENABLE KEYS */;

-- Volcando estructura para tabla horus_t.yahoofinancemarket
CREATE TABLE IF NOT EXISTS `yahoofinancemarket` (
  `marketId` varchar(50) DEFAULT NULL,
  `pollerName` varchar(50) DEFAULT NULL,
  `lastBeatRead` varchar(50) DEFAULT NULL
) ENGINE=InnoDB DEFAULT CHARSET=utf8mb4;

-- Volcando datos para la tabla horus_t.yahoofinancemarket: ~7 rows (aproximadamente)
/*!40000 ALTER TABLE `yahoofinancemarket` DISABLE KEYS */;
INSERT INTO `yahoofinancemarket` (`marketId`, `pollerName`, `lastBeatRead`) VALUES
	('cryptosLiveArenaMarket', 'Cryptos', '-1'),
	('mervalAccionesGeneralLiveArenaMarket', 'MervalAccionesGeneral', '-1'),
	('mervalAccionesLideresLiveArenaMarket', 'MervalAccionesLideres', '-1'),
	('mervalCedearsLiveArenaMarket', 'MervalCedears', '-1'),
	('nasdaq100LiveArenaMarket', 'Nasdaq100', '-1'),
	('snP100LiveArenaMarket', 'SnP100', '-1'),
	('yfForexUsdLiveArenaMarket', 'YFFOREXUSD', '-1');
/*!40000 ALTER TABLE `yahoofinancemarket` ENABLE KEYS */;

-- Volcando estructura para tabla horus_t.yahoofinancemarketpoll
CREATE TABLE IF NOT EXISTS `yahoofinancemarketpoll` (
  `marketPollId` varchar(50) DEFAULT NULL,
  `pollerName` varchar(50) DEFAULT NULL
) ENGINE=InnoDB DEFAULT CHARSET=utf8mb4;

-- Volcando datos para la tabla horus_t.yahoofinancemarketpoll: ~7 rows (aproximadamente)
/*!40000 ALTER TABLE `yahoofinancemarketpoll` DISABLE KEYS */;
INSERT INTO `yahoofinancemarketpoll` (`marketPollId`, `pollerName`) VALUES
	('cryptosPoll', 'Cryptos'),
	('mervalAccionesGeneralPoll', 'MervalAccionesGeneral'),
	('mervalAccionesLideresPoll', 'MervalAccionesLideres'),
	('mervalCedearsPoll', 'MervalCedears'),
	('nasdaq100LiveArenaPoll', 'Nasdaq100'),
	('snP100LiveArenaPoll', 'SnP100'),
	('yfForexUsdLiveArenaPoll', 'YFFOREXUSD');
/*!40000 ALTER TABLE `yahoofinancemarketpoll` ENABLE KEYS */;

-- Volcando estructura para tabla horus_t.yahoofinancetestmarket
CREATE TABLE IF NOT EXISTS `yahoofinancetestmarket` (
  `marketId` varchar(50) DEFAULT NULL,
  `pollerName` varchar(50) DEFAULT NULL
) ENGINE=InnoDB DEFAULT CHARSET=utf8mb4;

-- Volcando datos para la tabla horus_t.yahoofinancetestmarket: ~7 rows (aproximadamente)
/*!40000 ALTER TABLE `yahoofinancetestmarket` DISABLE KEYS */;
INSERT INTO `yahoofinancetestmarket` (`marketId`, `pollerName`) VALUES
	('cryptosTestArenaMarket', 'Cryptos'),
	('mervalAccionesGeneralTestArenaMarket', 'MervalAccionesGeneral'),
	('mervalAccionesLideresTestArenaMarket', 'MervalAccionesLideres'),
	('mervalCedearsTestArenaMarket', 'MervalCedears'),
	('nasdaq100TestArenaMarket', 'Nasdaq100'),
	('snP100TestArenaMarket', 'SnP100'),
	('yfForexUsdTestArenaMarket', 'YFFOREXUSD');
/*!40000 ALTER TABLE `yahoofinancetestmarket` ENABLE KEYS */;

/*!40101 SET SQL_MODE=IFNULL(@OLD_SQL_MODE, '') */;
/*!40014 SET FOREIGN_KEY_CHECKS=IFNULL(@OLD_FOREIGN_KEY_CHECKS, 1) */;
/*!40101 SET CHARACTER_SET_CLIENT=@OLD_CHARACTER_SET_CLIENT */;
/*!40111 SET SQL_NOTES=IFNULL(@OLD_SQL_NOTES, 1) */;
